entity_head	relation	entity_tail
0	0	1446
0	0	1447
0	1	1448
0	2	1449
0	2	1450
0	2	1451
0	2	1452
0	2	1453
0	2	1454
0	2	1455
0	4	1456
0	4	1457
0	4	1458
0	4	1459
0	4	1460
0	4	1461
0	4	1462
0	4	1463
0	4	1464
0	4	1465
0	4	1466
0	4	1467
0	4	1468
0	4	1469
0	4	1470
0	4	1471
0	4	1472
0	4	1473
0	4	1474
0	4	1475
0	4	1476
0	4	1477
0	4	1478
0	4	1479
0	4	1480
0	4	1481
0	4	1482
0	4	1483
0	4	1484
0	4	1485
0	4	1486
0	4	1487
0	4	1488
0	4	1489
0	4	1490
0	4	1491
0	4	1492
0	4	1493
0	4	1494
0	4	1495
0	4	1496
0	5	1497
0	5	1498
0	5	1499
0	5	1500
0	5	1501
0	5	1502
0	5	1503
0	5	1504
0	5	1505
0	6	1506
1	0	1507
1	0	1508
1	1	1509
1	1	1510
1	2	1511
1	2	1512
1	2	1513
1	3	1514
1	4	1515
1	4	1516
1	4	1517
1	4	1518
1	4	1519
1	4	1520
1	4	1521
1	4	1522
1	4	1523
1	4	1524
1	4	1525
1	4	1526
1	4	1527
1	4	1528
1	4	1529
1	4	1530
1	4	1531
1	4	1532
1	4	1533
1	4	1534
1	4	1535
1	4	1536
1	4	1537
1	4	1538
1	4	1539
1	4	1540
1	4	1541
1	4	1542
1	4	1543
1	4	1544
1	4	1545
1	4	1546
1	4	1547
1	4	1548
1	4	1549
1	4	1550
1	4	1551
1	4	1552
1	4	1553
1	4	1554
1	4	1555
1	4	1556
1	4	1557
1	4	1558
1	4	1559
1	4	1560
1	4	1561
1	4	1562
1	4	1563
1	4	1564
1	5	1565
1	5	1566
1	5	1567
1	5	1568
1	5	1569
1	6	1570
2	0	1571
2	1	1572
2	2	1573
2	2	1574
2	2	1575
2	2	1576
2	3	1577
2	3	1578
2	3	1579
2	4	1580
2	4	1581
2	4	1582
2	4	1583
2	4	1584
2	4	1585
2	4	1586
2	4	1587
2	4	1588
2	4	1589
2	4	1590
2	4	1591
2	4	1592
2	4	1593
2	4	1594
2	4	1595
2	4	1596
2	4	1597
2	4	1598
2	4	1599
2	4	1600
2	4	1601
2	4	1602
2	4	1603
2	4	1604
2	4	1605
2	5	1606
2	5	1607
2	5	1608
2	5	1609
2	5	1610
2	5	1611
2	5	1612
2	5	1613
2	5	1614
2	5	1615
2	5	1616
2	5	1617
2	6	1618
2	6	1619
2	6	1620
2	6	1621
3	0	1622
3	0	1623
3	0	1624
3	1	1625
3	2	1626
3	3	1627
3	4	1628
3	4	1629
3	4	1630
3	4	1631
3	4	1632
3	4	1633
3	4	1634
3	4	1635
3	4	1636
3	4	1637
3	4	1638
3	4	1639
3	4	1640
3	4	1641
3	4	1642
3	4	1643
3	4	1644
3	4	1645
3	4	1646
3	4	1647
3	5	1648
3	5	1649
3	5	1650
3	5	1651
3	5	1652
3	5	1653
3	5	1654
3	6	1655
4	0	1656
4	0	1657
4	1	1658
4	2	1659
4	3	1660
4	4	1661
4	4	1662
4	4	1663
4	4	1664
4	4	1665
4	4	1666
4	4	1667
4	4	1668
4	4	1669
4	4	1670
4	4	1671
4	4	1672
4	4	1673
4	4	1674
4	4	1675
4	4	1676
4	4	1677
4	4	1678
4	4	1679
4	4	1680
4	4	1681
4	4	1682
4	5	1683
4	5	1684
4	5	1685
4	5	1686
4	5	1687
4	5	1688
4	5	1689
4	5	1690
4	6	1691
5	0	1692
5	0	1693
5	0	1694
5	1	1695
5	2	1696
5	3	1697
5	4	1698
5	4	1699
5	4	1700
5	4	1701
5	4	1702
5	4	1703
5	4	1704
5	4	1705
5	4	1706
5	4	1707
5	5	1708
5	5	1709
5	5	1710
5	5	1711
5	6	1712
6	0	1713
6	1	1714
6	2	1715
6	2	1716
6	3	1717
6	4	1718
6	4	1719
6	4	1720
6	4	1721
6	4	1722
6	4	1723
6	4	1724
6	4	1725
6	4	1726
6	4	1727
6	4	1728
6	4	1729
6	4	1730
6	4	1731
6	4	1732
6	4	1733
6	4	1734
6	4	1735
6	4	1736
6	4	1737
6	4	1738
6	4	1739
6	4	1740
6	4	1741
6	4	1742
6	4	1743
6	4	1744
6	4	1745
6	4	1746
6	4	1747
6	4	1748
6	4	1749
6	4	1750
6	5	1751
6	5	1752
6	5	1753
6	5	1754
6	6	1755
7	0	1756
7	0	1757
7	0	1758
7	1	1759
7	2	1760
7	2	1761
7	3	1762
7	4	1763
7	4	1764
7	4	1765
7	4	1766
7	4	1767
7	4	1768
7	4	1769
7	4	1770
7	4	1771
7	4	1772
7	4	1773
7	4	1774
7	4	1775
7	4	1776
7	4	1777
7	4	1778
7	4	1779
7	4	1780
7	4	1781
7	4	1782
7	4	1783
7	4	1784
7	4	1785
7	4	1786
7	4	1787
7	4	1788
7	4	1789
7	4	1790
7	4	1791
7	4	1792
7	4	1793
7	4	1794
7	4	1795
7	4	1796
7	4	1797
7	4	1798
7	4	1799
7	5	1800
7	5	1801
7	6	1802
8	0	1803
8	0	1804
8	1	1805
8	2	1806
8	3	1807
8	4	1808
8	4	1809
8	4	1810
8	4	1811
8	4	1812
8	4	1813
8	4	1814
8	4	1815
8	4	1816
8	4	1817
8	4	1818
8	4	1819
8	4	1820
8	4	1821
8	4	1822
8	4	1823
8	4	1824
8	4	1825
8	5	1826
8	5	1827
8	5	1828
8	5	1829
8	5	1830
8	5	1831
8	6	1832
9	0	1833
9	0	1834
9	1	1835
9	2	1836
9	2	1837
9	3	1838
9	4	1839
9	4	1840
9	4	1841
9	4	1842
9	4	1843
9	4	1844
9	4	1845
9	4	1846
9	4	1847
9	4	1848
9	4	1849
9	4	1850
9	4	1851
9	4	1852
9	4	1853
9	4	1854
9	5	1855
9	5	1856
9	5	1857
9	5	1858
9	5	1859
9	5	1860
9	5	1861
9	5	1862
9	6	1863
10	1	1864
10	2	1865
10	3	1866
10	4	1867
10	4	1868
10	4	1869
10	4	1870
10	4	1871
10	4	1872
10	4	1873
10	4	1874
10	4	1875
10	4	1876
10	4	1877
10	4	1878
10	4	1879
10	4	1880
10	4	1881
10	4	1882
10	4	1883
10	4	1884
10	4	1885
10	4	1886
10	4	1887
10	4	1888
10	4	1889
10	4	1890
10	4	1891
10	4	1892
10	4	1893
10	4	1894
10	6	1895
11	4	1896
11	4	1897
11	4	1898
11	4	1899
11	4	1900
11	4	1901
11	4	1902
11	4	1903
11	4	1904
11	4	1905
11	4	1906
11	4	1907
11	4	1908
11	4	1909
11	4	1910
11	4	1911
11	4	1912
11	4	1913
11	4	1914
11	4	1915
11	4	1916
11	4	1917
11	4	1918
11	4	1919
11	4	1920
11	4	1921
11	4	1922
11	4	1923
11	4	1924
11	4	1925
11	4	1926
11	4	1927
11	4	1928
11	4	1929
11	4	1930
11	4	1931
12	1	1932
12	2	1933
12	3	1934
12	4	1935
12	4	1936
12	4	1937
12	4	1938
12	4	1939
12	4	1940
12	4	1941
12	4	1942
12	4	1943
12	4	1944
12	4	1945
12	4	1946
12	4	1947
12	4	1948
12	4	1949
12	4	1950
12	4	1951
12	4	1952
12	4	1953
12	4	1954
12	5	1955
12	5	1956
12	5	1957
12	5	1958
12	5	1959
12	5	1960
12	5	1961
12	5	1962
12	5	1963
12	5	1964
12	6	1965
13	4	1966
13	4	1967
13	4	1968
13	4	1969
13	4	1970
13	4	1971
13	4	1972
13	4	1973
13	4	1974
13	4	1975
13	4	1976
13	4	1977
13	4	1978
13	4	1979
13	4	1980
13	4	1981
13	4	1982
13	4	1983
13	4	1984
13	4	1985
13	4	1986
13	4	1987
13	4	1988
13	4	1989
13	4	1990
14	0	1991
14	0	1992
14	0	1993
14	0	1994
14	1	1995
14	2	1996
14	3	1997
14	4	1998
14	4	1999
14	4	2000
14	4	2001
14	4	2002
14	4	2003
14	4	2004
14	4	2005
14	4	2006
14	4	2007
14	4	2008
14	4	2009
14	4	2010
14	4	2011
14	4	2012
14	4	2013
14	4	2014
14	4	2015
14	4	2016
14	4	2017
14	4	2018
14	4	2019
14	5	2020
14	5	2021
14	5	2022
14	5	2023
14	6	2024
15	0	2025
15	1	2026
15	2	2027
15	3	2028
15	4	2029
15	4	2030
15	4	2031
15	4	2032
15	4	2033
15	4	2034
15	4	2035
15	4	2036
15	4	2037
15	4	2038
15	4	2039
15	4	2040
15	5	2041
15	5	2042
15	5	2043
15	6	2044
16	0	2045
16	0	2046
16	1	2047
16	2	2048
16	2	2049
16	3	2050
16	4	2051
16	4	2052
16	4	2053
16	4	2054
16	4	2055
16	4	2056
16	4	2057
16	4	2058
16	4	2059
16	4	2060
16	4	2061
16	4	2062
16	4	2063
16	4	2064
16	4	2065
16	4	2066
16	4	2067
16	4	2068
16	4	2069
16	4	2070
16	4	2071
16	4	2072
16	4	2073
16	4	2074
16	4	2075
16	4	2076
16	4	2077
16	4	2078
16	4	2079
16	4	2080
16	4	2081
16	4	2082
16	4	2083
16	4	2084
16	4	2085
16	4	2086
16	5	2087
16	5	2088
16	5	2089
16	5	2090
16	5	2091
16	6	2092
17	0	2093
17	1	2094
17	2	2095
17	3	2096
17	4	2097
17	4	2098
17	4	2099
17	4	2100
17	4	2101
17	4	2102
17	4	2103
17	4	2104
17	4	2105
17	4	2106
17	4	2107
17	5	2108
17	5	2109
17	5	2110
17	6	2111
18	0	2112
18	0	2113
18	1	2114
18	2	2115
18	4	2116
18	4	2117
18	4	2118
18	4	2119
18	4	2120
18	4	2121
18	4	2122
18	4	2123
18	4	2124
18	4	2125
18	4	2126
18	4	2127
18	4	2128
18	4	2129
18	5	2130
18	5	2131
18	5	2132
18	6	2133
19	1	2134
19	2	2135
19	4	2136
19	4	2137
19	4	2138
19	4	2139
19	4	2140
19	4	2141
19	4	2142
19	4	2143
19	4	2144
19	4	2145
19	4	2146
19	4	2147
19	4	2148
19	4	2149
19	4	2150
19	4	2151
19	4	2152
19	5	2153
19	5	2154
19	5	2155
19	6	2156
20	0	2157
20	1	2158
20	2	2159
20	2	2160
20	2	2161
20	4	2162
20	4	2163
20	4	2164
20	4	2165
20	4	2166
20	4	2167
20	4	2168
20	4	2169
20	4	2170
20	4	2171
20	4	2172
20	4	2173
20	4	2174
20	4	2175
20	4	2176
20	4	2177
20	4	2178
20	4	2179
20	4	2180
20	4	2181
20	4	2182
20	4	2183
20	4	2184
20	5	2185
20	5	2186
20	5	2187
20	5	2188
20	5	2189
20	5	2190
20	6	2191
21	0	2192
21	0	2193
21	0	2194
21	1	2195
21	1	2196
21	2	2197
21	3	2198
21	4	2199
21	4	2200
21	4	2201
21	4	2202
21	4	2203
21	4	2204
21	4	2205
21	4	2206
21	4	2207
21	4	2208
21	4	2209
21	4	2210
21	4	2211
21	4	2212
21	4	2213
21	4	2214
21	4	2215
21	4	2216
21	4	2217
21	4	2218
21	4	2219
21	4	2220
21	4	2221
21	4	2222
21	4	2223
21	4	2224
21	4	2225
21	4	2226
21	4	2227
21	4	2228
21	4	2229
21	4	2230
21	4	2231
21	4	2232
21	4	2233
21	4	2234
21	4	2235
21	4	2236
21	4	2237
21	4	2238
21	4	2239
21	4	2240
21	4	2241
21	4	2242
21	4	2243
21	4	2244
21	4	2245
21	4	2246
21	4	2247
21	5	2248
21	5	2249
21	5	2250
21	5	2251
21	5	2252
21	6	2253
22	0	2254
22	0	2255
22	1	2256
22	2	2257
22	3	2258
22	4	2259
22	4	2260
22	4	2261
22	4	2262
22	4	2263
22	4	2264
22	4	2265
22	4	2266
22	4	2267
22	4	2268
22	4	2269
22	4	2270
22	4	2271
22	4	2272
22	4	2273
22	4	2274
22	4	2275
22	4	2276
22	4	2277
22	4	2278
22	4	2279
22	4	2280
22	4	2281
22	4	2282
22	4	2283
22	4	2284
22	4	2285
22	4	2286
22	4	2287
22	4	2288
22	4	2289
22	4	2290
22	4	2291
22	4	2292
22	4	2293
22	4	2294
22	5	2295
22	5	2296
22	5	2297
22	5	2298
22	5	2299
22	5	2300
22	5	2301
22	6	2302
23	1	2303
23	3	2304
23	4	2305
23	4	2306
23	4	2307
23	4	2308
23	4	2309
23	4	2310
23	4	2311
23	4	2312
23	4	2313
23	4	2314
23	4	2315
23	4	2316
23	4	2317
23	4	2318
23	4	2319
23	4	2320
23	4	2321
23	4	2322
23	4	2323
23	4	2324
23	4	2325
23	4	2326
23	5	2327
23	5	2328
23	5	2329
23	6	2330
24	0	2331
24	1	2332
24	2	2333
24	3	2334
24	4	2335
24	4	2336
24	4	2337
24	4	2338
24	4	2339
24	4	2340
24	4	2341
24	4	2342
24	4	2343
24	4	2344
24	4	2345
24	4	2346
24	4	2347
24	4	2348
24	4	2349
24	4	2350
24	4	2351
24	4	2352
24	4	2353
24	4	2354
24	4	2355
24	4	2356
24	4	2357
24	5	2358
24	5	2359
24	5	2360
24	5	2361
24	6	2362
25	0	2363
25	1	2364
25	2	2365
25	4	2366
25	4	2367
25	4	2368
25	4	2369
25	4	2370
25	4	2371
25	4	2372
25	4	2373
25	4	2374
25	4	2375
25	4	2376
25	4	2377
25	4	2378
25	4	2379
25	4	2380
25	4	2381
25	5	2382
25	5	2383
25	5	2384
25	5	2385
25	5	2386
25	5	2387
25	6	2388
26	0	2389
26	0	2390
26	1	2391
26	2	2392
26	2	2393
26	2	2394
26	3	2395
26	4	2396
26	4	2397
26	4	2398
26	4	2399
26	4	2400
26	4	2401
26	4	2402
26	4	2403
26	4	2404
26	4	2405
26	4	2406
26	4	2407
26	4	2408
26	4	2409
26	4	2410
26	4	2411
26	4	2412
26	4	2413
26	4	2414
26	4	2415
26	4	2416
26	4	2417
26	4	2418
26	4	2419
26	4	2420
26	4	2421
26	4	2422
26	4	2423
26	4	2424
26	4	2425
26	4	2426
26	4	2427
26	4	2428
26	4	2429
26	5	2430
26	5	2431
26	5	2432
26	5	2433
26	5	2434
26	5	2435
26	6	2436
27	0	2437
27	1	2438
27	2	2439
27	2	2440
27	2	2441
27	3	2442
27	4	2443
27	4	2444
27	4	2445
27	4	2446
27	4	2447
27	4	2448
27	4	2449
27	4	2450
27	4	2451
27	4	2452
27	4	2453
27	4	2454
27	4	2455
27	4	2456
27	4	2457
27	4	2458
27	4	2459
27	4	2460
27	4	2461
27	4	2462
27	4	2463
27	4	2464
27	4	2465
27	4	2466
27	4	2467
27	4	2468
27	4	2469
27	4	2470
27	4	2471
27	4	2472
27	4	2473
27	4	2474
27	4	2475
27	4	2476
27	4	2477
27	4	2478
27	4	2479
27	4	2480
27	5	2481
27	5	2482
27	5	2483
27	5	2484
27	5	2485
27	5	2486
27	6	2487
28	0	2488
28	0	2489
28	1	2490
28	2	2491
28	3	2492
28	4	2493
28	4	2494
28	4	2495
28	4	2496
28	4	2497
28	4	2498
28	4	2499
28	4	2500
28	4	2501
28	4	2502
28	4	2503
28	4	2504
28	4	2505
28	4	2506
28	4	2507
28	4	2508
28	4	2509
28	4	2510
28	4	2511
28	4	2512
28	4	2513
28	4	2514
28	4	2515
28	4	2516
28	4	2517
28	4	2518
28	4	2519
28	5	2520
28	5	2521
28	5	2522
28	5	2523
28	5	2524
28	5	2525
28	5	2526
28	6	2527
29	0	2528
29	2	2529
29	2	2530
29	3	2531
29	4	2532
29	4	2533
29	4	2534
29	4	2535
29	4	2536
29	4	2537
29	4	2538
29	4	2539
29	4	2540
29	4	2541
29	4	2542
29	4	2543
29	4	2544
29	4	2545
29	4	2546
29	4	2547
29	4	2548
29	4	2549
29	4	2550
29	4	2551
29	4	2552
29	4	2553
29	4	2554
29	4	2555
29	4	2556
29	4	2557
29	4	2558
29	5	2559
29	5	2560
29	5	2561
29	5	2562
29	6	2563
30	0	2564
30	0	2565
30	1	2566
30	2	2567
30	2	2568
30	3	2569
30	4	2570
30	4	2571
30	4	2572
30	4	2573
30	4	2574
30	4	2575
30	4	2576
30	4	2577
30	4	2578
30	4	2579
30	4	2580
30	4	2581
30	4	2582
30	4	2583
30	4	2584
30	4	2585
30	4	2586
30	4	2587
30	4	2588
30	4	2589
30	4	2590
30	5	2591
30	5	2592
30	5	2593
30	5	2594
30	5	2595
30	5	2596
30	6	2597
31	0	2598
31	0	2599
31	1	2600
31	3	2601
31	4	2602
31	4	2603
31	4	2604
31	4	2605
31	4	2606
31	4	2607
31	4	2608
31	4	2609
31	4	2610
31	4	2611
31	4	2612
31	4	2613
31	4	2614
31	4	2615
31	5	2616
31	5	2617
31	5	2618
31	5	2619
31	6	2620
32	0	2621
32	1	2622
32	2	2623
32	3	2624
32	4	2625
32	4	2626
32	4	2627
32	4	2628
32	4	2629
32	4	2630
32	4	2631
32	4	2632
32	4	2633
32	4	2634
32	4	2635
32	4	2636
32	4	2637
32	4	2638
32	4	2639
32	4	2640
32	4	2641
32	4	2642
32	4	2643
32	4	2644
32	4	2645
32	4	2646
32	4	2647
32	5	2648
32	5	2649
32	5	2650
32	5	2651
32	5	2652
32	5	2653
32	6	2654
33	0	2655
33	0	2656
33	1	2657
33	2	2658
33	4	2659
33	4	2660
33	4	2661
33	4	2662
33	4	2663
33	4	2664
33	4	2665
33	4	2666
33	4	2667
33	4	2668
33	4	2669
33	4	2670
33	4	2671
33	4	2672
33	4	2673
33	4	2674
33	4	2675
33	4	2676
33	4	2677
33	4	2678
33	4	2679
33	4	2680
33	4	2681
33	4	2682
33	4	2683
33	4	2684
33	4	2685
33	4	2686
33	4	2687
33	4	2688
33	4	2689
33	4	2690
33	4	2691
33	4	2692
33	4	2693
33	4	2694
33	4	2695
33	4	2696
33	4	2697
33	4	2698
33	4	2699
33	5	2700
33	5	2701
33	5	2702
33	6	2703
34	0	2704
34	1	2705
34	2	2706
34	3	2707
34	4	2708
34	4	2709
34	4	2710
34	4	2711
34	4	2712
34	4	2713
34	4	2714
34	4	2715
34	4	2716
34	4	2717
34	4	2718
34	4	2719
34	4	2720
34	4	2721
34	4	2722
34	4	2723
34	4	2724
34	4	2725
34	4	2726
34	4	2727
34	4	2728
34	4	2729
34	4	2730
34	4	2731
34	4	2732
34	4	2733
34	4	2734
34	4	2735
34	4	2736
34	4	2737
34	4	2738
34	4	2739
34	4	2740
34	4	2741
34	4	2742
34	4	2743
34	4	2744
34	4	2745
34	4	2746
34	4	2747
34	4	2748
34	4	2749
34	4	2750
34	4	2751
34	4	2752
34	4	2753
34	4	2754
34	4	2755
34	4	2756
34	5	2757
34	5	2758
34	5	2759
34	5	2760
34	5	2761
34	5	2762
34	6	2763
35	0	2764
35	0	2765
35	1	2766
35	2	2767
35	4	2768
35	4	2769
35	4	2770
35	4	2771
35	4	2772
35	4	2773
35	4	2774
35	4	2775
35	4	2776
35	4	2777
35	4	2778
35	4	2779
35	4	2780
35	4	2781
35	4	2782
35	4	2783
35	4	2784
35	4	2785
35	4	2786
35	4	2787
35	4	2788
35	4	2789
35	4	2790
35	5	2791
35	5	2792
35	5	2793
35	6	2794
36	0	2795
36	0	2796
36	1	2797
36	2	2798
36	3	2799
36	4	2800
36	4	2801
36	4	2802
36	4	2803
36	4	2804
36	4	2805
36	4	2806
36	4	2807
36	4	2808
36	5	2809
36	5	2810
36	5	2811
36	5	2812
36	5	2813
36	5	2814
36	5	2815
36	6	2816
37	0	2817
37	1	2818
37	2	2819
37	3	2820
37	4	2821
37	4	2822
37	4	2823
37	4	2824
37	4	2825
37	4	2826
37	4	2827
37	4	2828
37	4	2829
37	4	2830
37	4	2831
37	4	2832
37	4	2833
37	4	2834
37	4	2835
37	4	2836
37	4	2837
37	4	2838
37	4	2839
37	4	2840
37	4	2841
37	4	2842
37	4	2843
37	4	2844
37	4	2845
37	4	2846
37	4	2847
37	4	2848
37	4	2849
37	4	2850
37	5	2851
37	5	2852
37	5	2853
37	6	2854
38	0	2855
38	1	2856
38	4	2857
38	4	2858
38	4	2859
38	4	2860
38	4	2861
38	4	2862
38	4	2863
38	4	2864
38	4	2865
38	4	2866
38	4	2867
38	4	2868
38	4	2869
38	4	2870
38	5	2871
38	5	2872
38	5	2873
38	5	2874
38	5	2875
38	5	2876
38	6	2877
39	0	2878
39	0	2879
39	1	2880
39	2	2881
39	3	2882
39	4	2883
39	4	2884
39	4	2885
39	4	2886
39	4	2887
39	4	2888
39	4	2889
39	4	2890
39	4	2891
39	4	2892
39	4	2893
39	4	2894
39	4	2895
39	4	2896
39	4	2897
39	4	2898
39	4	2899
39	4	2900
39	4	2901
39	4	2902
39	4	2903
39	4	2904
39	4	2905
39	4	2906
39	4	2907
39	4	2908
39	4	2909
39	4	2910
39	4	2911
39	4	2912
39	4	2913
39	4	2914
39	4	2915
39	5	2916
39	5	2917
39	5	2918
39	5	2919
39	5	2920
39	6	2921
40	1	2922
40	2	2923
40	3	2924
40	4	2925
40	4	2926
40	4	2927
40	4	2928
40	4	2929
40	4	2930
40	4	2931
40	4	2932
40	4	2933
40	4	2934
40	4	2935
40	4	2936
40	4	2937
40	4	2938
40	4	2939
40	4	2940
40	4	2941
40	4	2942
40	4	2943
40	4	2944
40	4	2945
40	4	2946
40	4	2947
40	4	2948
40	4	2949
40	4	2950
40	4	2951
40	4	2952
40	4	2953
40	4	2954
40	5	2955
40	5	2956
40	5	2957
40	5	2958
40	5	2959
40	6	2960
41	0	2961
41	1	2962
41	2	2963
41	2	2964
41	2	2965
41	3	2966
41	4	2967
41	4	2968
41	4	2969
41	4	2970
41	4	2971
41	4	2972
41	4	2973
41	4	2974
41	4	2975
41	4	2976
41	4	2977
41	4	2978
41	4	2979
41	4	2980
41	4	2981
41	5	2982
41	5	2983
41	5	2984
41	5	2985
41	5	2986
41	5	2987
41	5	2988
41	6	2989
42	0	2990
42	0	2991
42	1	2992
42	2	2993
42	3	2994
42	4	2995
42	4	2996
42	4	2997
42	4	2998
42	4	2999
42	4	3000
42	4	3001
42	4	3002
42	4	3003
42	4	3004
42	4	3005
42	4	3006
42	4	3007
42	4	3008
42	4	3009
42	4	3010
42	4	3011
42	4	3012
42	4	3013
42	4	3014
42	4	3015
42	4	3016
42	4	3017
42	4	3018
42	4	3019
42	5	3020
42	5	3021
42	5	3022
42	5	3023
42	5	3024
42	6	3025
43	0	3026
43	0	3027
43	1	3028
43	2	3029
43	3	3030
43	4	3031
43	4	3032
43	4	3033
43	4	3034
43	4	3035
43	4	3036
43	4	3037
43	4	3038
43	4	3039
43	4	3040
43	4	3041
43	4	3042
43	4	3043
43	4	3044
43	4	3045
43	4	3046
43	4	3047
43	4	3048
43	4	3049
43	4	3050
43	4	3051
43	4	3052
43	4	3053
43	4	3054
43	4	3055
43	4	3056
43	4	3057
43	4	3058
43	4	3059
43	4	3060
43	4	3061
43	4	3062
43	4	3063
43	4	3064
43	4	3065
43	5	3066
43	5	3067
43	5	3068
43	5	3069
43	5	3070
43	5	3071
43	6	3072
44	0	3073
44	0	3074
44	0	3075
44	1	3076
44	2	3077
44	2	3078
44	3	3079
44	4	3080
44	4	3081
44	4	3082
44	4	3083
44	4	3084
44	4	3085
44	4	3086
44	4	3087
44	4	3088
44	4	3089
44	4	3090
44	4	3091
44	4	3092
44	4	3093
44	4	3094
44	4	3095
44	5	3096
44	5	3097
44	6	3098
45	0	3099
45	1	3100
45	2	3101
45	2	3102
45	3	3103
45	4	3104
45	4	3105
45	4	3106
45	4	3107
45	4	3108
45	4	3109
45	4	3110
45	4	3111
45	4	3112
45	4	3113
45	4	3114
45	4	3115
45	4	3116
45	4	3117
45	4	3118
45	5	3119
45	5	3120
45	5	3121
45	5	3122
45	6	3123
46	0	3124
46	1	3125
46	2	3126
46	3	3127
46	4	3128
46	4	3129
46	4	3130
46	4	3131
46	4	3132
46	4	3133
46	4	3134
46	4	3135
46	4	3136
46	4	3137
46	4	3138
46	4	3139
46	4	3140
46	4	3141
46	4	3142
46	4	3143
46	4	3144
46	4	3145
46	4	3146
46	4	3147
46	4	3148
46	4	3149
46	4	3150
46	4	3151
46	4	3152
46	4	3153
46	4	3154
46	4	3155
46	4	3156
46	4	3157
46	4	3158
46	4	3159
46	4	3160
46	4	3161
46	4	3162
46	4	3163
46	4	3164
46	4	3165
46	5	3166
46	5	3167
46	5	3168
46	5	3169
46	5	3170
46	6	3171
47	1	3172
47	3	3173
47	4	3174
47	4	3175
47	4	3176
47	4	3177
47	4	3178
47	4	3179
47	4	3180
47	4	3181
47	4	3182
47	4	3183
47	4	3184
47	4	3185
47	4	3186
47	4	3187
47	4	3188
47	4	3189
47	4	3190
47	4	3191
47	4	3192
47	4	3193
47	4	3194
47	4	3195
47	4	3196
47	4	3197
47	4	3198
47	4	3199
47	4	3200
47	4	3201
47	4	3202
47	5	3203
47	5	3204
47	5	3205
47	5	3206
47	5	3207
47	6	3208
48	0	3209
48	2	3210
48	3	3211
48	4	3212
48	4	3213
48	4	3214
48	4	3215
48	4	3216
48	4	3217
48	4	3218
48	4	3219
48	4	3220
48	4	3221
48	4	3222
48	4	3223
48	4	3224
48	4	3225
48	4	3226
48	4	3227
48	4	3228
48	4	3229
48	4	3230
48	4	3231
48	4	3232
48	4	3233
48	4	3234
48	4	3235
48	4	3236
48	4	3237
48	4	3238
48	4	3239
48	4	3240
48	4	3241
48	5	3242
48	5	3243
48	5	3244
48	5	3245
48	5	3246
48	5	3247
48	6	3248
49	4	3249
49	4	3250
49	4	3251
49	4	3252
49	4	3253
49	4	3254
49	4	3255
49	4	3256
49	4	3257
49	4	3258
49	4	3259
49	4	3260
49	4	3261
49	4	3262
49	4	3263
49	4	3264
49	4	3265
49	4	3266
49	4	3267
49	4	3268
49	4	3269
49	4	3270
49	4	3271
49	4	3272
49	4	3273
49	4	3274
49	4	3275
49	4	3276
49	4	3277
49	4	3278
49	4	3279
49	4	3280
49	4	3281
49	4	3282
49	4	3283
49	4	3284
49	4	3285
49	4	3286
49	4	3287
49	4	3288
50	0	3289
50	0	3290
50	0	3291
50	1	3292
50	2	3293
50	2	3294
50	3	3295
50	4	3296
50	4	3297
50	4	3298
50	4	3299
50	4	3300
50	4	3301
50	4	3302
50	4	3303
50	4	3304
50	4	3305
50	4	3306
50	4	3307
50	4	3308
50	4	3309
50	4	3310
50	4	3311
50	4	3312
50	4	3313
50	4	3314
50	4	3315
50	4	3316
50	4	3317
50	4	3318
50	4	3319
50	4	3320
50	4	3321
50	4	3322
50	4	3323
50	4	3324
50	4	3325
50	5	3326
50	5	3327
50	5	3328
50	5	3329
50	5	3330
50	5	3331
50	5	3332
50	6	3333
51	0	3334
51	1	3335
51	2	3336
51	3	3337
51	4	3338
51	4	3339
51	4	3340
51	4	3341
51	4	3342
51	4	3343
51	4	3344
51	4	3345
51	4	3346
51	4	3347
51	4	3348
51	4	3349
51	4	3350
51	4	3351
51	4	3352
51	4	3353
51	4	3354
51	4	3355
51	4	3356
51	4	3357
51	4	3358
51	4	3359
51	4	3360
51	4	3361
51	4	3362
51	4	3363
51	4	3364
51	4	3365
51	4	3366
51	4	3367
51	4	3368
51	5	3369
51	5	3370
51	5	3371
51	5	3372
51	6	3373
52	0	3374
52	1	3375
52	2	3376
52	2	3377
52	3	3378
52	4	3379
52	4	3380
52	4	3381
52	4	3382
52	4	3383
52	4	3384
52	4	3385
52	4	3386
52	4	3387
52	4	3388
52	4	3389
52	4	3390
52	4	3391
52	4	3392
52	4	3393
52	4	3394
52	4	3395
52	4	3396
52	4	3397
52	4	3398
52	4	3399
52	4	3400
52	4	3401
52	4	3402
52	4	3403
52	4	3404
52	4	3405
52	4	3406
52	4	3407
52	4	3408
52	4	3409
52	4	3410
52	4	3411
52	4	3412
52	4	3413
52	4	3414
52	4	3415
52	4	3416
52	5	3417
52	5	3418
52	5	3419
52	5	3420
52	5	3421
52	5	3422
52	5	3423
52	5	3424
52	5	3425
52	5	3426
52	5	3427
52	5	3428
52	6	3429
53	4	3430
53	4	3431
53	4	3432
53	4	3433
53	4	3434
53	4	3435
53	4	3436
53	4	3437
53	4	3438
53	4	3439
53	4	3440
53	4	3441
53	4	3442
53	4	3443
53	4	3444
53	4	3445
53	4	3446
53	4	3447
53	4	3448
53	4	3449
53	4	3450
53	4	3451
53	4	3452
53	4	3453
53	4	3454
53	4	3455
54	0	3456
54	0	3457
54	0	3458
54	0	3459
54	1	3460
54	2	3461
54	3	3462
54	4	3463
54	4	3464
54	4	3465
54	4	3466
54	4	3467
54	4	3468
54	4	3469
54	4	3470
54	4	3471
54	4	3472
54	4	3473
54	4	3474
54	4	3475
54	4	3476
54	4	3477
54	4	3478
54	4	3479
54	4	3480
54	4	3481
54	4	3482
54	4	3483
54	4	3484
54	4	3485
54	4	3486
54	4	3487
54	4	3488
54	4	3489
54	5	3490
54	5	3491
54	5	3492
54	5	3493
54	5	3494
54	6	3495
55	0	3496
55	2	3497
55	2	3498
55	3	3499
55	4	3500
55	4	3501
55	4	3502
55	4	3503
55	4	3504
55	4	3505
55	4	3506
55	4	3507
55	4	3508
55	4	3509
55	4	3510
55	4	3511
55	4	3512
55	4	3513
55	4	3514
55	4	3515
55	4	3516
55	4	3517
55	5	3518
55	5	3519
55	5	3520
55	6	3521
56	0	3522
56	2	3523
56	2	3524
56	3	3525
56	4	3526
56	4	3527
56	4	3528
56	4	3529
56	4	3530
56	4	3531
56	4	3532
56	4	3533
56	4	3534
56	4	3535
56	4	3536
56	4	3537
56	4	3538
56	4	3539
56	4	3540
56	4	3541
56	4	3542
56	4	3543
56	4	3544
56	4	3545
56	4	3546
56	4	3547
56	4	3548
56	4	3549
56	4	3550
56	4	3551
56	4	3552
56	5	3553
56	5	3554
56	5	3555
56	5	3556
56	5	3557
56	5	3558
56	5	3559
56	6	3560
57	0	3561
57	2	3562
57	2	3563
57	3	3564
57	4	3565
57	4	3566
57	4	3567
57	4	3568
57	4	3569
57	4	3570
57	4	3571
57	4	3572
57	4	3573
57	4	3574
57	4	3575
57	4	3576
57	4	3577
57	4	3578
57	4	3579
57	4	3580
57	4	3581
57	4	3582
57	4	3583
57	4	3584
57	4	3585
57	4	3586
57	4	3587
57	4	3588
57	4	3589
57	4	3590
57	4	3591
57	4	3592
57	4	3593
57	4	3594
57	5	3595
57	5	3596
57	5	3597
57	5	3598
57	6	3599
58	1	3600
58	1	3601
58	3	3602
58	4	3603
58	4	3604
58	4	3605
58	4	3606
58	4	3607
58	4	3608
58	4	3609
58	4	3610
58	4	3611
58	4	3612
58	4	3613
58	4	3614
58	4	3615
58	4	3616
58	4	3617
58	4	3618
58	4	3619
58	4	3620
58	4	3621
58	4	3622
58	4	3623
58	4	3624
58	4	3625
58	4	3626
58	4	3627
58	4	3628
58	4	3629
58	4	3630
58	4	3631
58	4	3632
58	4	3633
58	4	3634
58	4	3635
58	4	3636
58	4	3637
58	4	3638
58	4	3639
58	5	3640
58	5	3641
58	5	3642
58	5	3643
58	6	3644
59	0	3645
59	0	3646
59	1	3647
59	2	3648
59	4	3649
59	4	3650
59	4	3651
59	4	3652
59	4	3653
59	4	3654
59	4	3655
59	4	3656
59	4	3657
59	4	3658
59	4	3659
59	4	3660
59	4	3661
59	4	3662
59	4	3663
59	4	3664
59	4	3665
59	4	3666
59	4	3667
59	4	3668
59	4	3669
59	4	3670
59	4	3671
59	4	3672
59	4	3673
59	5	3674
59	5	3675
59	5	3676
59	5	3677
59	5	3678
59	6	3679
60	0	3680
60	1	3681
60	1	3682
60	2	3683
60	3	3684
60	4	3685
60	4	3686
60	4	3687
60	4	3688
60	4	3689
60	4	3690
60	4	3691
60	4	3692
60	4	3693
60	4	3694
60	4	3695
60	4	3696
60	4	3697
60	4	3698
60	4	3699
60	4	3700
60	4	3701
60	4	3702
60	4	3703
60	4	3704
60	4	3705
60	5	3706
60	5	3707
60	5	3708
60	5	3709
60	5	3710
60	6	3711
61	0	3712
61	0	3713
61	1	3714
61	2	3715
61	3	3716
61	4	3717
61	4	3718
61	4	3719
61	4	3720
61	4	3721
61	4	3722
61	4	3723
61	4	3724
61	4	3725
61	4	3726
61	4	3727
61	4	3728
61	4	3729
61	4	3730
61	4	3731
61	4	3732
61	4	3733
61	4	3734
61	4	3735
61	5	3736
61	5	3737
61	5	3738
61	5	3739
61	5	3740
61	5	3741
61	6	3742
62	0	3743
62	1	3744
62	2	3745
62	2	3746
62	3	3747
62	4	3748
62	4	3749
62	4	3750
62	4	3751
62	4	3752
62	4	3753
62	4	3754
62	4	3755
62	4	3756
62	4	3757
62	4	3758
62	4	3759
62	4	3760
62	4	3761
62	4	3762
62	4	3763
62	4	3764
62	4	3765
62	4	3766
62	4	3767
62	4	3768
62	4	3769
62	4	3770
62	4	3771
62	4	3772
62	4	3773
62	4	3774
62	4	3775
62	4	3776
62	4	3777
62	5	3778
62	5	3779
62	5	3780
62	5	3781
62	5	3782
62	6	3783
63	0	3784
63	0	3785
63	0	3786
63	1	3787
63	2	3788
63	2	3789
63	3	3790
63	4	3791
63	4	3792
63	4	3793
63	4	3794
63	4	3795
63	4	3796
63	4	3797
63	4	3798
63	4	3799
63	4	3800
63	4	3801
63	4	3802
63	4	3803
63	4	3804
63	4	3805
63	4	3806
63	4	3807
63	4	3808
63	4	3809
63	4	3810
63	4	3811
63	4	3812
63	4	3813
63	4	3814
63	4	3815
63	5	3816
63	5	3817
63	5	3818
63	6	3819
64	0	3820
64	0	3821
64	0	3822
64	1	3823
64	2	3824
64	2	3825
64	3	3826
64	4	3827
64	4	3828
64	4	3829
64	4	3830
64	4	3831
64	4	3832
64	4	3833
64	4	3834
64	4	3835
64	4	3836
64	4	3837
64	4	3838
64	4	3839
64	4	3840
64	4	3841
64	4	3842
64	4	3843
64	4	3844
64	4	3845
64	4	3846
64	4	3847
64	4	3848
64	4	3849
64	4	3850
64	4	3851
64	4	3852
64	4	3853
64	4	3854
64	4	3855
64	4	3856
64	4	3857
64	4	3858
64	4	3859
64	4	3860
64	4	3861
64	4	3862
64	4	3863
64	4	3864
64	4	3865
64	4	3866
64	4	3867
64	4	3868
64	4	3869
64	4	3870
64	4	3871
64	4	3872
64	4	3873
64	4	3874
64	4	3875
64	4	3876
64	4	3877
64	4	3878
64	4	3879
64	4	3880
64	4	3881
64	4	3882
64	4	3883
64	4	3884
64	4	3885
64	4	3886
64	4	3887
64	4	3888
64	4	3889
64	4	3890
64	4	3891
64	4	3892
64	4	3893
64	4	3894
64	4	3895
64	4	3896
64	4	3897
64	4	3898
64	4	3899
64	4	3900
64	4	3901
64	4	3902
64	4	3903
64	4	3904
64	4	3905
64	4	3906
64	4	3907
64	4	3908
64	4	3909
64	4	3910
64	4	3911
64	4	3912
64	4	3913
64	4	3914
64	4	3915
64	4	3916
64	4	3917
64	4	3918
64	4	3919
64	4	3920
64	4	3921
64	4	3922
64	4	3923
64	4	3924
64	4	3925
64	4	3926
64	4	3927
64	4	3928
64	4	3929
64	4	3930
64	4	3931
64	5	3932
64	5	3933
64	5	3934
64	5	3935
64	5	3936
64	6	3937
65	0	3938
65	1	3939
65	2	3940
65	3	3941
65	4	3942
65	4	3943
65	4	3944
65	4	3945
65	4	3946
65	4	3947
65	4	3948
65	4	3949
65	4	3950
65	4	3951
65	4	3952
65	4	3953
65	4	3954
65	4	3955
65	4	3956
65	4	3957
65	4	3958
65	4	3959
65	4	3960
65	4	3961
65	4	3962
65	4	3963
65	4	3964
65	4	3965
65	4	3966
65	4	3967
65	4	3968
65	4	3969
65	4	3970
65	4	3971
65	4	3972
65	4	3973
65	4	3974
65	4	3975
65	4	3976
65	4	3977
65	5	3978
65	5	3979
65	5	3980
65	5	3981
65	5	3982
65	5	3983
65	5	3984
65	5	3985
65	5	3986
65	5	3987
65	6	3988
66	0	3989
66	1	3990
66	2	3991
66	2	3992
66	2	3993
66	2	3994
66	2	3995
66	2	3996
66	2	3997
66	2	3998
66	2	3999
66	2	4000
66	2	4001
66	2	4002
66	4	4003
66	4	4004
66	4	4005
66	4	4006
66	4	4007
66	4	4008
66	4	4009
66	4	4010
66	4	4011
66	4	4012
66	4	4013
66	4	4014
66	4	4015
66	4	4016
66	4	4017
66	4	4018
66	4	4019
66	4	4020
66	4	4021
66	4	4022
66	4	4023
66	4	4024
66	4	4025
66	4	4026
66	4	4027
66	4	4028
66	4	4029
66	4	4030
66	4	4031
66	4	4032
66	4	4033
66	4	4034
66	4	4035
66	4	4036
66	4	4037
66	4	4038
66	4	4039
66	4	4040
66	4	4041
66	4	4042
66	4	4043
66	4	4044
66	4	4045
66	4	4046
66	4	4047
66	4	4048
66	4	4049
66	4	4050
66	4	4051
66	4	4052
66	4	4053
66	4	4054
66	4	4055
66	4	4056
66	4	4057
66	4	4058
66	4	4059
66	4	4060
66	4	4061
66	4	4062
66	4	4063
66	4	4064
66	4	4065
66	4	4066
66	4	4067
66	5	4068
66	5	4069
66	5	4070
66	5	4071
66	5	4072
66	5	4073
66	5	4074
66	5	4075
66	5	4076
66	5	4077
66	5	4078
66	5	4079
66	5	4080
66	6	4081
66	6	4082
67	0	4083
67	1	4084
67	2	4085
67	2	4086
67	3	4087
67	4	4088
67	4	4089
67	4	4090
67	4	4091
67	4	4092
67	4	4093
67	4	4094
67	4	4095
67	4	4096
67	4	4097
67	4	4098
67	4	4099
67	4	4100
67	4	4101
67	4	4102
67	4	4103
67	4	4104
67	4	4105
67	4	4106
67	4	4107
67	4	4108
67	4	4109
67	4	4110
67	4	4111
67	5	4112
67	5	4113
67	5	4114
67	5	4115
67	5	4116
67	5	4117
67	6	4118
68	0	4119
68	0	4120
68	1	4121
68	2	4122
68	3	4123
68	4	4124
68	4	4125
68	4	4126
68	4	4127
68	4	4128
68	4	4129
68	4	4130
68	4	4131
68	4	4132
68	4	4133
68	4	4134
68	4	4135
68	4	4136
68	4	4137
68	4	4138
68	4	4139
68	4	4140
68	4	4141
68	4	4142
68	4	4143
68	4	4144
68	4	4145
68	4	4146
68	4	4147
68	5	4148
68	5	4149
68	5	4150
68	5	4151
68	5	4152
68	5	4153
68	6	4154
69	0	4155
69	0	4156
69	1	4157
69	2	4158
69	4	4159
69	4	4160
69	4	4161
69	4	4162
69	4	4163
69	4	4164
69	4	4165
69	4	4166
69	4	4167
69	4	4168
69	4	4169
69	4	4170
69	4	4171
69	4	4172
69	4	4173
69	4	4174
69	4	4175
69	4	4176
69	4	4177
69	4	4178
69	4	4179
69	4	4180
69	5	4181
69	5	4182
69	5	4183
69	6	4184
70	0	4185
70	1	4186
70	2	4187
70	3	4188
70	4	4189
70	4	4190
70	4	4191
70	4	4192
70	4	4193
70	4	4194
70	4	4195
70	4	4196
70	4	4197
70	4	4198
70	4	4199
70	4	4200
70	4	4201
70	4	4202
70	4	4203
70	4	4204
70	4	4205
70	4	4206
70	4	4207
70	4	4208
70	5	4209
70	5	4210
70	5	4211
70	6	4212
71	0	4213
71	0	4214
71	0	4215
71	1	4216
71	2	4217
71	2	4218
71	2	4219
71	3	4220
71	4	4221
71	4	4222
71	4	4223
71	4	4224
71	4	4225
71	4	4226
71	4	4227
71	4	4228
71	4	4229
71	4	4230
71	4	4231
71	4	4232
71	4	4233
71	4	4234
71	4	4235
71	4	4236
71	4	4237
71	4	4238
71	4	4239
71	4	4240
71	4	4241
71	4	4242
71	4	4243
71	4	4244
71	4	4245
71	4	4246
71	4	4247
71	4	4248
71	4	4249
71	5	4250
71	5	4251
71	5	4252
71	5	4253
71	5	4254
71	5	4255
71	5	4256
71	5	4257
71	6	4258
72	0	4259
72	1	4260
72	2	4261
72	3	4262
72	4	4263
72	4	4264
72	4	4265
72	4	4266
72	4	4267
72	4	4268
72	4	4269
72	4	4270
72	4	4271
72	4	4272
72	4	4273
72	4	4274
72	4	4275
72	4	4276
72	4	4277
72	4	4278
72	4	4279
72	4	4280
72	4	4281
72	4	4282
72	4	4283
72	4	4284
72	4	4285
72	4	4286
72	4	4287
72	4	4288
72	4	4289
72	4	4290
72	4	4291
72	4	4292
72	4	4293
72	4	4294
72	4	4295
72	4	4296
72	4	4297
72	4	4298
72	4	4299
72	4	4300
72	4	4301
72	4	4302
72	4	4303
72	4	4304
72	4	4305
72	4	4306
72	4	4307
72	4	4308
72	4	4309
72	5	4310
72	5	4311
72	5	4312
72	5	4313
72	5	4314
72	6	4315
73	0	4316
73	1	4317
73	2	4318
73	2	4319
73	3	4320
73	4	4321
73	4	4322
73	4	4323
73	4	4324
73	4	4325
73	4	4326
73	4	4327
73	4	4328
73	4	4329
73	4	4330
73	4	4331
73	4	4332
73	4	4333
73	4	4334
73	4	4335
73	4	4336
73	4	4337
73	4	4338
73	4	4339
73	4	4340
73	4	4341
73	4	4342
73	4	4343
73	4	4344
73	4	4345
73	4	4346
73	4	4347
73	4	4348
73	4	4349
73	4	4350
73	4	4351
73	4	4352
73	4	4353
73	4	4354
73	4	4355
73	4	4356
73	5	4357
73	5	4358
73	5	4359
73	5	4360
73	5	4361
73	5	4362
73	6	4363
74	1	4364
74	3	4365
74	4	4366
74	4	4367
74	4	4368
74	4	4369
74	4	4370
74	4	4371
74	4	4372
74	4	4373
74	4	4374
74	4	4375
74	4	4376
74	4	4377
74	4	4378
74	4	4379
74	4	4380
74	4	4381
74	4	4382
74	4	4383
74	5	4384
74	5	4385
74	5	4386
74	5	4387
74	5	4388
74	6	4389
75	0	4390
75	1	4391
75	1	4392
75	2	4393
75	2	4394
75	3	4395
75	4	4396
75	4	4397
75	4	4398
75	4	4399
75	4	4400
75	4	4401
75	4	4402
75	4	4403
75	4	4404
75	4	4405
75	4	4406
75	4	4407
75	4	4408
75	4	4409
75	4	4410
75	4	4411
75	4	4412
75	4	4413
75	4	4414
75	4	4415
75	4	4416
75	4	4417
75	4	4418
75	4	4419
75	4	4420
75	4	4421
75	4	4422
75	4	4423
75	4	4424
75	5	4425
75	5	4426
75	5	4427
75	6	4428
76	0	4429
76	0	4430
76	1	4431
76	2	4432
76	2	4433
76	3	4434
76	4	4435
76	4	4436
76	4	4437
76	4	4438
76	4	4439
76	4	4440
76	4	4441
76	4	4442
76	4	4443
76	4	4444
76	4	4445
76	4	4446
76	4	4447
76	4	4448
76	4	4449
76	4	4450
76	4	4451
76	4	4452
76	4	4453
76	4	4454
76	4	4455
76	4	4456
76	4	4457
76	4	4458
76	4	4459
76	4	4460
76	4	4461
76	4	4462
76	4	4463
76	4	4464
76	4	4465
76	4	4466
76	4	4467
76	4	4468
76	4	4469
76	4	4470
76	4	4471
76	4	4472
76	4	4473
76	4	4474
76	4	4475
76	4	4476
76	4	4477
76	4	4478
76	4	4479
76	4	4480
76	4	4481
76	5	4482
76	5	4483
76	5	4484
76	5	4485
76	5	4486
76	5	4487
76	5	4488
76	5	4489
76	5	4490
76	5	4491
76	5	4492
76	6	4493
77	0	4494
77	0	4495
77	1	4496
77	1	4497
77	2	4498
77	4	4499
77	4	4500
77	4	4501
77	4	4502
77	4	4503
77	4	4504
77	4	4505
77	4	4506
77	4	4507
77	4	4508
77	4	4509
77	4	4510
77	4	4511
77	4	4512
77	4	4513
77	4	4514
77	4	4515
77	4	4516
77	5	4517
77	5	4518
77	5	4519
77	5	4520
77	5	4521
77	5	4522
77	5	4523
77	6	4524
78	0	4525
78	0	4526
78	0	4527
78	1	4528
78	2	4529
78	4	4530
78	4	4531
78	4	4532
78	4	4533
78	4	4534
78	4	4535
78	4	4536
78	4	4537
78	4	4538
78	4	4539
78	4	4540
78	4	4541
78	4	4542
78	4	4543
78	4	4544
78	4	4545
78	5	4546
78	5	4547
78	5	4548
78	5	4549
78	5	4550
78	6	4551
79	1	4552
79	3	4553
79	4	4554
79	4	4555
79	4	4556
79	4	4557
79	4	4558
79	4	4559
79	4	4560
79	4	4561
79	4	4562
79	4	4563
79	4	4564
79	4	4565
79	4	4566
79	4	4567
79	4	4568
79	4	4569
79	4	4570
79	4	4571
79	4	4572
79	4	4573
79	4	4574
79	4	4575
79	4	4576
79	5	4577
79	5	4578
79	5	4579
79	5	4580
79	5	4581
79	5	4582
79	5	4583
79	5	4584
79	5	4585
79	6	4586
80	0	4587
80	1	4588
80	2	4589
80	3	4590
80	4	4591
80	4	4592
80	4	4593
80	4	4594
80	4	4595
80	4	4596
80	4	4597
80	4	4598
80	4	4599
80	4	4600
80	4	4601
80	4	4602
80	4	4603
80	4	4604
80	4	4605
80	4	4606
80	4	4607
80	4	4608
80	4	4609
80	4	4610
80	5	4611
80	5	4612
80	5	4613
80	5	4614
80	5	4615
80	6	4616
81	1	4617
81	2	4618
81	2	4619
81	3	4620
81	4	4621
81	4	4622
81	4	4623
81	4	4624
81	4	4625
81	4	4626
81	4	4627
81	4	4628
81	4	4629
81	4	4630
81	4	4631
81	4	4632
81	4	4633
81	4	4634
81	4	4635
81	4	4636
81	4	4637
81	4	4638
81	4	4639
81	4	4640
81	4	4641
81	5	4642
81	5	4643
81	5	4644
81	5	4645
81	5	4646
81	6	4647
82	0	4648
82	1	4649
82	2	4650
82	2	4651
82	3	4652
82	4	4653
82	4	4654
82	4	4655
82	4	4656
82	4	4657
82	4	4658
82	4	4659
82	4	4660
82	4	4661
82	4	4662
82	4	4663
82	4	4664
82	4	4665
82	4	4666
82	4	4667
82	4	4668
82	4	4669
82	4	4670
82	4	4671
82	4	4672
82	4	4673
82	4	4674
82	4	4675
82	4	4676
82	4	4677
82	4	4678
82	4	4679
82	4	4680
82	4	4681
82	4	4682
82	4	4683
82	4	4684
82	4	4685
82	4	4686
82	4	4687
82	4	4688
82	4	4689
82	4	4690
82	4	4691
82	4	4692
82	4	4693
82	5	4694
82	5	4695
82	5	4696
82	5	4697
82	6	4698
83	1	4699
83	3	4700
83	4	4701
83	4	4702
83	4	4703
83	4	4704
83	4	4705
83	4	4706
83	4	4707
83	4	4708
83	4	4709
83	4	4710
83	4	4711
83	4	4712
83	4	4713
83	4	4714
83	4	4715
83	4	4716
83	4	4717
83	5	4718
83	5	4719
83	5	4720
83	5	4721
83	5	4722
83	6	4723
84	1	4724
84	2	4725
84	2	4726
84	4	4727
84	4	4728
84	4	4729
84	4	4730
84	4	4731
84	4	4732
84	4	4733
84	4	4734
84	4	4735
84	4	4736
84	4	4737
84	4	4738
84	4	4739
84	4	4740
84	4	4741
84	4	4742
84	4	4743
84	4	4744
84	4	4745
84	4	4746
84	4	4747
84	4	4748
84	4	4749
84	4	4750
84	4	4751
84	4	4752
84	4	4753
84	4	4754
84	4	4755
84	4	4756
84	4	4757
84	4	4758
84	4	4759
84	4	4760
84	4	4761
84	4	4762
84	4	4763
84	4	4764
84	4	4765
84	4	4766
84	5	4767
84	5	4768
84	5	4769
84	5	4770
84	5	4771
84	5	4772
84	5	4773
84	6	4774
85	1	4775
85	2	4776
85	3	4777
85	4	4778
85	4	4779
85	4	4780
85	4	4781
85	4	4782
85	4	4783
85	4	4784
85	4	4785
85	4	4786
85	4	4787
85	4	4788
85	4	4789
85	4	4790
85	4	4791
85	4	4792
85	4	4793
85	4	4794
85	4	4795
85	4	4796
85	4	4797
85	4	4798
85	4	4799
85	4	4800
85	4	4801
85	4	4802
85	4	4803
85	5	4804
85	5	4805
85	5	4806
85	5	4807
85	5	4808
85	5	4809
85	5	4810
85	6	4811
86	0	4812
86	1	4813
86	2	4814
86	4	4815
86	4	4816
86	4	4817
86	4	4818
86	4	4819
86	4	4820
86	4	4821
86	4	4822
86	4	4823
86	4	4824
86	4	4825
86	4	4826
86	4	4827
86	4	4828
86	4	4829
86	4	4830
86	4	4831
86	4	4832
86	4	4833
86	4	4834
86	5	4835
86	5	4836
86	5	4837
86	5	4838
86	6	4839
87	0	4840
87	1	4841
87	3	4842
87	4	4843
87	4	4844
87	4	4845
87	4	4846
87	4	4847
87	4	4848
87	4	4849
87	4	4850
87	4	4851
87	4	4852
87	4	4853
87	4	4854
87	4	4855
87	4	4856
87	4	4857
87	4	4858
87	4	4859
87	4	4860
87	4	4861
87	4	4862
87	4	4863
87	4	4864
87	4	4865
87	5	4866
87	5	4867
87	5	4868
87	5	4869
87	5	4870
87	6	4871
88	0	4872
88	0	4873
88	1	4874
88	2	4875
88	2	4876
88	2	4877
88	2	4878
88	2	4879
88	2	4880
88	2	4881
88	2	4882
88	2	4883
88	2	4884
88	2	4885
88	2	4886
88	2	4887
88	4	4888
88	4	4889
88	4	4890
88	4	4891
88	4	4892
88	4	4893
88	4	4894
88	4	4895
88	4	4896
88	4	4897
88	4	4898
88	4	4899
88	4	4900
88	4	4901
88	4	4902
88	4	4903
88	4	4904
88	4	4905
88	4	4906
88	4	4907
88	4	4908
88	4	4909
88	4	4910
88	4	4911
88	4	4912
88	4	4913
88	4	4914
88	4	4915
88	4	4916
88	4	4917
88	4	4918
88	4	4919
88	4	4920
88	4	4921
88	4	4922
88	4	4923
88	4	4924
88	4	4925
88	4	4926
88	4	4927
88	4	4928
88	4	4929
88	4	4930
88	4	4931
88	4	4932
88	4	4933
88	4	4934
88	4	4935
88	4	4936
88	4	4937
88	4	4938
88	4	4939
88	4	4940
88	4	4941
88	4	4942
88	4	4943
88	4	4944
88	4	4945
88	4	4946
88	4	4947
88	4	4948
88	5	4949
88	5	4950
88	5	4951
88	5	4952
88	5	4953
88	5	4954
88	5	4955
88	6	4956
88	6	4957
89	0	4958
89	1	4959
89	2	4960
89	2	4961
89	3	4962
89	4	4963
89	4	4964
89	4	4965
89	4	4966
89	4	4967
89	4	4968
89	4	4969
89	4	4970
89	4	4971
89	4	4972
89	4	4973
89	4	4974
89	4	4975
89	4	4976
89	4	4977
89	4	4978
89	4	4979
89	4	4980
89	4	4981
89	4	4982
89	4	4983
89	4	4984
89	4	4985
89	4	4986
89	4	4987
89	4	4988
89	4	4989
89	4	4990
89	4	4991
89	4	4992
89	4	4993
89	4	4994
89	4	4995
89	4	4996
89	4	4997
89	4	4998
89	4	4999
89	4	5000
89	4	5001
89	4	5002
89	4	5003
89	4	5004
89	4	5005
89	4	5006
89	4	5007
89	4	5008
89	4	5009
89	4	5010
89	4	5011
89	4	5012
89	4	5013
89	4	5014
89	5	5015
89	5	5016
89	5	5017
89	6	5018
90	0	5019
90	0	5020
90	1	5021
90	2	5022
90	3	5023
90	4	5024
90	4	5025
90	4	5026
90	4	5027
90	4	5028
90	4	5029
90	4	5030
90	4	5031
90	4	5032
90	4	5033
90	4	5034
90	4	5035
90	4	5036
90	4	5037
90	4	5038
90	4	5039
90	4	5040
90	4	5041
90	4	5042
90	4	5043
90	4	5044
90	4	5045
90	4	5046
90	4	5047
90	4	5048
90	4	5049
90	4	5050
90	4	5051
90	4	5052
90	4	5053
90	4	5054
90	4	5055
90	4	5056
90	4	5057
90	4	5058
90	4	5059
90	5	5060
90	5	5061
90	5	5062
90	5	5063
90	6	5064
91	0	5065
91	0	5066
91	0	5067
91	1	5068
91	2	5069
91	3	5070
91	4	5071
91	4	5072
91	4	5073
91	4	5074
91	4	5075
91	4	5076
91	4	5077
91	4	5078
91	4	5079
91	4	5080
91	4	5081
91	4	5082
91	4	5083
91	4	5084
91	4	5085
91	4	5086
91	4	5087
91	4	5088
91	4	5089
91	4	5090
91	4	5091
91	4	5092
91	4	5093
91	4	5094
91	4	5095
91	4	5096
91	4	5097
91	4	5098
91	4	5099
91	4	5100
91	4	5101
91	4	5102
91	4	5103
91	4	5104
91	4	5105
91	4	5106
91	4	5107
91	4	5108
91	4	5109
91	4	5110
91	4	5111
91	4	5112
91	4	5113
91	4	5114
91	4	5115
91	4	5116
91	4	5117
91	4	5118
91	4	5119
91	4	5120
91	4	5121
91	5	5122
91	5	5123
91	5	5124
91	5	5125
91	6	5126
92	0	5127
92	1	5128
92	2	5129
92	2	5130
92	2	5131
92	4	5132
92	4	5133
92	4	5134
92	4	5135
92	4	5136
92	4	5137
92	4	5138
92	4	5139
92	4	5140
92	4	5141
92	4	5142
92	4	5143
92	4	5144
92	4	5145
92	4	5146
92	4	5147
92	4	5148
92	4	5149
92	4	5150
92	4	5151
92	4	5152
92	4	5153
92	4	5154
92	4	5155
92	4	5156
92	4	5157
92	4	5158
92	4	5159
92	4	5160
92	4	5161
92	4	5162
92	4	5163
92	4	5164
92	4	5165
92	4	5166
92	4	5167
92	4	5168
92	4	5169
92	4	5170
92	4	5171
92	4	5172
92	4	5173
92	4	5174
92	4	5175
92	4	5176
92	4	5177
92	4	5178
92	4	5179
92	5	5180
92	5	5181
92	5	5182
92	5	5183
92	5	5184
92	5	5185
92	5	5186
92	5	5187
92	5	5188
92	5	5189
92	5	5190
92	6	5191
92	6	5192
92	6	5193
92	6	5194
92	6	5195
93	0	5196
93	1	5197
93	2	5198
93	3	5199
93	4	5200
93	4	5201
93	4	5202
93	4	5203
93	4	5204
93	4	5205
93	4	5206
93	4	5207
93	4	5208
93	4	5209
93	4	5210
93	4	5211
93	4	5212
93	4	5213
93	4	5214
93	4	5215
93	4	5216
93	4	5217
93	4	5218
93	4	5219
93	4	5220
93	4	5221
93	4	5222
93	4	5223
93	4	5224
93	4	5225
93	4	5226
93	4	5227
93	4	5228
93	4	5229
93	4	5230
93	4	5231
93	4	5232
93	4	5233
93	4	5234
93	4	5235
93	4	5236
93	4	5237
93	4	5238
93	5	5239
93	5	5240
93	5	5241
93	5	5242
93	5	5243
93	6	5244
94	0	5245
94	1	5246
94	2	5247
94	2	5248
94	4	5249
94	4	5250
94	4	5251
94	4	5252
94	4	5253
94	4	5254
94	4	5255
94	4	5256
94	4	5257
94	4	5258
94	4	5259
94	4	5260
94	4	5261
94	4	5262
94	4	5263
94	4	5264
94	4	5265
94	4	5266
94	4	5267
94	4	5268
94	4	5269
94	4	5270
94	4	5271
94	4	5272
94	4	5273
94	4	5274
94	4	5275
94	4	5276
94	4	5277
94	4	5278
94	4	5279
94	4	5280
94	4	5281
94	4	5282
94	4	5283
94	4	5284
94	4	5285
94	4	5286
94	4	5287
94	5	5288
94	5	5289
94	5	5290
94	5	5291
94	5	5292
94	5	5293
94	5	5294
94	5	5295
94	5	5296
94	5	5297
94	5	5298
94	5	5299
94	5	5300
94	5	5301
94	5	5302
94	6	5303
95	4	5304
95	4	5305
95	4	5306
95	4	5307
95	4	5308
95	4	5309
95	4	5310
95	4	5311
95	4	5312
95	4	5313
95	4	5314
95	4	5315
95	4	5316
95	4	5317
95	4	5318
95	4	5319
95	4	5320
95	4	5321
95	4	5322
95	4	5323
95	4	5324
95	4	5325
95	4	5326
95	4	5327
95	4	5328
95	4	5329
96	0	5330
96	1	5331
96	2	5332
96	4	5333
96	4	5334
96	4	5335
96	4	5336
96	4	5337
96	4	5338
96	4	5339
96	4	5340
96	4	5341
96	4	5342
96	4	5343
96	4	5344
96	4	5345
96	4	5346
96	4	5347
96	4	5348
96	4	5349
96	4	5350
96	4	5351
96	4	5352
96	4	5353
96	4	5354
96	4	5355
96	4	5356
96	4	5357
96	4	5358
96	4	5359
96	4	5360
96	4	5361
96	4	5362
96	4	5363
96	4	5364
96	4	5365
96	4	5366
96	5	5367
96	5	5368
96	5	5369
96	5	5370
96	5	5371
96	5	5372
96	5	5373
97	0	5374
97	1	5375
97	2	5376
97	3	5377
97	4	5378
97	4	5379
97	4	5380
97	4	5381
97	4	5382
97	4	5383
97	4	5384
97	4	5385
97	4	5386
97	4	5387
97	4	5388
97	4	5389
97	4	5390
97	4	5391
97	4	5392
97	5	5393
97	5	5394
97	5	5395
97	5	5396
97	6	5397
98	0	5398
98	0	5399
98	1	5400
98	2	5401
98	2	5402
98	3	5403
98	4	5404
98	4	5405
98	4	5406
98	4	5407
98	4	5408
98	4	5409
98	4	5410
98	4	5411
98	4	5412
98	4	5413
98	4	5414
98	4	5415
98	4	5416
98	4	5417
98	4	5418
98	4	5419
98	4	5420
98	4	5421
98	4	5422
98	4	5423
98	4	5424
98	5	5425
98	5	5426
98	5	5427
98	5	5428
98	5	5429
98	5	5430
98	5	5431
98	6	5432
99	4	5433
99	4	5434
99	4	5435
99	4	5436
99	4	5437
99	4	5438
99	4	5439
99	4	5440
99	4	5441
99	4	5442
99	4	5443
99	4	5444
99	4	5445
99	4	5446
99	4	5447
99	4	5448
99	4	5449
99	4	5450
99	4	5451
99	4	5452
99	4	5453
100	0	5454
100	1	5455
100	2	5456
100	2	5457
100	2	5458
100	2	5459
100	2	5460
100	4	5461
100	4	5462
100	4	5463
100	4	5464
100	4	5465
100	4	5466
100	4	5467
100	4	5468
100	4	5469
100	4	5470
100	4	5471
100	4	5472
100	4	5473
100	4	5474
100	4	5475
100	4	5476
100	4	5477
100	4	5478
100	4	5479
100	5	5480
100	5	5481
100	5	5482
100	5	5483
100	5	5484
100	6	5485
101	0	5486
101	1	5487
101	1	5488
101	2	5489
101	2	5490
101	2	5491
101	2	5492
101	2	5493
101	2	5494
101	2	5495
101	4	5496
101	4	5497
101	4	5498
101	4	5499
101	4	5500
101	4	5501
101	4	5502
101	4	5503
101	4	5504
101	4	5505
101	4	5506
101	4	5507
101	4	5508
101	4	5509
101	4	5510
101	4	5511
101	4	5512
101	4	5513
101	4	5514
101	5	5515
101	5	5516
101	5	5517
101	5	5518
101	6	5519
102	1	5520
102	2	5521
102	2	5522
102	3	5523
102	4	5524
102	4	5525
102	4	5526
102	4	5527
102	4	5528
102	4	5529
102	4	5530
102	4	5531
102	4	5532
102	4	5533
102	4	5534
102	4	5535
102	4	5536
102	4	5537
102	4	5538
102	4	5539
102	4	5540
102	4	5541
102	4	5542
102	4	5543
102	4	5544
102	4	5545
102	4	5546
102	5	5547
102	5	5548
102	5	5549
102	5	5550
102	5	5551
102	6	5552
103	1	5553
103	2	5554
103	4	5555
103	4	5556
103	4	5557
103	4	5558
103	4	5559
103	4	5560
103	4	5561
103	4	5562
103	4	5563
103	4	5564
103	4	5565
103	4	5566
103	4	5567
103	4	5568
103	4	5569
103	4	5570
103	5	5571
103	5	5572
103	5	5573
103	5	5574
103	6	5575
104	1	5576
104	2	5577
104	3	5578
104	4	5579
104	4	5580
104	4	5581
104	4	5582
104	4	5583
104	4	5584
104	4	5585
104	4	5586
104	4	5587
104	4	5588
104	4	5589
104	4	5590
104	4	5591
104	4	5592
104	4	5593
104	5	5594
104	5	5595
104	5	5596
104	5	5597
104	5	5598
105	1	5599
105	2	5600
105	2	5601
105	2	5602
105	3	5603
105	4	5604
105	4	5605
105	4	5606
105	4	5607
105	4	5608
105	4	5609
105	4	5610
105	4	5611
105	4	5612
105	4	5613
105	4	5614
105	4	5615
105	4	5616
105	4	5617
105	4	5618
105	5	5619
105	5	5620
105	6	5621
106	1	5622
106	4	5623
106	4	5624
106	4	5625
106	4	5626
106	4	5627
106	4	5628
106	4	5629
106	4	5630
106	4	5631
106	4	5632
106	4	5633
106	4	5634
106	4	5635
106	4	5636
106	4	5637
106	4	5638
106	4	5639
106	4	5640
106	4	5641
106	4	5642
106	4	5643
106	4	5644
106	5	5645
106	5	5646
106	5	5647
106	5	5648
106	5	5649
106	5	5650
106	5	5651
106	5	5652
106	5	5653
106	6	5654
107	0	5655
107	0	5656
107	1	5657
107	2	5658
107	2	5659
107	3	5660
107	4	5661
107	4	5662
107	4	5663
107	4	5664
107	4	5665
107	4	5666
107	4	5667
107	4	5668
107	4	5669
107	4	5670
107	4	5671
107	4	5672
107	4	5673
107	4	5674
107	4	5675
107	4	5676
107	4	5677
107	4	5678
107	4	5679
107	4	5680
107	4	5681
107	4	5682
107	4	5683
107	4	5684
107	4	5685
107	4	5686
107	4	5687
107	4	5688
107	4	5689
107	4	5690
107	4	5691
107	4	5692
107	5	5693
107	5	5694
107	5	5695
107	5	5696
107	5	5697
107	6	5698
108	0	5699
108	0	5700
108	0	5701
108	1	5702
108	2	5703
108	2	5704
108	3	5705
108	4	5706
108	4	5707
108	4	5708
108	4	5709
108	4	5710
108	4	5711
108	4	5712
108	4	5713
108	4	5714
108	4	5715
108	4	5716
108	4	5717
108	4	5718
108	4	5719
108	4	5720
108	4	5721
108	4	5722
108	4	5723
108	4	5724
108	4	5725
108	4	5726
108	4	5727
108	4	5728
108	4	5729
108	4	5730
108	4	5731
108	4	5732
108	4	5733
108	5	5734
108	5	5735
108	5	5736
108	5	5737
108	5	5738
108	5	5739
108	5	5740
108	5	5741
108	6	5742
109	0	5743
109	0	5744
109	2	5745
109	4	5746
109	4	5747
109	4	5748
109	4	5749
109	4	5750
109	4	5751
109	4	5752
109	4	5753
109	4	5754
109	4	5755
109	4	5756
109	4	5757
109	6	5758
110	0	5759
110	0	5760
110	1	5761
110	2	5762
110	3	5763
110	4	5764
110	4	5765
110	4	5766
110	4	5767
110	4	5768
110	4	5769
110	4	5770
110	4	5771
110	4	5772
110	4	5773
110	4	5774
110	4	5775
110	4	5776
110	4	5777
110	4	5778
110	4	5779
110	4	5780
110	4	5781
110	4	5782
110	4	5783
110	4	5784
110	4	5785
110	4	5786
110	4	5787
110	5	5788
110	5	5789
110	5	5790
110	5	5791
110	5	5792
110	6	5793
111	0	5794
111	1	5795
111	2	5796
111	2	5797
111	3	5798
111	4	5799
111	4	5800
111	4	5801
111	4	5802
111	4	5803
111	4	5804
111	4	5805
111	4	5806
111	4	5807
111	4	5808
111	4	5809
111	4	5810
111	4	5811
111	4	5812
111	4	5813
111	4	5814
111	4	5815
111	4	5816
111	4	5817
111	4	5818
111	4	5819
111	4	5820
111	4	5821
111	4	5822
111	4	5823
111	4	5824
111	4	5825
111	4	5826
111	4	5827
111	4	5828
111	4	5829
111	4	5830
111	4	5831
111	4	5832
111	4	5833
111	4	5834
111	4	5835
111	4	5836
111	4	5837
111	4	5838
111	4	5839
111	4	5840
111	4	5841
111	4	5842
111	4	5843
111	4	5844
111	4	5845
111	4	5846
111	4	5847
111	4	5848
111	4	5849
111	4	5850
111	4	5851
111	4	5852
111	4	5853
111	4	5854
111	4	5855
111	5	5856
111	5	5857
111	5	5858
111	5	5859
111	5	5860
111	5	5861
111	5	5862
111	5	5863
111	5	5864
111	5	5865
111	6	5866
112	0	5867
112	1	5868
112	4	5869
112	4	5870
112	4	5871
112	4	5872
112	4	5873
112	4	5874
112	4	5875
112	4	5876
112	4	5877
112	4	5878
112	4	5879
112	4	5880
112	4	5881
112	4	5882
112	4	5883
112	4	5884
112	4	5885
112	4	5886
112	5	5887
112	5	5888
112	5	5889
112	5	5890
112	6	5891
113	0	5892
113	0	5893
113	1	5894
113	2	5895
113	2	5896
113	3	5897
113	4	5898
113	4	5899
113	4	5900
113	4	5901
113	4	5902
113	4	5903
113	4	5904
113	4	5905
113	4	5906
113	4	5907
113	4	5908
113	4	5909
113	4	5910
113	4	5911
113	4	5912
113	4	5913
113	4	5914
113	4	5915
113	4	5916
113	4	5917
113	4	5918
113	4	5919
113	4	5920
113	4	5921
113	4	5922
113	4	5923
113	4	5924
113	4	5925
113	4	5926
113	4	5927
113	4	5928
113	5	5929
113	5	5930
113	5	5931
113	5	5932
113	5	5933
113	5	5934
113	5	5935
113	6	5936
114	0	5937
114	1	5938
114	2	5939
114	3	5940
114	4	5941
114	4	5942
114	4	5943
114	4	5944
114	4	5945
114	4	5946
114	4	5947
114	4	5948
114	4	5949
114	4	5950
114	4	5951
114	4	5952
114	4	5953
114	4	5954
114	4	5955
114	4	5956
114	4	5957
114	4	5958
114	4	5959
114	4	5960
114	4	5961
114	4	5962
114	5	5963
114	5	5964
114	5	5965
114	5	5966
114	5	5967
114	5	5968
114	5	5969
114	5	5970
114	6	5971
115	4	5972
115	4	5973
115	4	5974
115	4	5975
115	4	5976
115	4	5977
115	4	5978
115	4	5979
115	4	5980
115	4	5981
115	4	5982
115	4	5983
116	0	5984
116	1	5985
116	2	5986
116	2	5987
116	3	5988
116	4	5989
116	4	5990
116	4	5991
116	4	5992
116	4	5993
116	4	5994
116	4	5995
116	4	5996
116	4	5997
116	4	5998
116	4	5999
116	4	6000
116	4	6001
116	4	6002
116	4	6003
116	4	6004
116	4	6005
116	4	6006
116	4	6007
116	4	6008
116	4	6009
116	4	6010
116	4	6011
116	4	6012
116	4	6013
116	4	6014
116	4	6015
116	4	6016
116	4	6017
116	4	6018
116	4	6019
116	4	6020
116	4	6021
116	4	6022
116	4	6023
116	4	6024
116	5	6025
116	5	6026
116	5	6027
116	5	6028
116	5	6029
116	5	6030
116	5	6031
116	5	6032
116	5	6033
116	6	6034
117	0	6035
117	0	6036
117	0	6037
117	1	6038
117	1	6039
117	1	6040
117	1	6041
117	4	6042
117	4	6043
117	4	6044
117	4	6045
117	4	6046
117	4	6047
117	4	6048
117	4	6049
117	4	6050
117	4	6051
117	4	6052
117	4	6053
117	4	6054
117	4	6055
117	4	6056
117	4	6057
117	4	6058
117	5	6059
117	5	6060
117	5	6061
117	5	6062
117	5	6063
117	5	6064
117	5	6065
117	6	6066
118	0	6067
118	1	6068
118	1	6069
118	2	6070
118	3	6071
118	4	6072
118	4	6073
118	4	6074
118	4	6075
118	4	6076
118	4	6077
118	4	6078
118	4	6079
118	4	6080
118	4	6081
118	4	6082
118	4	6083
118	4	6084
118	4	6085
118	4	6086
118	4	6087
118	4	6088
118	4	6089
118	4	6090
118	4	6091
118	4	6092
118	4	6093
118	4	6094
118	4	6095
118	4	6096
118	4	6097
118	4	6098
118	4	6099
118	4	6100
118	4	6101
118	4	6102
118	4	6103
118	5	6104
118	5	6105
118	5	6106
118	5	6107
118	6	6108
119	0	6109
119	1	6110
119	2	6111
119	2	6112
119	3	6113
119	4	6114
119	4	6115
119	4	6116
119	4	6117
119	4	6118
119	4	6119
119	4	6120
119	4	6121
119	4	6122
119	4	6123
119	4	6124
119	4	6125
119	4	6126
119	4	6127
119	5	6128
119	5	6129
119	5	6130
119	5	6131
119	5	6132
119	6	6133
120	0	6134
120	0	6135
120	1	6136
120	2	6137
120	3	6138
120	4	6139
120	4	6140
120	4	6141
120	4	6142
120	4	6143
120	4	6144
120	4	6145
120	4	6146
120	4	6147
120	4	6148
120	4	6149
120	4	6150
120	4	6151
120	4	6152
120	4	6153
120	4	6154
120	4	6155
120	4	6156
120	4	6157
120	4	6158
120	4	6159
120	4	6160
120	4	6161
120	5	6162
120	5	6163
120	5	6164
120	5	6165
120	5	6166
120	5	6167
120	6	6168
121	0	6169
121	1	6170
121	2	6171
121	2	6172
121	2	6173
121	3	6174
121	4	6175
121	4	6176
121	4	6177
121	4	6178
121	4	6179
121	4	6180
121	4	6181
121	4	6182
121	4	6183
121	4	6184
121	4	6185
121	4	6186
121	4	6187
121	4	6188
121	4	6189
121	4	6190
121	4	6191
121	4	6192
121	4	6193
121	4	6194
121	4	6195
121	4	6196
121	4	6197
121	4	6198
121	4	6199
121	4	6200
121	4	6201
121	4	6202
121	4	6203
121	4	6204
121	4	6205
121	4	6206
121	4	6207
121	4	6208
121	4	6209
121	4	6210
121	4	6211
121	4	6212
121	4	6213
121	4	6214
121	4	6215
121	4	6216
121	4	6217
121	4	6218
121	4	6219
121	4	6220
121	5	6221
121	5	6222
121	5	6223
121	5	6224
121	5	6225
121	5	6226
121	5	6227
121	5	6228
121	5	6229
121	6	6230
122	0	6231
122	1	6232
122	2	6233
122	3	6234
122	4	6235
122	4	6236
122	4	6237
122	4	6238
122	4	6239
122	4	6240
122	4	6241
122	4	6242
122	4	6243
122	4	6244
122	4	6245
122	4	6246
122	4	6247
122	4	6248
122	4	6249
122	4	6250
122	4	6251
122	4	6252
122	4	6253
122	4	6254
122	4	6255
122	4	6256
122	4	6257
122	4	6258
122	4	6259
122	4	6260
122	4	6261
122	4	6262
122	4	6263
122	4	6264
122	4	6265
122	4	6266
122	4	6267
122	4	6268
122	4	6269
122	4	6270
122	4	6271
122	4	6272
122	4	6273
122	4	6274
122	4	6275
122	4	6276
122	4	6277
122	4	6278
122	4	6279
122	4	6280
122	4	6281
122	5	6282
122	5	6283
122	5	6284
122	5	6285
122	6	6286
123	0	6287
123	1	6288
123	2	6289
123	2	6290
123	3	6291
123	4	6292
123	4	6293
123	4	6294
123	4	6295
123	4	6296
123	4	6297
123	4	6298
123	4	6299
123	4	6300
123	4	6301
123	4	6302
123	4	6303
123	4	6304
123	4	6305
123	4	6306
123	4	6307
123	4	6308
123	4	6309
123	4	6310
123	4	6311
123	4	6312
123	4	6313
123	4	6314
123	4	6315
123	4	6316
123	4	6317
123	4	6318
123	4	6319
123	4	6320
123	4	6321
123	4	6322
123	4	6323
123	4	6324
123	4	6325
123	4	6326
123	4	6327
123	4	6328
123	4	6329
123	4	6330
123	4	6331
123	4	6332
123	5	6333
123	5	6334
123	5	6335
123	5	6336
123	5	6337
123	5	6338
123	5	6339
123	5	6340
123	5	6341
123	5	6342
123	5	6343
123	6	6344
124	0	6345
124	1	6346
124	2	6347
124	2	6348
124	3	6349
124	4	6350
124	4	6351
124	4	6352
124	4	6353
124	4	6354
124	4	6355
124	4	6356
124	4	6357
124	4	6358
124	4	6359
124	4	6360
124	4	6361
124	4	6362
124	4	6363
124	4	6364
124	4	6365
124	4	6366
124	4	6367
124	4	6368
124	4	6369
124	4	6370
124	4	6371
124	4	6372
124	4	6373
124	4	6374
124	4	6375
124	4	6376
124	4	6377
124	4	6378
124	4	6379
124	4	6380
124	4	6381
124	4	6382
124	4	6383
124	4	6384
124	4	6385
124	4	6386
124	4	6387
124	4	6388
124	4	6389
124	4	6390
124	4	6391
124	4	6392
124	4	6393
124	4	6394
124	4	6395
124	5	6396
124	5	6397
124	6	6398
125	0	6399
125	1	6400
125	2	6401
125	2	6402
125	3	6403
125	4	6404
125	4	6405
125	4	6406
125	4	6407
125	4	6408
125	4	6409
125	4	6410
125	4	6411
125	4	6412
125	4	6413
125	4	6414
125	4	6415
125	4	6416
125	4	6417
125	4	6418
125	4	6419
125	4	6420
125	4	6421
125	4	6422
125	4	6423
125	5	6424
125	5	6425
125	5	6426
125	5	6427
125	5	6428
125	5	6429
125	5	6430
125	6	6431
126	1	6432
126	4	6433
126	4	6434
126	4	6435
126	4	6436
126	4	6437
126	4	6438
126	4	6439
126	4	6440
126	4	6441
126	4	6442
126	4	6443
126	4	6444
126	4	6445
126	4	6446
126	4	6447
126	4	6448
126	4	6449
126	5	6450
126	5	6451
126	5	6452
126	5	6453
126	5	6454
126	5	6455
127	0	6456
127	0	6457
127	1	6458
127	2	6459
127	2	6460
127	4	6461
127	4	6462
127	4	6463
127	4	6464
127	4	6465
127	4	6466
127	4	6467
127	4	6468
127	4	6469
127	4	6470
127	4	6471
127	4	6472
127	4	6473
127	4	6474
127	4	6475
127	5	6476
127	5	6477
127	5	6478
127	6	6479
128	0	6480
128	0	6481
128	1	6482
128	2	6483
128	2	6484
128	2	6485
128	3	6486
128	4	6487
128	4	6488
128	4	6489
128	4	6490
128	4	6491
128	4	6492
128	4	6493
128	4	6494
128	4	6495
128	4	6496
128	4	6497
128	4	6498
128	4	6499
128	4	6500
128	4	6501
128	4	6502
128	4	6503
128	4	6504
128	4	6505
128	4	6506
128	5	6507
128	5	6508
128	5	6509
128	5	6510
128	5	6511
128	5	6512
128	5	6513
128	6	6514
129	0	6515
129	1	6516
129	2	6517
129	2	6518
129	3	6519
129	4	6520
129	4	6521
129	4	6522
129	4	6523
129	4	6524
129	4	6525
129	4	6526
129	4	6527
129	4	6528
129	4	6529
129	4	6530
129	4	6531
129	4	6532
129	4	6533
129	4	6534
129	4	6535
129	4	6536
129	4	6537
129	4	6538
129	4	6539
129	4	6540
129	4	6541
129	4	6542
129	4	6543
129	4	6544
129	4	6545
129	4	6546
129	4	6547
129	4	6548
129	4	6549
129	4	6550
129	4	6551
129	4	6552
129	4	6553
129	4	6554
129	4	6555
129	5	6556
129	5	6557
129	5	6558
129	5	6559
129	6	6560
130	0	6561
130	1	6562
130	2	6563
130	3	6564
130	4	6565
130	4	6566
130	4	6567
130	4	6568
130	4	6569
130	4	6570
130	4	6571
130	4	6572
130	4	6573
130	4	6574
130	4	6575
130	4	6576
130	4	6577
130	4	6578
130	4	6579
130	4	6580
130	4	6581
130	4	6582
130	4	6583
130	4	6584
130	4	6585
130	4	6586
130	4	6587
130	4	6588
130	4	6589
130	4	6590
130	4	6591
130	4	6592
130	4	6593
130	4	6594
130	4	6595
130	4	6596
130	4	6597
130	4	6598
130	4	6599
130	4	6600
130	4	6601
130	4	6602
130	4	6603
130	5	6604
130	5	6605
130	5	6606
130	5	6607
130	5	6608
130	5	6609
130	6	6610
131	0	6611
131	0	6612
131	0	6613
131	1	6614
131	1	6615
131	2	6616
131	2	6617
131	3	6618
131	4	6619
131	4	6620
131	4	6621
131	4	6622
131	4	6623
131	4	6624
131	4	6625
131	4	6626
131	4	6627
131	4	6628
131	4	6629
131	4	6630
131	4	6631
131	4	6632
131	4	6633
131	4	6634
131	4	6635
131	4	6636
131	4	6637
131	4	6638
131	4	6639
131	4	6640
131	5	6641
131	5	6642
131	5	6643
131	5	6644
131	6	6645
132	1	6646
132	2	6647
132	3	6648
132	4	6649
132	4	6650
132	4	6651
132	4	6652
132	4	6653
132	4	6654
132	4	6655
132	4	6656
132	4	6657
132	4	6658
132	4	6659
132	4	6660
132	5	6661
132	5	6662
132	5	6663
132	5	6664
132	6	6665
133	4	6666
133	4	6667
133	4	6668
133	4	6669
133	4	6670
133	4	6671
133	4	6672
133	4	6673
133	4	6674
133	4	6675
133	4	6676
133	4	6677
133	4	6678
133	4	6679
133	4	6680
133	4	6681
133	4	6682
133	4	6683
133	4	6684
133	4	6685
133	4	6686
133	4	6687
133	4	6688
133	4	6689
134	0	6690
134	0	6691
134	1	6692
134	2	6693
134	3	6694
134	4	6695
134	4	6696
134	4	6697
134	4	6698
134	4	6699
134	4	6700
134	4	6701
134	4	6702
134	4	6703
134	4	6704
134	4	6705
134	4	6706
134	4	6707
134	4	6708
134	4	6709
134	4	6710
134	4	6711
134	4	6712
134	4	6713
134	5	6714
134	5	6715
134	6	6716
135	0	6717
135	1	6718
135	2	6719
135	3	6720
135	4	6721
135	4	6722
135	4	6723
135	4	6724
135	4	6725
135	4	6726
135	4	6727
135	4	6728
135	4	6729
135	4	6730
135	4	6731
135	4	6732
135	4	6733
135	4	6734
135	4	6735
135	4	6736
135	4	6737
135	5	6738
135	5	6739
135	5	6740
135	5	6741
135	5	6742
135	6	6743
136	1	6744
136	2	6745
136	3	6746
136	4	6747
136	4	6748
136	4	6749
136	4	6750
136	4	6751
136	4	6752
136	4	6753
136	4	6754
136	4	6755
136	4	6756
136	4	6757
136	4	6758
136	4	6759
136	4	6760
136	4	6761
136	4	6762
136	4	6763
136	4	6764
136	5	6765
136	5	6766
136	5	6767
136	5	6768
136	5	6769
136	5	6770
136	5	6771
136	5	6772
136	6	6773
137	0	6774
137	1	6775
137	2	6776
137	3	6777
137	4	6778
137	4	6779
137	4	6780
137	4	6781
137	4	6782
137	4	6783
137	4	6784
137	4	6785
137	4	6786
137	4	6787
137	4	6788
137	4	6789
137	4	6790
137	4	6791
137	4	6792
137	4	6793
137	4	6794
137	4	6795
137	4	6796
137	4	6797
137	4	6798
137	4	6799
137	4	6800
137	4	6801
137	4	6802
137	4	6803
137	4	6804
137	4	6805
137	4	6806
137	4	6807
137	4	6808
137	4	6809
137	5	6810
137	5	6811
137	5	6812
137	5	6813
137	5	6814
137	5	6815
137	5	6816
137	5	6817
137	5	6818
137	6	6819
138	1	6820
138	2	6821
138	2	6822
138	3	6823
138	4	6824
138	4	6825
138	4	6826
138	4	6827
138	4	6828
138	4	6829
138	4	6830
138	4	6831
138	4	6832
138	4	6833
138	4	6834
138	4	6835
138	4	6836
138	4	6837
138	4	6838
138	4	6839
138	4	6840
138	4	6841
138	4	6842
138	4	6843
138	4	6844
138	5	6845
138	5	6846
138	6	6847
139	0	6848
139	1	6849
139	2	6850
139	2	6851
139	3	6852
139	4	6853
139	4	6854
139	4	6855
139	4	6856
139	4	6857
139	4	6858
139	4	6859
139	4	6860
139	4	6861
139	4	6862
139	4	6863
139	4	6864
139	4	6865
139	4	6866
139	4	6867
139	4	6868
139	4	6869
139	4	6870
139	4	6871
139	4	6872
139	5	6873
139	5	6874
139	5	6875
139	5	6876
139	6	6877
140	1	6878
140	3	6879
140	4	6880
140	4	6881
140	4	6882
140	4	6883
140	4	6884
140	4	6885
140	4	6886
140	4	6887
140	4	6888
140	4	6889
140	4	6890
140	4	6891
140	4	6892
140	4	6893
140	4	6894
140	4	6895
140	4	6896
140	4	6897
140	4	6898
140	4	6899
140	4	6900
140	4	6901
140	4	6902
140	4	6903
140	4	6904
140	4	6905
140	4	6906
140	4	6907
140	4	6908
140	4	6909
140	4	6910
140	4	6911
140	4	6912
140	4	6913
140	4	6914
140	4	6915
140	4	6916
140	4	6917
140	4	6918
140	4	6919
140	4	6920
140	4	6921
140	5	6922
140	5	6923
140	5	6924
140	5	6925
140	5	6926
140	5	6927
140	6	6928
141	0	6929
141	1	6930
141	2	6931
141	4	6932
141	4	6933
141	4	6934
141	4	6935
141	4	6936
141	4	6937
141	4	6938
141	4	6939
141	4	6940
141	4	6941
141	4	6942
141	4	6943
141	4	6944
141	4	6945
141	4	6946
141	4	6947
141	4	6948
141	4	6949
141	4	6950
141	4	6951
141	4	6952
141	4	6953
141	4	6954
141	4	6955
141	4	6956
141	4	6957
141	4	6958
141	4	6959
141	4	6960
141	4	6961
141	4	6962
141	4	6963
141	4	6964
141	4	6965
141	4	6966
141	4	6967
141	4	6968
141	4	6969
141	4	6970
141	4	6971
141	4	6972
141	4	6973
141	4	6974
141	5	6975
141	5	6976
141	5	6977
141	5	6978
141	6	6979
142	0	6980
142	1	6981
142	2	6982
142	3	6983
142	4	6984
142	4	6985
142	4	6986
142	4	6987
142	4	6988
142	4	6989
142	4	6990
142	4	6991
142	4	6992
142	4	6993
142	4	6994
142	4	6995
142	4	6996
142	4	6997
142	4	6998
142	4	6999
142	4	7000
142	4	7001
142	4	7002
142	4	7003
142	4	7004
142	4	7005
142	4	7006
142	4	7007
142	5	7008
142	5	7009
142	5	7010
142	5	7011
142	5	7012
142	5	7013
142	6	7014
143	0	7015
143	1	7016
143	2	7017
143	3	7018
143	4	7019
143	4	7020
143	4	7021
143	4	7022
143	4	7023
143	4	7024
143	4	7025
143	4	7026
143	4	7027
143	4	7028
143	4	7029
143	4	7030
143	4	7031
143	4	7032
143	4	7033
143	4	7034
143	4	7035
143	4	7036
143	4	7037
143	4	7038
143	4	7039
143	4	7040
143	4	7041
143	4	7042
143	4	7043
143	4	7044
143	4	7045
143	4	7046
143	4	7047
143	4	7048
143	4	7049
143	4	7050
143	4	7051
143	4	7052
143	4	7053
143	4	7054
143	4	7055
143	4	7056
143	4	7057
143	5	7058
143	5	7059
143	5	7060
143	6	7061
144	0	7062
144	1	7063
144	2	7064
144	3	7065
144	4	7066
144	4	7067
144	4	7068
144	4	7069
144	4	7070
144	4	7071
144	4	7072
144	4	7073
144	4	7074
144	4	7075
144	4	7076
144	4	7077
144	4	7078
144	4	7079
144	4	7080
144	4	7081
144	4	7082
144	4	7083
144	4	7084
144	4	7085
144	4	7086
144	4	7087
144	4	7088
144	5	7089
144	5	7090
144	5	7091
144	5	7092
144	6	7093
145	0	7094
145	0	7095
145	1	7096
145	1	7097
145	1	7098
145	2	7099
145	3	7100
145	4	7101
145	4	7102
145	4	7103
145	4	7104
145	4	7105
145	4	7106
145	4	7107
145	4	7108
145	4	7109
145	4	7110
145	4	7111
145	4	7112
145	4	7113
145	4	7114
145	4	7115
145	4	7116
145	4	7117
145	4	7118
145	4	7119
145	4	7120
145	4	7121
145	4	7122
145	4	7123
145	4	7124
145	4	7125
145	4	7126
145	4	7127
145	4	7128
145	4	7129
145	4	7130
145	4	7131
145	4	7132
145	4	7133
145	4	7134
145	4	7135
145	4	7136
145	4	7137
145	4	7138
145	4	7139
145	4	7140
145	4	7141
145	4	7142
145	4	7143
145	4	7144
145	4	7145
145	4	7146
145	4	7147
145	4	7148
145	4	7149
145	4	7150
145	4	7151
145	4	7152
145	4	7153
145	5	7154
145	5	7155
145	5	7156
145	5	7157
145	5	7158
145	6	7159
146	1	7160
146	2	7161
146	3	7162
146	4	7163
146	4	7164
146	4	7165
146	4	7166
146	4	7167
146	4	7168
146	4	7169
146	4	7170
146	4	7171
146	4	7172
146	4	7173
146	4	7174
146	4	7175
146	4	7176
146	4	7177
146	4	7178
146	4	7179
146	5	7180
146	5	7181
146	5	7182
146	5	7183
146	5	7184
146	5	7185
146	5	7186
146	6	7187
147	0	7188
147	0	7189
147	1	7190
147	2	7191
147	2	7192
147	3	7193
147	4	7194
147	4	7195
147	4	7196
147	4	7197
147	4	7198
147	4	7199
147	4	7200
147	4	7201
147	4	7202
147	4	7203
147	4	7204
147	4	7205
147	4	7206
147	4	7207
147	4	7208
147	4	7209
147	4	7210
147	4	7211
147	4	7212
147	4	7213
147	4	7214
147	4	7215
147	4	7216
147	4	7217
147	4	7218
147	4	7219
147	4	7220
147	4	7221
147	4	7222
147	4	7223
147	5	7224
147	5	7225
147	5	7226
147	5	7227
147	5	7228
147	6	7229
148	1	7230
148	1	7231
148	2	7232
148	3	7233
148	4	7234
148	4	7235
148	4	7236
148	4	7237
148	4	7238
148	4	7239
148	4	7240
148	4	7241
148	4	7242
148	4	7243
148	4	7244
148	4	7245
148	4	7246
148	4	7247
148	4	7248
148	4	7249
148	4	7250
148	4	7251
148	4	7252
148	4	7253
148	4	7254
148	4	7255
148	4	7256
148	4	7257
148	4	7258
148	5	7259
148	5	7260
148	5	7261
148	5	7262
148	5	7263
148	5	7264
148	6	7265
149	0	7266
149	1	7267
149	2	7268
149	3	7269
149	4	7270
149	4	7271
149	4	7272
149	4	7273
149	4	7274
149	4	7275
149	4	7276
149	4	7277
149	4	7278
149	4	7279
149	4	7280
149	4	7281
149	4	7282
149	4	7283
149	4	7284
149	4	7285
149	4	7286
149	4	7287
149	4	7288
149	4	7289
149	4	7290
149	4	7291
149	4	7292
149	4	7293
149	4	7294
149	4	7295
149	4	7296
149	5	7297
149	5	7298
149	5	7299
149	6	7300
150	0	7301
150	1	7302
150	2	7303
150	2	7304
150	2	7305
150	3	7306
150	4	7307
150	4	7308
150	4	7309
150	4	7310
150	4	7311
150	4	7312
150	4	7313
150	4	7314
150	4	7315
150	4	7316
150	4	7317
150	4	7318
150	4	7319
150	4	7320
150	4	7321
150	4	7322
150	4	7323
150	5	7324
150	5	7325
150	5	7326
150	6	7327
151	0	7328
151	0	7329
151	0	7330
151	0	7331
151	1	7332
151	2	7333
151	2	7334
151	2	7335
151	3	7336
151	4	7337
151	4	7338
151	4	7339
151	4	7340
151	4	7341
151	4	7342
151	4	7343
151	4	7344
151	4	7345
151	4	7346
151	4	7347
151	4	7348
151	4	7349
151	4	7350
151	4	7351
151	4	7352
151	4	7353
151	4	7354
151	6	7355
152	0	7356
152	1	7357
152	2	7358
152	2	7359
152	2	7360
152	3	7361
152	4	7362
152	4	7363
152	4	7364
152	4	7365
152	4	7366
152	4	7367
152	4	7368
152	4	7369
152	4	7370
152	4	7371
152	4	7372
152	4	7373
152	4	7374
152	4	7375
152	4	7376
152	4	7377
152	4	7378
152	4	7379
152	4	7380
152	4	7381
152	4	7382
152	4	7383
152	4	7384
152	4	7385
152	5	7386
152	6	7387
153	0	7388
153	2	7389
153	2	7390
153	3	7391
153	4	7392
153	4	7393
153	4	7394
153	4	7395
153	4	7396
153	4	7397
153	4	7398
153	4	7399
153	4	7400
153	4	7401
153	4	7402
153	4	7403
153	4	7404
153	4	7405
153	4	7406
153	4	7407
153	4	7408
153	5	7409
153	5	7410
153	5	7411
153	5	7412
153	5	7413
153	5	7414
153	5	7415
153	5	7416
153	6	7417
153	6	7418
154	0	7419
154	0	7420
154	1	7421
154	1	7422
154	2	7423
154	3	7424
154	4	7425
154	4	7426
154	4	7427
154	4	7428
154	4	7429
154	4	7430
154	4	7431
154	4	7432
154	4	7433
154	4	7434
154	4	7435
154	4	7436
154	4	7437
154	4	7438
154	4	7439
154	4	7440
154	4	7441
154	4	7442
154	4	7443
154	4	7444
154	4	7445
154	4	7446
154	4	7447
154	4	7448
154	4	7449
154	4	7450
154	4	7451
154	4	7452
154	4	7453
154	4	7454
154	4	7455
154	4	7456
154	4	7457
154	4	7458
154	4	7459
154	4	7460
154	4	7461
154	4	7462
154	4	7463
154	4	7464
154	5	7465
154	5	7466
154	5	7467
154	5	7468
154	5	7469
154	5	7470
154	5	7471
154	5	7472
154	6	7473
155	4	7474
155	4	7475
155	4	7476
155	4	7477
155	4	7478
155	4	7479
155	4	7480
155	6	7481
156	0	7482
156	1	7483
156	2	7484
156	2	7485
156	2	7486
156	3	7487
156	4	7488
156	4	7489
156	4	7490
156	4	7491
156	4	7492
156	4	7493
156	4	7494
156	4	7495
156	4	7496
156	4	7497
156	4	7498
156	4	7499
156	4	7500
156	4	7501
156	4	7502
156	4	7503
156	4	7504
156	4	7505
156	4	7506
156	4	7507
156	4	7508
156	4	7509
156	4	7510
156	4	7511
156	4	7512
156	5	7513
156	5	7514
156	5	7515
156	5	7516
156	5	7517
156	5	7518
156	5	7519
156	5	7520
156	5	7521
156	5	7522
156	5	7523
156	5	7524
156	5	7525
156	5	7526
156	5	7527
156	6	7528
157	0	7529
157	0	7530
157	1	7531
157	2	7532
157	3	7533
157	4	7534
157	4	7535
157	4	7536
157	4	7537
157	4	7538
157	4	7539
157	4	7540
157	4	7541
157	4	7542
157	4	7543
157	4	7544
157	4	7545
157	4	7546
157	4	7547
157	4	7548
157	4	7549
157	4	7550
157	4	7551
157	4	7552
157	4	7553
157	4	7554
157	4	7555
157	4	7556
157	4	7557
157	4	7558
157	5	7559
157	5	7560
157	5	7561
157	5	7562
157	5	7563
157	6	7564
158	0	7565
158	1	7566
158	1	7567
158	2	7568
158	3	7569
158	4	7570
158	4	7571
158	4	7572
158	4	7573
158	4	7574
158	4	7575
158	4	7576
158	4	7577
158	4	7578
158	4	7579
158	4	7580
158	4	7581
158	4	7582
158	4	7583
158	4	7584
158	4	7585
158	4	7586
158	4	7587
158	4	7588
158	4	7589
158	4	7590
158	4	7591
158	4	7592
158	4	7593
158	4	7594
158	4	7595
158	4	7596
158	4	7597
158	4	7598
158	4	7599
158	4	7600
158	4	7601
158	4	7602
158	4	7603
158	4	7604
158	4	7605
158	4	7606
158	4	7607
158	4	7608
158	4	7609
158	5	7610
158	5	7611
158	5	7612
158	5	7613
158	6	7614
159	0	7615
159	1	7616
159	2	7617
159	2	7618
159	3	7619
159	4	7620
159	4	7621
159	4	7622
159	4	7623
159	4	7624
159	4	7625
159	4	7626
159	4	7627
159	4	7628
159	4	7629
159	4	7630
159	4	7631
159	4	7632
159	4	7633
159	4	7634
159	4	7635
159	4	7636
159	4	7637
159	4	7638
159	4	7639
159	4	7640
159	4	7641
159	4	7642
159	4	7643
159	4	7644
159	4	7645
159	4	7646
159	4	7647
159	4	7648
159	4	7649
159	4	7650
159	4	7651
159	4	7652
159	4	7653
159	4	7654
159	4	7655
159	4	7656
159	4	7657
159	4	7658
159	4	7659
159	4	7660
159	4	7661
159	5	7662
159	5	7663
159	5	7664
159	5	7665
159	5	7666
159	5	7667
159	5	7668
159	5	7669
159	6	7670
160	0	7671
160	1	7672
160	2	7673
160	2	7674
160	3	7675
160	4	7676
160	4	7677
160	4	7678
160	4	7679
160	4	7680
160	4	7681
160	4	7682
160	4	7683
160	4	7684
160	4	7685
160	4	7686
160	4	7687
160	4	7688
160	4	7689
160	4	7690
160	4	7691
160	4	7692
160	4	7693
160	4	7694
160	4	7695
160	4	7696
160	4	7697
160	4	7698
160	4	7699
160	4	7700
160	4	7701
160	4	7702
160	4	7703
160	4	7704
160	4	7705
160	4	7706
160	4	7707
160	4	7708
160	4	7709
160	4	7710
160	4	7711
160	4	7712
160	4	7713
160	4	7714
160	5	7715
160	5	7716
160	5	7717
160	5	7718
160	5	7719
160	5	7720
160	5	7721
160	5	7722
160	5	7723
160	6	7724
161	0	7725
161	1	7726
161	2	7727
161	2	7728
161	3	7729
161	4	7730
161	4	7731
161	4	7732
161	4	7733
161	4	7734
161	4	7735
161	4	7736
161	4	7737
161	4	7738
161	4	7739
161	4	7740
161	4	7741
161	4	7742
161	4	7743
161	4	7744
161	4	7745
161	4	7746
161	4	7747
161	4	7748
161	4	7749
161	4	7750
161	4	7751
161	4	7752
161	4	7753
161	4	7754
161	4	7755
161	4	7756
161	4	7757
161	4	7758
161	4	7759
161	4	7760
161	4	7761
161	4	7762
161	4	7763
161	5	7764
161	5	7765
161	5	7766
161	5	7767
161	5	7768
161	6	7769
162	0	7770
162	0	7771
162	0	7772
162	1	7773
162	2	7774
162	2	7775
162	3	7776
162	4	7777
162	4	7778
162	4	7779
162	4	7780
162	4	7781
162	4	7782
162	4	7783
162	4	7784
162	4	7785
162	4	7786
162	4	7787
162	4	7788
162	4	7789
162	4	7790
162	4	7791
162	4	7792
162	4	7793
162	4	7794
162	4	7795
162	4	7796
162	4	7797
162	4	7798
162	4	7799
162	4	7800
162	4	7801
162	4	7802
162	4	7803
162	4	7804
162	4	7805
162	4	7806
162	4	7807
162	4	7808
162	4	7809
162	5	7810
162	5	7811
162	5	7812
162	5	7813
162	5	7814
162	5	7815
162	5	7816
162	6	7817
163	0	7818
163	1	7819
163	2	7820
163	3	7821
163	4	7822
163	4	7823
163	4	7824
163	4	7825
163	4	7826
163	4	7827
163	4	7828
163	4	7829
163	4	7830
163	4	7831
163	4	7832
163	4	7833
163	4	7834
163	4	7835
163	4	7836
163	4	7837
163	4	7838
163	4	7839
163	4	7840
163	4	7841
163	4	7842
163	4	7843
163	4	7844
163	4	7845
163	4	7846
163	4	7847
163	4	7848
163	4	7849
163	4	7850
163	4	7851
163	4	7852
163	4	7853
163	4	7854
163	4	7855
163	4	7856
163	4	7857
163	4	7858
163	4	7859
163	4	7860
163	4	7861
163	4	7862
163	4	7863
163	4	7864
163	4	7865
163	4	7866
163	5	7867
163	5	7868
163	5	7869
163	5	7870
163	5	7871
163	5	7872
163	6	7873
164	0	7874
164	1	7875
164	2	7876
164	2	7877
164	3	7878
164	4	7879
164	4	7880
164	4	7881
164	4	7882
164	4	7883
164	4	7884
164	4	7885
164	4	7886
164	4	7887
164	4	7888
164	4	7889
164	4	7890
164	4	7891
164	4	7892
164	4	7893
164	4	7894
164	4	7895
164	4	7896
164	4	7897
164	4	7898
164	4	7899
164	4	7900
164	4	7901
164	4	7902
164	4	7903
164	4	7904
164	4	7905
164	4	7906
164	4	7907
164	4	7908
164	4	7909
164	4	7910
164	4	7911
164	4	7912
164	4	7913
164	4	7914
164	5	7915
164	5	7916
164	5	7917
164	5	7918
164	5	7919
164	5	7920
164	5	7921
164	5	7922
164	6	7923
165	0	7924
165	1	7925
165	2	7926
165	2	7927
165	3	7928
165	4	7929
165	4	7930
165	4	7931
165	4	7932
165	4	7933
165	4	7934
165	4	7935
165	4	7936
165	4	7937
165	4	7938
165	4	7939
165	4	7940
165	4	7941
165	4	7942
165	4	7943
165	4	7944
165	4	7945
165	4	7946
165	4	7947
165	4	7948
165	4	7949
165	4	7950
165	4	7951
165	4	7952
165	4	7953
165	4	7954
165	4	7955
165	4	7956
165	4	7957
165	4	7958
165	4	7959
165	4	7960
165	4	7961
165	4	7962
165	4	7963
165	4	7964
165	4	7965
165	4	7966
165	4	7967
165	4	7968
165	4	7969
165	4	7970
165	4	7971
165	4	7972
165	4	7973
165	4	7974
165	4	7975
165	4	7976
165	4	7977
165	5	7978
165	5	7979
165	5	7980
165	5	7981
165	5	7982
165	5	7983
165	5	7984
165	5	7985
165	5	7986
165	6	7987
166	0	7988
166	1	7989
166	1	7990
166	2	7991
166	2	7992
166	2	7993
166	3	7994
166	4	7995
166	4	7996
166	4	7997
166	4	7998
166	4	7999
166	4	8000
166	4	8001
166	4	8002
166	4	8003
166	4	8004
166	4	8005
166	4	8006
166	4	8007
166	4	8008
166	4	8009
166	4	8010
166	4	8011
166	4	8012
166	4	8013
166	4	8014
166	4	8015
166	4	8016
166	4	8017
166	5	8018
166	5	8019
166	5	8020
166	5	8021
166	5	8022
166	5	8023
166	5	8024
166	5	8025
166	6	8026
167	1	8027
167	2	8028
167	4	8029
167	4	8030
167	4	8031
167	4	8032
167	4	8033
167	4	8034
167	4	8035
167	4	8036
167	4	8037
167	4	8038
167	4	8039
167	4	8040
167	4	8041
167	4	8042
167	4	8043
167	4	8044
167	4	8045
167	4	8046
167	4	8047
167	4	8048
167	4	8049
167	4	8050
167	4	8051
167	4	8052
167	4	8053
167	5	8054
167	5	8055
167	5	8056
167	5	8057
167	5	8058
167	5	8059
167	5	8060
167	5	8061
167	5	8062
167	6	8063
168	0	8064
168	1	8065
168	1	8066
168	2	8067
168	3	8068
168	4	8069
168	4	8070
168	4	8071
168	4	8072
168	4	8073
168	4	8074
168	4	8075
168	4	8076
168	4	8077
168	4	8078
168	4	8079
168	4	8080
168	4	8081
168	4	8082
168	4	8083
168	4	8084
168	4	8085
168	4	8086
168	4	8087
168	4	8088
168	4	8089
168	4	8090
168	4	8091
168	4	8092
168	4	8093
168	4	8094
168	4	8095
168	4	8096
168	4	8097
168	4	8098
168	4	8099
168	4	8100
168	4	8101
168	4	8102
168	4	8103
168	5	8104
168	5	8105
168	5	8106
168	5	8107
168	5	8108
168	5	8109
168	5	8110
168	5	8111
168	6	8112
169	0	8113
169	0	8114
169	1	8115
169	2	8116
169	2	8117
169	3	8118
169	4	8119
169	4	8120
169	4	8121
169	4	8122
169	4	8123
169	4	8124
169	4	8125
169	4	8126
169	4	8127
169	4	8128
169	4	8129
169	4	8130
169	4	8131
169	4	8132
169	4	8133
169	4	8134
169	4	8135
169	4	8136
169	4	8137
169	4	8138
169	4	8139
169	4	8140
169	4	8141
169	4	8142
169	4	8143
169	4	8144
169	4	8145
169	4	8146
169	4	8147
169	4	8148
169	4	8149
169	4	8150
169	4	8151
169	4	8152
169	4	8153
169	4	8154
169	4	8155
169	4	8156
169	4	8157
169	4	8158
169	4	8159
169	4	8160
169	4	8161
169	4	8162
169	4	8163
169	4	8164
169	4	8165
169	4	8166
169	4	8167
169	5	8168
169	6	8169
170	0	8170
170	0	8171
170	1	8172
170	2	8173
170	3	8174
170	4	8175
170	4	8176
170	4	8177
170	4	8178
170	4	8179
170	4	8180
170	4	8181
170	4	8182
170	4	8183
170	4	8184
170	4	8185
170	4	8186
170	4	8187
170	4	8188
170	4	8189
170	4	8190
170	4	8191
170	4	8192
170	4	8193
170	4	8194
170	4	8195
170	4	8196
170	4	8197
170	4	8198
170	4	8199
170	4	8200
170	4	8201
170	4	8202
170	4	8203
170	4	8204
170	4	8205
170	4	8206
170	4	8207
170	4	8208
170	4	8209
170	4	8210
170	4	8211
170	4	8212
170	4	8213
170	4	8214
170	4	8215
170	4	8216
170	4	8217
170	4	8218
170	4	8219
170	4	8220
170	4	8221
170	5	8222
170	5	8223
170	5	8224
170	5	8225
170	5	8226
170	5	8227
170	5	8228
170	5	8229
170	5	8230
170	5	8231
170	5	8232
170	5	8233
170	6	8234
171	0	8235
171	0	8236
171	0	8237
171	1	8238
171	2	8239
171	3	8240
171	4	8241
171	4	8242
171	4	8243
171	4	8244
171	4	8245
171	4	8246
171	4	8247
171	4	8248
171	4	8249
171	4	8250
171	4	8251
171	4	8252
171	4	8253
171	4	8254
171	4	8255
171	4	8256
171	4	8257
171	4	8258
171	4	8259
171	4	8260
171	4	8261
171	4	8262
171	4	8263
171	4	8264
171	4	8265
171	4	8266
171	4	8267
171	4	8268
171	4	8269
171	5	8270
171	5	8271
171	5	8272
171	5	8273
171	5	8274
171	5	8275
171	6	8276
172	0	8277
172	1	8278
172	2	8279
172	2	8280
172	3	8281
172	4	8282
172	4	8283
172	4	8284
172	4	8285
172	4	8286
172	4	8287
172	4	8288
172	4	8289
172	4	8290
172	4	8291
172	4	8292
172	4	8293
172	4	8294
172	4	8295
172	4	8296
172	4	8297
172	4	8298
172	4	8299
172	4	8300
172	4	8301
172	4	8302
172	4	8303
172	4	8304
172	4	8305
172	4	8306
172	4	8307
172	4	8308
172	4	8309
172	4	8310
172	4	8311
172	4	8312
172	4	8313
172	5	8314
172	5	8315
172	5	8316
172	5	8317
172	6	8318
173	1	8319
173	1	8320
173	2	8321
173	3	8322
173	4	8323
173	4	8324
173	4	8325
173	4	8326
173	4	8327
173	4	8328
173	4	8329
173	4	8330
173	4	8331
173	4	8332
173	4	8333
173	4	8334
173	4	8335
173	4	8336
173	4	8337
173	4	8338
173	4	8339
173	4	8340
173	4	8341
173	4	8342
173	4	8343
173	4	8344
173	4	8345
173	4	8346
173	4	8347
173	5	8348
173	6	8349
174	0	8350
174	1	8351
174	1	8352
174	2	8353
174	2	8354
174	3	8355
174	4	8356
174	4	8357
174	4	8358
174	4	8359
174	4	8360
174	4	8361
174	4	8362
174	4	8363
174	4	8364
174	4	8365
174	4	8366
174	4	8367
174	4	8368
174	4	8369
174	4	8370
174	4	8371
174	4	8372
174	4	8373
174	4	8374
174	4	8375
174	4	8376
174	4	8377
174	4	8378
174	4	8379
174	4	8380
174	4	8381
174	4	8382
174	4	8383
174	4	8384
174	4	8385
174	4	8386
174	4	8387
174	4	8388
174	4	8389
174	4	8390
174	4	8391
174	4	8392
174	4	8393
174	4	8394
174	4	8395
174	4	8396
174	4	8397
174	5	8398
174	5	8399
174	5	8400
174	6	8401
175	0	8402
175	1	8403
175	2	8404
175	3	8405
175	4	8406
175	4	8407
175	4	8408
175	4	8409
175	4	8410
175	4	8411
175	4	8412
175	4	8413
175	4	8414
175	4	8415
175	4	8416
175	4	8417
175	4	8418
175	4	8419
175	4	8420
175	4	8421
175	4	8422
175	4	8423
175	4	8424
175	5	8425
175	5	8426
175	5	8427
175	5	8428
175	5	8429
175	5	8430
175	5	8431
175	5	8432
175	5	8433
175	5	8434
175	6	8435
176	0	8436
176	1	8437
176	2	8438
176	2	8439
176	3	8440
176	4	8441
176	4	8442
176	4	8443
176	4	8444
176	4	8445
176	4	8446
176	4	8447
176	4	8448
176	4	8449
176	4	8450
176	4	8451
176	4	8452
176	4	8453
176	4	8454
176	4	8455
176	4	8456
176	4	8457
176	4	8458
176	4	8459
176	4	8460
176	4	8461
176	4	8462
176	4	8463
176	4	8464
176	4	8465
176	4	8466
176	4	8467
176	4	8468
176	4	8469
176	4	8470
176	4	8471
176	4	8472
176	4	8473
176	4	8474
176	4	8475
176	4	8476
176	4	8477
176	4	8478
176	4	8479
176	4	8480
176	4	8481
176	4	8482
176	4	8483
176	4	8484
176	4	8485
176	4	8486
176	4	8487
176	4	8488
176	4	8489
176	4	8490
176	5	8491
176	5	8492
176	5	8493
176	5	8494
176	6	8495
177	0	8496
177	2	8497
177	2	8498
177	3	8499
177	4	8500
177	4	8501
177	4	8502
177	4	8503
177	4	8504
177	4	8505
177	4	8506
177	4	8507
177	4	8508
177	4	8509
177	4	8510
177	4	8511
177	4	8512
177	4	8513
177	4	8514
177	4	8515
177	4	8516
177	4	8517
177	4	8518
177	4	8519
177	4	8520
177	4	8521
177	4	8522
177	4	8523
177	4	8524
177	4	8525
177	4	8526
177	4	8527
177	4	8528
177	4	8529
177	4	8530
177	4	8531
177	4	8532
177	4	8533
177	4	8534
177	4	8535
177	4	8536
177	4	8537
177	4	8538
177	4	8539
177	4	8540
177	4	8541
177	4	8542
177	5	8543
177	5	8544
177	5	8545
177	5	8546
177	6	8547
178	0	8548
178	1	8549
178	2	8550
178	2	8551
178	3	8552
178	4	8553
178	4	8554
178	4	8555
178	4	8556
178	4	8557
178	4	8558
178	4	8559
178	4	8560
178	4	8561
178	4	8562
178	4	8563
178	4	8564
178	4	8565
178	4	8566
178	4	8567
178	4	8568
178	4	8569
178	4	8570
178	4	8571
178	4	8572
178	4	8573
178	4	8574
178	4	8575
178	4	8576
178	4	8577
178	4	8578
178	4	8579
178	4	8580
178	4	8581
178	4	8582
178	4	8583
178	5	8584
178	5	8585
178	5	8586
178	6	8587
179	0	8588
179	1	8589
179	2	8590
179	3	8591
179	4	8592
179	4	8593
179	4	8594
179	4	8595
179	4	8596
179	4	8597
179	4	8598
179	4	8599
179	4	8600
179	4	8601
179	4	8602
179	4	8603
179	4	8604
179	4	8605
179	4	8606
179	4	8607
179	4	8608
179	4	8609
179	4	8610
179	4	8611
179	4	8612
179	4	8613
179	4	8614
179	4	8615
179	4	8616
179	4	8617
179	4	8618
179	4	8619
179	4	8620
179	4	8621
179	5	8622
179	5	8623
179	5	8624
179	5	8625
179	6	8626
180	0	8627
180	1	8628
180	2	8629
180	2	8630
180	3	8631
180	4	8632
180	4	8633
180	4	8634
180	4	8635
180	4	8636
180	4	8637
180	4	8638
180	4	8639
180	4	8640
180	4	8641
180	4	8642
180	4	8643
180	4	8644
180	4	8645
180	4	8646
180	4	8647
180	4	8648
180	4	8649
180	4	8650
180	4	8651
180	4	8652
180	4	8653
180	4	8654
180	4	8655
180	4	8656
180	4	8657
180	4	8658
180	4	8659
180	4	8660
180	4	8661
180	4	8662
180	4	8663
180	4	8664
180	4	8665
180	4	8666
180	4	8667
180	4	8668
180	4	8669
180	4	8670
180	4	8671
180	4	8672
180	4	8673
180	4	8674
180	4	8675
180	4	8676
180	4	8677
180	4	8678
180	5	8679
180	5	8680
180	6	8681
181	1	8682
181	2	8683
181	2	8684
181	4	8685
181	4	8686
181	4	8687
181	4	8688
181	4	8689
181	4	8690
181	4	8691
181	4	8692
181	4	8693
181	4	8694
181	4	8695
181	4	8696
181	4	8697
181	4	8698
181	4	8699
181	4	8700
181	4	8701
181	4	8702
181	4	8703
181	4	8704
181	4	8705
181	4	8706
181	4	8707
181	4	8708
181	4	8709
181	4	8710
181	4	8711
181	4	8712
181	4	8713
181	4	8714
181	4	8715
181	4	8716
181	4	8717
181	4	8718
181	4	8719
181	4	8720
181	4	8721
181	4	8722
181	4	8723
181	4	8724
181	4	8725
181	4	8726
181	4	8727
181	4	8728
181	5	8729
181	5	8730
181	5	8731
181	5	8732
181	5	8733
181	5	8734
181	6	8735
182	0	8736
182	1	8737
182	2	8738
182	2	8739
182	2	8740
182	3	8741
182	4	8742
182	4	8743
182	4	8744
182	4	8745
182	4	8746
182	4	8747
182	4	8748
182	4	8749
182	4	8750
182	4	8751
182	4	8752
182	4	8753
182	4	8754
182	4	8755
182	4	8756
182	4	8757
182	4	8758
182	4	8759
182	4	8760
182	4	8761
182	4	8762
182	4	8763
182	5	8764
182	6	8765
183	0	8766
183	1	8767
183	2	8768
183	2	8769
183	3	8770
183	4	8771
183	4	8772
183	4	8773
183	4	8774
183	4	8775
183	4	8776
183	4	8777
183	4	8778
183	4	8779
183	4	8780
183	4	8781
183	4	8782
183	4	8783
183	4	8784
183	4	8785
183	4	8786
183	4	8787
183	4	8788
183	4	8789
183	4	8790
183	4	8791
183	4	8792
183	4	8793
183	4	8794
183	4	8795
183	4	8796
183	4	8797
183	4	8798
183	5	8799
183	5	8800
183	5	8801
183	5	8802
183	5	8803
183	5	8804
183	5	8805
183	6	8806
184	0	8807
184	1	8808
184	2	8809
184	2	8810
184	2	8811
184	2	8812
184	4	8813
184	4	8814
184	4	8815
184	4	8816
184	4	8817
184	4	8818
184	4	8819
184	4	8820
184	4	8821
184	4	8822
184	4	8823
184	4	8824
184	4	8825
184	4	8826
184	4	8827
184	4	8828
184	4	8829
184	4	8830
184	4	8831
184	4	8832
184	4	8833
184	4	8834
184	4	8835
184	4	8836
184	4	8837
184	4	8838
184	4	8839
184	4	8840
184	4	8841
184	4	8842
184	4	8843
184	4	8844
184	4	8845
184	4	8846
184	4	8847
184	4	8848
184	5	8849
184	5	8850
184	5	8851
184	5	8852
184	5	8853
184	5	8854
184	5	8855
184	6	8856
185	0	8857
185	1	8858
185	2	8859
185	3	8860
185	4	8861
185	4	8862
185	4	8863
185	4	8864
185	4	8865
185	4	8866
185	4	8867
185	4	8868
185	4	8869
185	4	8870
185	4	8871
185	4	8872
185	4	8873
185	4	8874
185	4	8875
185	4	8876
185	4	8877
185	4	8878
185	4	8879
185	4	8880
185	4	8881
185	4	8882
185	4	8883
185	4	8884
185	4	8885
185	4	8886
185	4	8887
185	4	8888
185	4	8889
185	4	8890
185	4	8891
185	4	8892
185	4	8893
185	4	8894
185	4	8895
185	4	8896
185	4	8897
185	4	8898
185	4	8899
185	4	8900
185	4	8901
185	4	8902
185	4	8903
185	4	8904
185	4	8905
185	4	8906
185	4	8907
185	4	8908
185	5	8909
185	5	8910
185	5	8911
185	5	8912
185	5	8913
185	5	8914
185	6	8915
186	0	8916
186	1	8917
186	2	8918
186	3	8919
186	4	8920
186	4	8921
186	4	8922
186	4	8923
186	4	8924
186	4	8925
186	4	8926
186	4	8927
186	4	8928
186	4	8929
186	4	8930
186	4	8931
186	4	8932
186	4	8933
186	4	8934
186	4	8935
186	4	8936
186	4	8937
186	4	8938
186	4	8939
186	4	8940
186	4	8941
186	4	8942
186	4	8943
186	4	8944
186	4	8945
186	4	8946
186	4	8947
186	4	8948
186	4	8949
186	4	8950
186	4	8951
186	4	8952
186	4	8953
186	4	8954
186	5	8955
186	5	8956
186	5	8957
186	5	8958
186	5	8959
186	5	8960
186	5	8961
186	6	8962
187	1	8963
187	3	8964
187	4	8965
187	4	8966
187	4	8967
187	4	8968
187	4	8969
187	4	8970
187	4	8971
187	4	8972
187	4	8973
187	4	8974
187	4	8975
187	4	8976
187	4	8977
187	4	8978
187	4	8979
187	4	8980
187	4	8981
187	4	8982
187	4	8983
187	4	8984
187	4	8985
187	4	8986
187	4	8987
187	4	8988
187	4	8989
187	5	8990
187	5	8991
187	5	8992
187	5	8993
187	5	8994
187	5	8995
187	5	8996
187	5	8997
187	5	8998
187	6	8999
188	0	9000
188	1	9001
188	2	9002
188	3	9003
188	4	9004
188	4	9005
188	4	9006
188	4	9007
188	4	9008
188	4	9009
188	4	9010
188	4	9011
188	4	9012
188	4	9013
188	4	9014
188	4	9015
188	4	9016
188	4	9017
188	4	9018
188	4	9019
188	4	9020
188	4	9021
188	4	9022
188	4	9023
188	4	9024
188	4	9025
188	4	9026
188	4	9027
188	4	9028
188	4	9029
188	4	9030
188	4	9031
188	4	9032
188	4	9033
188	4	9034
188	5	9035
189	0	9036
189	0	9037
189	1	9038
189	1	9039
189	2	9040
189	3	9041
189	4	9042
189	4	9043
189	4	9044
189	4	9045
189	4	9046
189	4	9047
189	4	9048
189	4	9049
189	4	9050
189	4	9051
189	4	9052
189	4	9053
189	4	9054
189	4	9055
189	4	9056
189	4	9057
189	4	9058
189	4	9059
189	4	9060
189	4	9061
189	4	9062
189	4	9063
189	4	9064
189	4	9065
189	4	9066
189	4	9067
189	4	9068
189	4	9069
189	4	9070
189	4	9071
189	4	9072
189	4	9073
189	5	9074
189	5	9075
189	5	9076
189	5	9077
189	5	9078
189	6	9079
190	0	9080
190	0	9081
190	1	9082
190	2	9083
190	3	9084
190	4	9085
190	4	9086
190	4	9087
190	4	9088
190	4	9089
190	4	9090
190	4	9091
190	4	9092
190	4	9093
190	4	9094
190	4	9095
190	4	9096
190	4	9097
190	4	9098
190	4	9099
190	4	9100
190	4	9101
190	4	9102
190	4	9103
190	4	9104
190	4	9105
190	4	9106
190	5	9107
190	5	9108
190	5	9109
190	5	9110
190	6	9111
191	0	9112
191	0	9113
191	1	9114
191	2	9115
191	3	9116
191	4	9117
191	4	9118
191	4	9119
191	4	9120
191	4	9121
191	4	9122
191	4	9123
191	4	9124
191	4	9125
191	4	9126
191	4	9127
191	4	9128
191	4	9129
191	4	9130
191	4	9131
191	4	9132
191	4	9133
191	4	9134
191	4	9135
191	4	9136
191	4	9137
191	4	9138
191	4	9139
191	4	9140
191	4	9141
191	4	9142
191	4	9143
191	4	9144
191	4	9145
191	4	9146
191	4	9147
191	4	9148
191	5	9149
191	5	9150
191	5	9151
191	5	9152
191	6	9153
192	0	9154
192	1	9155
192	2	9156
192	3	9157
192	4	9158
192	4	9159
192	4	9160
192	4	9161
192	4	9162
192	4	9163
192	4	9164
192	4	9165
192	4	9166
192	4	9167
192	4	9168
192	4	9169
192	4	9170
192	4	9171
192	4	9172
192	4	9173
192	4	9174
192	4	9175
192	4	9176
192	4	9177
192	4	9178
192	4	9179
192	4	9180
192	4	9181
192	4	9182
192	4	9183
192	4	9184
192	4	9185
192	4	9186
192	4	9187
192	4	9188
192	4	9189
192	4	9190
192	4	9191
192	5	9192
192	5	9193
192	5	9194
192	5	9195
192	5	9196
192	5	9197
192	5	9198
192	6	9199
193	0	9200
193	1	9201
193	2	9202
193	3	9203
193	4	9204
193	4	9205
193	4	9206
193	4	9207
193	4	9208
193	4	9209
193	4	9210
193	4	9211
193	4	9212
193	4	9213
193	4	9214
193	4	9215
193	4	9216
193	4	9217
193	4	9218
193	4	9219
193	4	9220
193	4	9221
193	4	9222
193	4	9223
193	4	9224
193	4	9225
193	4	9226
193	4	9227
193	4	9228
193	4	9229
193	4	9230
193	4	9231
193	4	9232
193	4	9233
193	4	9234
193	4	9235
193	5	9236
193	5	9237
193	5	9238
193	5	9239
193	5	9240
193	5	9241
193	5	9242
193	6	9243
194	0	9244
194	0	9245
194	0	9246
194	1	9247
194	2	9248
194	3	9249
194	3	9250
194	4	9251
194	4	9252
194	4	9253
194	4	9254
194	4	9255
194	4	9256
194	4	9257
194	4	9258
194	4	9259
194	4	9260
194	4	9261
194	4	9262
194	4	9263
194	4	9264
194	4	9265
194	4	9266
194	4	9267
194	4	9268
194	5	9269
194	5	9270
194	5	9271
194	5	9272
194	5	9273
194	5	9274
194	5	9275
194	6	9276
195	0	9277
195	0	9278
195	1	9279
195	1	9280
195	2	9281
195	3	9282
195	4	9283
195	4	9284
195	4	9285
195	4	9286
195	4	9287
195	4	9288
195	4	9289
195	4	9290
195	4	9291
195	4	9292
195	4	9293
195	4	9294
195	4	9295
195	4	9296
195	4	9297
195	4	9298
195	4	9299
195	4	9300
195	4	9301
195	4	9302
195	4	9303
195	4	9304
195	4	9305
195	4	9306
195	4	9307
195	4	9308
195	4	9309
195	4	9310
195	4	9311
195	4	9312
195	4	9313
195	4	9314
195	4	9315
195	4	9316
195	4	9317
195	5	9318
195	5	9319
195	5	9320
195	5	9321
195	5	9322
195	6	9323
196	0	9324
196	0	9325
196	0	9326
196	1	9327
196	2	9328
196	2	9329
196	2	9330
196	3	9331
196	4	9332
196	4	9333
196	4	9334
196	4	9335
196	4	9336
196	4	9337
196	4	9338
196	4	9339
196	4	9340
196	4	9341
196	4	9342
196	4	9343
196	4	9344
196	4	9345
196	4	9346
196	4	9347
196	4	9348
196	4	9349
196	4	9350
196	4	9351
196	4	9352
196	4	9353
196	4	9354
196	4	9355
196	4	9356
196	4	9357
196	4	9358
196	4	9359
196	4	9360
196	5	9361
196	5	9362
196	5	9363
196	5	9364
196	5	9365
196	5	9366
196	5	9367
196	5	9368
196	5	9369
196	5	9370
196	6	9371
197	0	9372
197	1	9373
197	2	9374
197	4	9375
197	4	9376
197	4	9377
197	4	9378
197	4	9379
197	4	9380
197	4	9381
197	4	9382
197	4	9383
197	4	9384
197	4	9385
197	4	9386
197	4	9387
197	4	9388
197	4	9389
197	4	9390
197	4	9391
197	4	9392
197	4	9393
197	4	9394
197	5	9395
197	5	9396
197	5	9397
197	5	9398
197	5	9399
197	5	9400
197	5	9401
197	6	9402
198	1	9403
198	2	9404
198	2	9405
198	2	9406
198	3	9407
198	4	9408
198	4	9409
198	4	9410
198	4	9411
198	4	9412
198	4	9413
198	4	9414
198	4	9415
198	4	9416
198	4	9417
198	4	9418
198	4	9419
198	4	9420
198	4	9421
198	4	9422
198	4	9423
198	4	9424
198	4	9425
198	5	9426
198	5	9427
198	5	9428
198	5	9429
198	6	9430
199	0	9431
199	1	9432
199	2	9433
199	3	9434
199	4	9435
199	4	9436
199	4	9437
199	4	9438
199	4	9439
199	4	9440
199	4	9441
199	4	9442
199	4	9443
199	4	9444
199	4	9445
199	4	9446
199	4	9447
199	4	9448
199	4	9449
199	4	9450
199	4	9451
199	4	9452
199	4	9453
199	4	9454
199	4	9455
199	4	9456
199	4	9457
199	4	9458
199	4	9459
199	4	9460
199	5	9461
199	5	9462
199	5	9463
199	5	9464
199	6	9465
200	0	9466
200	0	9467
200	0	9468
200	1	9469
200	2	9470
200	2	9471
200	3	9472
200	4	9473
200	4	9474
200	4	9475
200	4	9476
200	4	9477
200	4	9478
200	4	9479
200	4	9480
200	4	9481
200	4	9482
200	4	9483
200	4	9484
200	4	9485
200	4	9486
200	4	9487
200	4	9488
200	4	9489
200	4	9490
200	4	9491
200	4	9492
200	4	9493
200	4	9494
200	4	9495
200	4	9496
200	4	9497
200	4	9498
200	4	9499
200	4	9500
200	4	9501
200	4	9502
200	4	9503
200	4	9504
200	4	9505
200	4	9506
200	4	9507
200	5	9508
200	5	9509
200	5	9510
200	5	9511
200	5	9512
200	5	9513
200	5	9514
200	6	9515
201	0	9516
201	0	9517
201	1	9518
201	2	9519
201	2	9520
201	2	9521
201	2	9522
201	2	9523
201	3	9524
201	4	9525
201	4	9526
201	4	9527
201	4	9528
201	4	9529
201	4	9530
201	4	9531
201	4	9532
201	4	9533
201	4	9534
201	4	9535
201	4	9536
201	4	9537
201	4	9538
201	4	9539
201	4	9540
201	4	9541
201	4	9542
201	4	9543
201	5	9544
201	5	9545
201	5	9546
201	5	9547
201	5	9548
201	5	9549
201	5	9550
201	5	9551
201	5	9552
201	5	9553
201	6	9554
202	1	9555
202	2	9556
202	2	9557
202	3	9558
202	4	9559
202	4	9560
202	4	9561
202	4	9562
202	4	9563
202	4	9564
202	4	9565
202	4	9566
202	4	9567
202	4	9568
202	4	9569
202	4	9570
202	4	9571
202	4	9572
202	4	9573
202	4	9574
202	4	9575
202	4	9576
202	4	9577
202	4	9578
202	4	9579
202	4	9580
202	5	9581
202	5	9582
202	5	9583
202	5	9584
202	5	9585
202	5	9586
202	5	9587
202	5	9588
202	5	9589
202	5	9590
202	5	9591
202	5	9592
202	6	9593
203	0	9594
203	1	9595
203	2	9596
203	3	9597
203	4	9598
203	4	9599
203	4	9600
203	4	9601
203	4	9602
203	4	9603
203	4	9604
203	4	9605
203	4	9606
203	4	9607
203	4	9608
203	4	9609
203	4	9610
203	4	9611
203	4	9612
203	4	9613
203	4	9614
203	4	9615
203	4	9616
203	4	9617
203	5	9618
203	5	9619
203	5	9620
203	5	9621
203	5	9622
203	5	9623
203	5	9624
203	5	9625
203	6	9626
204	0	9627
204	1	9628
204	2	9629
204	2	9630
204	2	9631
204	2	9632
204	2	9633
204	3	9634
204	4	9635
204	4	9636
204	4	9637
204	4	9638
204	4	9639
204	4	9640
204	4	9641
204	4	9642
204	4	9643
204	4	9644
204	4	9645
204	4	9646
204	4	9647
204	4	9648
204	4	9649
204	4	9650
204	4	9651
204	4	9652
204	4	9653
204	4	9654
204	4	9655
204	4	9656
204	4	9657
204	4	9658
204	4	9659
204	5	9660
204	5	9661
204	5	9662
204	5	9663
204	5	9664
204	5	9665
204	5	9666
204	6	9667
205	0	9668
205	0	9669
205	1	9670
205	2	9671
205	2	9672
205	3	9673
205	4	9674
205	4	9675
205	4	9676
205	4	9677
205	4	9678
205	4	9679
205	4	9680
205	4	9681
205	4	9682
205	4	9683
205	4	9684
205	4	9685
205	4	9686
205	4	9687
205	4	9688
205	4	9689
205	4	9690
205	4	9691
205	4	9692
205	4	9693
205	4	9694
205	4	9695
205	4	9696
205	4	9697
205	4	9698
205	5	9699
205	5	9700
205	5	9701
205	5	9702
205	5	9703
205	5	9704
205	5	9705
205	6	9706
206	0	9707
206	0	9708
206	1	9709
206	1	9710
206	2	9711
206	3	9712
206	4	9713
206	4	9714
206	4	9715
206	4	9716
206	4	9717
206	4	9718
206	4	9719
206	4	9720
206	4	9721
206	4	9722
206	4	9723
206	4	9724
206	4	9725
206	4	9726
206	4	9727
206	4	9728
206	4	9729
206	4	9730
206	4	9731
206	4	9732
206	4	9733
206	4	9734
206	4	9735
206	5	9736
206	5	9737
206	5	9738
206	5	9739
206	5	9740
206	5	9741
206	5	9742
206	5	9743
206	5	9744
206	6	9745
207	4	9746
207	4	9747
207	4	9748
207	4	9749
207	4	9750
207	4	9751
207	4	9752
207	4	9753
207	4	9754
207	4	9755
207	4	9756
207	4	9757
207	4	9758
207	4	9759
207	4	9760
207	4	9761
207	4	9762
207	4	9763
207	4	9764
207	4	9765
207	4	9766
207	4	9767
207	4	9768
207	4	9769
208	0	9770
208	0	9771
208	1	9772
208	2	9773
208	2	9774
208	3	9775
208	4	9776
208	4	9777
208	4	9778
208	4	9779
208	4	9780
208	4	9781
208	4	9782
208	4	9783
208	4	9784
208	4	9785
208	4	9786
208	4	9787
208	4	9788
208	4	9789
208	4	9790
208	4	9791
208	4	9792
208	4	9793
208	4	9794
208	4	9795
208	4	9796
208	4	9797
208	4	9798
208	4	9799
208	4	9800
208	4	9801
208	4	9802
208	4	9803
208	4	9804
208	4	9805
208	4	9806
208	4	9807
208	4	9808
208	4	9809
208	4	9810
208	5	9811
208	5	9812
208	5	9813
208	5	9814
208	5	9815
208	6	9816
209	0	9817
209	0	9818
209	1	9819
209	2	9820
209	3	9821
209	4	9822
209	4	9823
209	4	9824
209	4	9825
209	4	9826
209	4	9827
209	4	9828
209	4	9829
209	4	9830
209	4	9831
209	4	9832
209	4	9833
209	4	9834
209	4	9835
209	4	9836
209	4	9837
209	4	9838
209	4	9839
209	4	9840
209	4	9841
209	4	9842
209	4	9843
209	4	9844
209	4	9845
209	4	9846
209	4	9847
209	4	9848
209	4	9849
209	5	9850
209	5	9851
209	5	9852
209	5	9853
209	5	9854
209	5	9855
209	5	9856
209	5	9857
209	5	9858
209	5	9859
209	5	9860
209	5	9861
209	5	9862
209	5	9863
209	5	9864
209	5	9865
209	5	9866
209	6	9867
210	0	9868
210	1	9869
210	2	9870
210	2	9871
210	3	9872
210	4	9873
210	4	9874
210	4	9875
210	4	9876
210	4	9877
210	4	9878
210	4	9879
210	4	9880
210	4	9881
210	4	9882
210	4	9883
210	4	9884
210	4	9885
210	4	9886
210	4	9887
210	4	9888
210	4	9889
210	4	9890
210	4	9891
210	4	9892
210	4	9893
210	4	9894
210	5	9895
210	5	9896
210	5	9897
210	5	9898
210	5	9899
210	5	9900
210	5	9901
210	5	9902
210	5	9903
210	6	9904
211	4	9905
211	4	9906
211	4	9907
211	4	9908
211	4	9909
211	4	9910
211	4	9911
211	4	9912
211	4	9913
211	4	9914
211	4	9915
211	4	9916
211	4	9917
211	4	9918
211	4	9919
211	4	9920
211	4	9921
211	4	9922
211	4	9923
211	4	9924
211	4	9925
211	4	9926
211	4	9927
211	4	9928
211	4	9929
211	4	9930
211	4	9931
211	4	9932
212	0	9933
212	1	9934
212	3	9935
212	4	9936
212	4	9937
212	4	9938
212	4	9939
212	4	9940
212	4	9941
212	4	9942
212	4	9943
212	4	9944
212	4	9945
212	4	9946
212	4	9947
212	4	9948
212	4	9949
212	4	9950
212	4	9951
212	4	9952
212	5	9953
212	5	9954
212	6	9955
213	0	9956
213	0	9957
213	1	9958
213	2	9959
213	2	9960
213	2	9961
213	3	9962
213	4	9963
213	4	9964
213	4	9965
213	4	9966
213	4	9967
213	4	9968
213	4	9969
213	4	9970
213	4	9971
213	4	9972
213	4	9973
213	4	9974
213	4	9975
213	4	9976
213	4	9977
213	4	9978
213	4	9979
213	4	9980
213	4	9981
213	4	9982
213	4	9983
213	4	9984
213	4	9985
213	4	9986
213	5	9987
213	5	9988
213	5	9989
213	5	9990
213	5	9991
213	5	9992
213	5	9993
213	6	9994
214	1	9995
214	4	9996
214	4	9997
214	4	9998
214	4	9999
214	4	10000
214	4	10001
214	4	10002
214	4	10003
214	4	10004
214	4	10005
214	4	10006
214	4	10007
214	4	10008
214	4	10009
214	4	10010
214	4	10011
214	4	10012
214	4	10013
214	4	10014
214	4	10015
214	4	10016
214	4	10017
214	4	10018
214	4	10019
214	4	10020
214	4	10021
214	4	10022
214	4	10023
214	4	10024
214	4	10025
214	4	10026
214	4	10027
214	4	10028
214	4	10029
214	4	10030
214	4	10031
214	4	10032
214	4	10033
214	4	10034
214	4	10035
214	4	10036
214	4	10037
214	4	10038
214	4	10039
214	4	10040
214	4	10041
214	4	10042
214	4	10043
214	4	10044
214	4	10045
214	4	10046
214	4	10047
214	5	10048
214	5	10049
214	5	10050
214	5	10051
214	5	10052
214	6	10053
215	0	10054
215	0	10055
215	1	10056
215	1	10057
215	2	10058
215	2	10059
215	3	10060
215	4	10061
215	4	10062
215	4	10063
215	4	10064
215	4	10065
215	4	10066
215	4	10067
215	4	10068
215	4	10069
215	4	10070
215	4	10071
215	4	10072
215	4	10073
215	4	10074
215	4	10075
215	4	10076
215	4	10077
215	4	10078
215	4	10079
215	4	10080
215	4	10081
215	4	10082
215	4	10083
215	4	10084
215	4	10085
215	4	10086
215	4	10087
215	4	10088
215	4	10089
215	4	10090
215	4	10091
215	4	10092
215	4	10093
215	4	10094
215	4	10095
215	4	10096
215	4	10097
215	4	10098
215	4	10099
215	4	10100
215	4	10101
215	4	10102
215	5	10103
215	5	10104
215	5	10105
215	6	10106
216	0	10107
216	0	10108
216	2	10109
216	3	10110
216	4	10111
216	4	10112
216	4	10113
216	4	10114
216	4	10115
216	4	10116
216	4	10117
216	4	10118
216	4	10119
216	4	10120
216	4	10121
216	4	10122
216	4	10123
216	4	10124
216	4	10125
216	4	10126
216	4	10127
216	4	10128
216	5	10129
216	5	10130
216	6	10131
217	1	10132
217	1	10133
217	2	10134
217	3	10135
217	4	10136
217	4	10137
217	4	10138
217	4	10139
217	4	10140
217	4	10141
217	4	10142
217	4	10143
217	4	10144
217	4	10145
217	4	10146
217	4	10147
217	4	10148
217	4	10149
217	4	10150
217	4	10151
217	4	10152
217	4	10153
217	4	10154
217	4	10155
217	5	10156
217	5	10157
217	5	10158
217	5	10159
217	5	10160
217	5	10161
217	6	10162
218	0	10163
218	0	10164
218	1	10165
218	1	10166
218	1	10167
218	2	10168
218	4	10169
218	4	10170
218	4	10171
218	4	10172
218	4	10173
218	4	10174
218	4	10175
218	4	10176
218	4	10177
218	4	10178
218	4	10179
218	4	10180
218	4	10181
218	4	10182
218	4	10183
218	4	10184
218	4	10185
218	4	10186
218	4	10187
218	4	10188
218	4	10189
218	4	10190
218	4	10191
218	4	10192
218	4	10193
218	4	10194
218	4	10195
218	4	10196
218	4	10197
218	4	10198
218	4	10199
218	4	10200
218	4	10201
218	5	10202
218	5	10203
218	5	10204
218	5	10205
218	5	10206
218	6	10207
219	0	10208
219	0	10209
219	1	10210
219	2	10211
219	2	10212
219	2	10213
219	3	10214
219	4	10215
219	4	10216
219	4	10217
219	4	10218
219	4	10219
219	4	10220
219	4	10221
219	4	10222
219	4	10223
219	4	10224
219	4	10225
219	4	10226
219	4	10227
219	4	10228
219	4	10229
219	4	10230
219	4	10231
219	4	10232
219	4	10233
219	4	10234
219	4	10235
219	4	10236
219	4	10237
219	4	10238
219	5	10239
219	5	10240
219	5	10241
219	5	10242
219	5	10243
219	5	10244
219	6	10245
220	0	10246
220	1	10247
220	2	10248
220	3	10249
220	4	10250
220	4	10251
220	4	10252
220	4	10253
220	4	10254
220	4	10255
220	4	10256
220	4	10257
220	4	10258
220	4	10259
220	4	10260
220	4	10261
220	4	10262
220	4	10263
220	4	10264
220	4	10265
220	4	10266
220	4	10267
220	4	10268
220	4	10269
220	4	10270
220	4	10271
220	4	10272
220	4	10273
220	4	10274
220	4	10275
220	4	10276
220	4	10277
220	4	10278
220	5	10279
220	5	10280
220	5	10281
220	5	10282
220	5	10283
220	6	10284
221	0	10285
221	1	10286
221	2	10287
221	2	10288
221	4	10289
221	4	10290
221	4	10291
221	4	10292
221	4	10293
221	4	10294
221	4	10295
221	4	10296
221	4	10297
221	4	10298
221	4	10299
221	4	10300
221	4	10301
221	4	10302
221	4	10303
221	4	10304
221	4	10305
221	4	10306
221	4	10307
221	4	10308
221	4	10309
221	4	10310
221	4	10311
221	4	10312
221	4	10313
221	4	10314
221	4	10315
221	4	10316
221	4	10317
221	4	10318
221	4	10319
221	4	10320
221	4	10321
221	4	10322
221	5	10323
221	5	10324
221	5	10325
221	5	10326
221	5	10327
221	5	10328
221	5	10329
221	5	10330
221	5	10331
221	5	10332
221	5	10333
221	6	10334
221	6	10335
222	0	10336
222	0	10337
222	1	10338
222	2	10339
222	2	10340
222	2	10341
222	2	10342
222	3	10343
222	4	10344
222	4	10345
222	4	10346
222	4	10347
222	4	10348
222	4	10349
222	4	10350
222	4	10351
222	4	10352
222	4	10353
222	4	10354
222	4	10355
222	4	10356
222	4	10357
222	4	10358
222	4	10359
222	4	10360
222	4	10361
222	4	10362
222	5	10363
222	5	10364
222	5	10365
222	5	10366
222	6	10367
223	0	10368
223	0	10369
223	0	10370
223	0	10371
223	1	10372
223	2	10373
223	3	10374
223	4	10375
223	4	10376
223	4	10377
223	4	10378
223	4	10379
223	4	10380
223	4	10381
223	4	10382
223	4	10383
223	4	10384
223	4	10385
223	4	10386
223	4	10387
223	4	10388
223	4	10389
223	4	10390
223	4	10391
223	4	10392
223	4	10393
223	4	10394
223	4	10395
223	4	10396
223	4	10397
223	4	10398
223	4	10399
223	4	10400
223	4	10401
223	5	10402
223	5	10403
223	5	10404
223	5	10405
223	6	10406
224	0	10407
224	1	10408
224	2	10409
224	2	10410
224	3	10411
224	4	10412
224	4	10413
224	4	10414
224	4	10415
224	4	10416
224	4	10417
224	4	10418
224	4	10419
224	4	10420
224	4	10421
224	4	10422
224	4	10423
224	4	10424
224	4	10425
224	4	10426
224	4	10427
224	4	10428
224	4	10429
224	4	10430
224	4	10431
224	4	10432
224	4	10433
224	4	10434
224	4	10435
224	4	10436
224	4	10437
224	4	10438
224	4	10439
224	4	10440
224	4	10441
224	4	10442
224	5	10443
224	5	10444
224	5	10445
224	5	10446
224	5	10447
224	6	10448
225	1	10449
225	2	10450
225	4	10451
225	4	10452
225	4	10453
225	4	10454
225	4	10455
225	4	10456
225	4	10457
225	4	10458
225	4	10459
225	4	10460
225	4	10461
225	4	10462
225	4	10463
225	5	10464
225	5	10465
225	5	10466
225	5	10467
225	5	10468
225	6	10469
226	0	10470
226	0	10471
226	1	10472
226	2	10473
226	3	10474
226	4	10475
226	4	10476
226	4	10477
226	4	10478
226	4	10479
226	4	10480
226	4	10481
226	4	10482
226	4	10483
226	4	10484
226	4	10485
226	4	10486
226	4	10487
226	4	10488
226	4	10489
226	4	10490
226	4	10491
226	4	10492
226	4	10493
226	4	10494
226	4	10495
226	4	10496
226	4	10497
226	4	10498
226	4	10499
226	4	10500
226	4	10501
226	4	10502
226	4	10503
226	4	10504
226	4	10505
226	4	10506
226	5	10507
226	5	10508
226	5	10509
226	5	10510
226	6	10511
227	0	10512
227	1	10513
227	2	10514
227	3	10515
227	4	10516
227	4	10517
227	4	10518
227	4	10519
227	4	10520
227	4	10521
227	4	10522
227	4	10523
227	4	10524
227	4	10525
227	4	10526
227	4	10527
227	4	10528
227	4	10529
227	4	10530
227	4	10531
227	4	10532
227	4	10533
227	4	10534
227	4	10535
227	4	10536
227	4	10537
227	4	10538
227	4	10539
227	4	10540
227	4	10541
227	4	10542
227	4	10543
227	4	10544
227	4	10545
227	4	10546
227	4	10547
227	5	10548
227	5	10549
227	5	10550
227	5	10551
227	5	10552
227	5	10553
227	5	10554
227	5	10555
227	6	10556
228	0	10557
228	0	10558
228	1	10559
228	2	10560
228	3	10561
228	4	10562
228	4	10563
228	4	10564
228	4	10565
228	4	10566
228	4	10567
228	4	10568
228	4	10569
228	4	10570
228	4	10571
228	4	10572
228	4	10573
228	4	10574
228	4	10575
228	4	10576
228	5	10577
228	5	10578
228	5	10579
228	5	10580
228	5	10581
228	6	10582
229	0	10583
229	0	10584
229	1	10585
229	2	10586
229	3	10587
229	4	10588
229	4	10589
229	4	10590
229	4	10591
229	4	10592
229	4	10593
229	4	10594
229	4	10595
229	4	10596
229	4	10597
229	4	10598
229	4	10599
229	4	10600
229	4	10601
229	4	10602
229	4	10603
229	4	10604
229	4	10605
229	4	10606
229	4	10607
229	4	10608
229	4	10609
229	4	10610
229	4	10611
229	4	10612
229	4	10613
229	4	10614
229	4	10615
229	4	10616
229	4	10617
229	4	10618
229	4	10619
229	4	10620
229	4	10621
229	5	10622
229	5	10623
229	5	10624
229	5	10625
229	5	10626
229	6	10627
230	0	10628
230	0	10629
230	1	10630
230	2	10631
230	2	10632
230	2	10633
230	2	10634
230	3	10635
230	4	10636
230	4	10637
230	4	10638
230	4	10639
230	4	10640
230	4	10641
230	4	10642
230	4	10643
230	4	10644
230	4	10645
230	4	10646
230	4	10647
230	4	10648
230	4	10649
230	4	10650
230	4	10651
230	4	10652
230	4	10653
230	4	10654
230	4	10655
230	4	10656
230	4	10657
230	4	10658
230	4	10659
230	4	10660
230	4	10661
230	4	10662
230	4	10663
230	4	10664
230	4	10665
230	4	10666
230	4	10667
230	4	10668
230	4	10669
230	5	10670
230	5	10671
230	5	10672
230	5	10673
230	5	10674
230	5	10675
230	6	10676
231	0	10677
231	0	10678
231	0	10679
231	1	10680
231	2	10681
231	2	10682
231	3	10683
231	4	10684
231	4	10685
231	4	10686
231	4	10687
231	4	10688
231	4	10689
231	4	10690
231	4	10691
231	4	10692
231	4	10693
231	4	10694
231	4	10695
231	4	10696
231	4	10697
231	4	10698
231	4	10699
231	4	10700
231	4	10701
231	4	10702
231	4	10703
231	4	10704
231	4	10705
231	4	10706
231	4	10707
231	4	10708
231	4	10709
231	4	10710
231	4	10711
231	4	10712
231	4	10713
231	4	10714
231	5	10715
231	5	10716
231	5	10717
231	5	10718
231	5	10719
231	5	10720
231	6	10721
232	0	10722
232	0	10723
232	0	10724
232	1	10725
232	2	10726
232	3	10727
232	4	10728
232	4	10729
232	4	10730
232	4	10731
232	4	10732
232	4	10733
232	4	10734
232	4	10735
232	4	10736
232	4	10737
232	4	10738
232	4	10739
232	4	10740
232	4	10741
232	4	10742
232	4	10743
232	4	10744
232	4	10745
232	4	10746
232	4	10747
232	4	10748
232	4	10749
232	4	10750
232	5	10751
232	5	10752
232	5	10753
232	5	10754
232	6	10755
233	0	10756
233	0	10757
233	0	10758
233	1	10759
233	1	10760
233	2	10761
233	2	10762
233	3	10763
233	4	10764
233	4	10765
233	4	10766
233	4	10767
233	4	10768
233	4	10769
233	4	10770
233	4	10771
233	4	10772
233	4	10773
233	4	10774
233	4	10775
233	4	10776
233	4	10777
233	4	10778
233	4	10779
233	4	10780
233	4	10781
233	4	10782
233	4	10783
233	4	10784
233	4	10785
233	5	10786
233	5	10787
233	5	10788
233	5	10789
233	5	10790
233	5	10791
233	6	10792
234	0	10793
234	0	10794
234	1	10795
234	2	10796
234	4	10797
234	4	10798
234	4	10799
234	4	10800
234	4	10801
234	4	10802
234	4	10803
234	4	10804
234	4	10805
234	4	10806
234	4	10807
234	4	10808
234	4	10809
234	4	10810
234	4	10811
234	4	10812
234	4	10813
234	4	10814
234	4	10815
234	4	10816
234	4	10817
234	4	10818
234	5	10819
234	5	10820
234	5	10821
234	6	10822
235	0	10823
235	0	10824
235	4	10825
235	4	10826
235	4	10827
235	4	10828
235	4	10829
235	4	10830
235	4	10831
235	4	10832
235	4	10833
235	4	10834
235	4	10835
235	4	10836
235	5	10837
235	5	10838
235	5	10839
236	1	10840
236	2	10841
236	2	10842
236	3	10843
236	4	10844
236	4	10845
236	4	10846
236	4	10847
236	4	10848
236	4	10849
236	4	10850
236	4	10851
236	4	10852
236	4	10853
236	4	10854
236	4	10855
236	4	10856
236	4	10857
236	4	10858
236	4	10859
236	4	10860
236	4	10861
236	4	10862
236	5	10863
236	5	10864
236	5	10865
236	5	10866
236	5	10867
236	5	10868
236	6	10869
237	0	10870
237	1	10871
237	2	10872
237	2	10873
237	3	10874
237	4	10875
237	4	10876
237	4	10877
237	4	10878
237	4	10879
237	4	10880
237	4	10881
237	4	10882
237	4	10883
237	4	10884
237	4	10885
237	4	10886
237	4	10887
237	4	10888
237	4	10889
237	4	10890
237	4	10891
237	4	10892
237	4	10893
237	4	10894
237	4	10895
237	4	10896
237	4	10897
237	4	10898
237	4	10899
237	4	10900
237	4	10901
237	4	10902
237	4	10903
237	4	10904
237	4	10905
237	4	10906
237	4	10907
237	4	10908
237	5	10909
237	5	10910
237	5	10911
237	5	10912
237	5	10913
237	6	10914
238	0	10915
238	1	10916
238	2	10917
238	4	10918
238	4	10919
238	4	10920
238	4	10921
238	4	10922
238	4	10923
238	4	10924
238	4	10925
238	4	10926
238	4	10927
238	4	10928
238	4	10929
238	4	10930
238	4	10931
238	4	10932
238	4	10933
238	4	10934
238	4	10935
238	4	10936
238	5	10937
238	5	10938
238	5	10939
238	5	10940
238	5	10941
238	5	10942
238	6	10943
239	0	10944
239	1	10945
239	2	10946
239	3	10947
239	4	10948
239	4	10949
239	4	10950
239	4	10951
239	4	10952
239	4	10953
239	4	10954
239	4	10955
239	4	10956
239	4	10957
239	4	10958
239	4	10959
239	4	10960
239	4	10961
239	4	10962
239	4	10963
239	4	10964
239	4	10965
239	4	10966
239	4	10967
239	4	10968
239	4	10969
239	4	10970
239	4	10971
239	4	10972
239	4	10973
239	4	10974
239	4	10975
239	4	10976
239	5	10977
239	5	10978
239	5	10979
239	5	10980
239	5	10981
239	6	10982
240	0	10983
240	1	10984
240	2	10985
240	3	10986
240	4	10987
240	4	10988
240	4	10989
240	4	10990
240	4	10991
240	4	10992
240	4	10993
240	4	10994
240	4	10995
240	4	10996
240	4	10997
240	4	10998
240	4	10999
240	4	11000
240	4	11001
240	4	11002
240	4	11003
240	4	11004
240	4	11005
240	4	11006
240	4	11007
240	4	11008
240	4	11009
240	4	11010
240	4	11011
240	4	11012
240	4	11013
240	4	11014
240	4	11015
240	5	11016
240	5	11017
240	5	11018
240	6	11019
241	0	11020
241	0	11021
241	0	11022
241	0	11023
241	1	11024
241	2	11025
241	3	11026
241	4	11027
241	4	11028
241	4	11029
241	4	11030
241	4	11031
241	4	11032
241	4	11033
241	4	11034
241	4	11035
241	4	11036
241	4	11037
241	4	11038
241	4	11039
241	4	11040
241	4	11041
241	4	11042
241	4	11043
241	4	11044
241	4	11045
241	4	11046
241	4	11047
241	4	11048
241	4	11049
241	4	11050
241	5	11051
241	5	11052
241	5	11053
241	5	11054
241	5	11055
241	5	11056
241	6	11057
242	0	11058
242	0	11059
242	1	11060
242	2	11061
242	3	11062
242	4	11063
242	4	11064
242	4	11065
242	4	11066
242	4	11067
242	4	11068
242	4	11069
242	4	11070
242	4	11071
242	4	11072
242	4	11073
242	4	11074
242	4	11075
242	4	11076
242	4	11077
242	4	11078
242	4	11079
242	4	11080
242	4	11081
242	4	11082
242	4	11083
242	4	11084
242	4	11085
242	4	11086
242	4	11087
242	4	11088
242	4	11089
242	4	11090
242	5	11091
242	5	11092
242	5	11093
242	5	11094
242	5	11095
242	5	11096
242	5	11097
242	6	11098
243	0	11099
243	1	11100
243	2	11101
243	2	11102
243	3	11103
243	4	11104
243	4	11105
243	4	11106
243	4	11107
243	4	11108
243	4	11109
243	4	11110
243	4	11111
243	4	11112
243	4	11113
243	4	11114
243	4	11115
243	4	11116
243	4	11117
243	4	11118
243	4	11119
243	4	11120
243	4	11121
243	4	11122
243	4	11123
243	4	11124
243	4	11125
243	4	11126
243	4	11127
243	4	11128
243	4	11129
243	4	11130
243	4	11131
243	4	11132
243	4	11133
243	4	11134
243	4	11135
243	4	11136
243	4	11137
243	4	11138
243	4	11139
243	4	11140
243	5	11141
243	5	11142
243	5	11143
243	5	11144
243	5	11145
243	6	11146
244	0	11147
244	0	11148
244	1	11149
244	2	11150
244	3	11151
244	4	11152
244	4	11153
244	4	11154
244	4	11155
244	4	11156
244	4	11157
244	4	11158
244	4	11159
244	4	11160
244	4	11161
244	4	11162
244	4	11163
244	4	11164
244	4	11165
244	4	11166
244	4	11167
244	4	11168
244	4	11169
244	4	11170
244	4	11171
244	4	11172
244	4	11173
244	4	11174
244	4	11175
244	4	11176
244	4	11177
244	4	11178
244	4	11179
244	4	11180
244	4	11181
244	4	11182
244	4	11183
244	5	11184
244	5	11185
244	5	11186
244	5	11187
244	5	11188
244	5	11189
244	5	11190
244	5	11191
244	5	11192
244	5	11193
244	5	11194
244	6	11195
245	0	11196
245	0	11197
245	1	11198
245	2	11199
245	2	11200
245	3	11201
245	4	11202
245	4	11203
245	4	11204
245	4	11205
245	4	11206
245	4	11207
245	4	11208
245	4	11209
245	4	11210
245	4	11211
245	4	11212
245	4	11213
245	4	11214
245	4	11215
245	4	11216
245	4	11217
245	4	11218
245	4	11219
245	4	11220
245	4	11221
245	4	11222
245	4	11223
245	4	11224
245	4	11225
245	4	11226
245	4	11227
245	4	11228
245	4	11229
245	4	11230
245	5	11231
245	5	11232
245	5	11233
245	5	11234
245	5	11235
245	6	11236
246	0	11237
246	0	11238
246	1	11239
246	2	11240
246	3	11241
246	4	11242
246	4	11243
246	4	11244
246	4	11245
246	4	11246
246	4	11247
246	4	11248
246	4	11249
246	4	11250
246	4	11251
246	4	11252
246	4	11253
246	4	11254
246	4	11255
246	4	11256
246	4	11257
246	4	11258
246	4	11259
246	4	11260
246	4	11261
246	4	11262
246	4	11263
246	5	11264
246	5	11265
246	5	11266
246	5	11267
246	6	11268
247	1	11269
247	2	11270
247	3	11271
247	4	11272
247	4	11273
247	4	11274
247	4	11275
247	4	11276
247	4	11277
247	4	11278
247	4	11279
247	4	11280
247	4	11281
247	4	11282
247	4	11283
247	4	11284
247	4	11285
247	4	11286
247	4	11287
247	4	11288
247	4	11289
247	4	11290
247	4	11291
247	4	11292
247	4	11293
247	4	11294
247	4	11295
247	4	11296
247	4	11297
247	5	11298
247	5	11299
247	5	11300
247	6	11301
248	0	11302
248	1	11303
248	3	11304
248	4	11305
248	4	11306
248	4	11307
248	4	11308
248	4	11309
248	4	11310
248	4	11311
248	4	11312
248	4	11313
248	4	11314
248	4	11315
248	4	11316
248	4	11317
248	4	11318
248	4	11319
248	4	11320
248	4	11321
248	5	11322
248	5	11323
248	5	11324
248	5	11325
248	5	11326
248	5	11327
248	5	11328
248	6	11329
249	1	11330
249	1	11331
249	1	11332
249	2	11333
249	4	11334
249	4	11335
249	4	11336
249	4	11337
249	4	11338
249	4	11339
249	4	11340
249	4	11341
249	4	11342
249	4	11343
249	4	11344
249	5	11345
249	5	11346
249	5	11347
249	5	11348
249	6	11349
250	0	11350
250	0	11351
250	1	11352
250	1	11353
250	2	11354
250	2	11355
250	3	11356
250	4	11357
250	4	11358
250	4	11359
250	4	11360
250	4	11361
250	4	11362
250	4	11363
250	4	11364
250	4	11365
250	4	11366
250	4	11367
250	4	11368
250	4	11369
250	4	11370
250	5	11371
250	5	11372
250	5	11373
250	5	11374
250	5	11375
250	5	11376
250	5	11377
250	6	11378
251	0	11379
251	0	11380
251	1	11381
251	3	11382
251	4	11383
251	4	11384
251	4	11385
251	4	11386
251	4	11387
251	4	11388
251	4	11389
251	4	11390
251	4	11391
251	4	11392
251	4	11393
251	4	11394
251	4	11395
251	4	11396
251	4	11397
251	4	11398
251	4	11399
251	4	11400
251	4	11401
251	4	11402
251	4	11403
251	5	11404
251	5	11405
251	5	11406
251	5	11407
251	5	11408
251	6	11409
252	0	11410
252	0	11411
252	0	11412
252	1	11413
252	2	11414
252	3	11415
252	4	11416
252	4	11417
252	4	11418
252	4	11419
252	4	11420
252	4	11421
252	4	11422
252	4	11423
252	4	11424
252	4	11425
252	4	11426
252	4	11427
252	4	11428
252	4	11429
252	4	11430
252	4	11431
252	4	11432
252	4	11433
252	4	11434
252	4	11435
252	4	11436
252	4	11437
252	4	11438
252	4	11439
252	4	11440
252	5	11441
252	5	11442
252	5	11443
252	5	11444
252	5	11445
252	5	11446
252	5	11447
252	5	11448
252	5	11449
252	5	11450
252	5	11451
252	6	11452
253	0	11453
253	1	11454
253	1	11455
253	2	11456
253	3	11457
253	4	11458
253	4	11459
253	4	11460
253	4	11461
253	4	11462
253	4	11463
253	4	11464
253	4	11465
253	4	11466
253	4	11467
253	4	11468
253	4	11469
253	4	11470
253	4	11471
253	4	11472
253	4	11473
253	4	11474
253	4	11475
253	4	11476
253	4	11477
253	4	11478
253	4	11479
253	4	11480
253	4	11481
253	4	11482
253	4	11483
253	4	11484
253	4	11485
253	4	11486
253	5	11487
253	5	11488
253	5	11489
253	5	11490
253	5	11491
253	5	11492
253	5	11493
253	5	11494
253	6	11495
254	1	11496
254	2	11497
254	4	11498
254	4	11499
254	4	11500
254	4	11501
254	4	11502
254	4	11503
254	4	11504
254	4	11505
254	4	11506
254	4	11507
254	4	11508
254	4	11509
254	4	11510
254	4	11511
254	4	11512
254	4	11513
254	4	11514
254	5	11515
254	5	11516
254	5	11517
254	5	11518
254	6	11519
255	0	11520
255	1	11521
255	2	11522
255	3	11523
255	4	11524
255	4	11525
255	4	11526
255	4	11527
255	4	11528
255	4	11529
255	4	11530
255	4	11531
255	4	11532
255	4	11533
255	4	11534
255	4	11535
255	4	11536
255	4	11537
255	4	11538
255	4	11539
255	4	11540
255	4	11541
255	4	11542
255	4	11543
255	4	11544
255	4	11545
255	5	11546
255	5	11547
255	5	11548
255	5	11549
255	5	11550
255	5	11551
255	5	11552
255	5	11553
255	5	11554
255	5	11555
255	5	11556
255	6	11557
256	0	11558
256	1	11559
256	2	11560
256	3	11561
256	4	11562
256	4	11563
256	4	11564
256	4	11565
256	4	11566
256	4	11567
256	4	11568
256	4	11569
256	4	11570
256	4	11571
256	4	11572
256	4	11573
256	4	11574
256	4	11575
256	4	11576
256	4	11577
256	4	11578
256	4	11579
256	4	11580
256	4	11581
256	4	11582
256	4	11583
256	4	11584
256	4	11585
256	4	11586
256	4	11587
256	4	11588
256	4	11589
256	4	11590
256	4	11591
256	4	11592
256	4	11593
256	4	11594
256	4	11595
256	4	11596
256	4	11597
256	4	11598
256	4	11599
256	4	11600
256	4	11601
256	4	11602
256	4	11603
256	4	11604
256	4	11605
256	4	11606
256	4	11607
256	4	11608
256	4	11609
256	4	11610
256	5	11611
256	5	11612
256	5	11613
256	5	11614
256	5	11615
256	5	11616
256	5	11617
256	5	11618
256	6	11619
257	0	11620
257	0	11621
257	0	11622
257	1	11623
257	2	11624
257	3	11625
257	4	11626
257	4	11627
257	4	11628
257	4	11629
257	4	11630
257	4	11631
257	4	11632
257	4	11633
257	4	11634
257	4	11635
257	4	11636
257	4	11637
257	4	11638
257	4	11639
257	4	11640
257	4	11641
257	4	11642
257	4	11643
257	4	11644
257	5	11645
257	5	11646
257	5	11647
257	5	11648
257	5	11649
257	5	11650
257	5	11651
257	6	11652
258	0	11653
258	0	11654
258	1	11655
258	2	11656
258	3	11657
258	4	11658
258	4	11659
258	4	11660
258	4	11661
258	4	11662
258	4	11663
258	4	11664
258	4	11665
258	4	11666
258	4	11667
258	4	11668
258	4	11669
258	4	11670
258	4	11671
258	4	11672
258	4	11673
258	4	11674
258	4	11675
258	4	11676
258	4	11677
258	4	11678
258	4	11679
258	4	11680
258	4	11681
258	4	11682
258	4	11683
258	4	11684
258	4	11685
258	4	11686
258	4	11687
258	4	11688
258	4	11689
258	4	11690
258	4	11691
258	5	11692
258	5	11693
258	5	11694
258	5	11695
258	5	11696
258	5	11697
258	5	11698
258	5	11699
258	6	11700
259	0	11701
259	0	11702
259	0	11703
259	1	11704
259	1	11705
259	2	11706
259	2	11707
259	3	11708
259	4	11709
259	4	11710
259	4	11711
259	4	11712
259	4	11713
259	4	11714
259	4	11715
259	4	11716
259	4	11717
259	4	11718
259	4	11719
259	4	11720
259	4	11721
259	4	11722
259	4	11723
259	4	11724
259	4	11725
259	4	11726
259	4	11727
259	4	11728
259	4	11729
259	4	11730
259	4	11731
259	4	11732
259	4	11733
259	4	11734
259	4	11735
259	4	11736
259	4	11737
259	4	11738
259	4	11739
259	4	11740
259	4	11741
259	4	11742
259	4	11743
259	4	11744
259	4	11745
259	4	11746
259	5	11747
259	5	11748
259	5	11749
259	5	11750
259	6	11751
260	0	11752
260	0	11753
260	1	11754
260	2	11755
260	2	11756
260	3	11757
260	3	11758
260	4	11759
260	4	11760
260	4	11761
260	4	11762
260	4	11763
260	4	11764
260	4	11765
260	4	11766
260	4	11767
260	4	11768
260	4	11769
260	4	11770
260	5	11771
260	5	11772
260	5	11773
260	5	11774
260	5	11775
260	5	11776
260	5	11777
260	6	11778
260	6	11779
261	0	11780
261	1	11781
261	2	11782
261	3	11783
261	4	11784
261	4	11785
261	4	11786
261	4	11787
261	4	11788
261	4	11789
261	4	11790
261	4	11791
261	4	11792
261	4	11793
261	4	11794
261	4	11795
261	4	11796
261	4	11797
261	4	11798
261	4	11799
261	4	11800
261	4	11801
261	4	11802
261	4	11803
261	4	11804
261	4	11805
261	4	11806
261	4	11807
261	5	11808
261	5	11809
261	5	11810
261	6	11811
262	0	11812
262	1	11813
262	2	11814
262	3	11815
262	4	11816
262	4	11817
262	4	11818
262	4	11819
262	4	11820
262	4	11821
262	4	11822
262	4	11823
262	4	11824
262	4	11825
262	4	11826
262	4	11827
262	4	11828
262	4	11829
262	4	11830
262	4	11831
262	4	11832
262	5	11833
262	5	11834
262	5	11835
262	5	11836
262	5	11837
262	5	11838
262	5	11839
262	6	11840
263	0	11841
263	0	11842
263	0	11843
263	0	11844
263	1	11845
263	1	11846
263	2	11847
263	3	11848
263	4	11849
263	4	11850
263	4	11851
263	4	11852
263	4	11853
263	4	11854
263	4	11855
263	4	11856
263	4	11857
263	4	11858
263	4	11859
263	4	11860
263	4	11861
263	4	11862
263	4	11863
263	4	11864
263	4	11865
263	4	11866
263	4	11867
263	4	11868
263	4	11869
263	4	11870
263	4	11871
263	4	11872
263	4	11873
263	4	11874
263	5	11875
263	5	11876
263	5	11877
263	5	11878
263	5	11879
263	5	11880
263	6	11881
264	0	11882
264	1	11883
264	3	11884
264	4	11885
264	4	11886
264	4	11887
264	4	11888
264	4	11889
264	4	11890
264	4	11891
264	4	11892
264	4	11893
264	4	11894
264	4	11895
264	4	11896
264	4	11897
264	4	11898
264	4	11899
264	4	11900
264	4	11901
264	4	11902
264	4	11903
264	4	11904
264	4	11905
264	4	11906
264	4	11907
264	5	11908
264	5	11909
264	5	11910
264	5	11911
264	5	11912
264	5	11913
264	5	11914
264	6	11915
265	0	11916
265	0	11917
265	1	11918
265	2	11919
265	3	11920
265	4	11921
265	4	11922
265	4	11923
265	4	11924
265	4	11925
265	4	11926
265	4	11927
265	4	11928
265	4	11929
265	4	11930
265	4	11931
265	4	11932
265	4	11933
265	4	11934
265	4	11935
265	4	11936
265	4	11937
265	4	11938
265	4	11939
265	4	11940
265	4	11941
265	4	11942
265	4	11943
265	4	11944
265	5	11945
265	5	11946
265	5	11947
265	5	11948
265	5	11949
265	5	11950
265	6	11951
266	2	11952
266	2	11953
266	4	11954
266	4	11955
266	4	11956
266	4	11957
266	4	11958
266	4	11959
266	4	11960
266	4	11961
266	4	11962
266	4	11963
266	4	11964
266	4	11965
266	5	11966
266	5	11967
266	5	11968
266	6	11969
266	6	11970
267	0	11971
267	1	11972
267	2	11973
267	4	11974
267	4	11975
267	4	11976
267	4	11977
267	4	11978
267	4	11979
267	4	11980
267	4	11981
267	4	11982
267	4	11983
267	4	11984
267	4	11985
267	4	11986
267	5	11987
267	5	11988
267	5	11989
267	5	11990
267	5	11991
267	5	11992
267	5	11993
267	6	11994
268	1	11995
268	1	11996
268	3	11997
268	4	11998
268	4	11999
268	4	12000
268	4	12001
268	4	12002
268	4	12003
268	4	12004
268	4	12005
268	4	12006
268	4	12007
268	4	12008
268	4	12009
268	4	12010
268	4	12011
268	4	12012
268	4	12013
268	4	12014
268	4	12015
268	4	12016
268	4	12017
268	4	12018
268	4	12019
268	4	12020
268	4	12021
268	4	12022
268	4	12023
268	4	12024
268	4	12025
268	4	12026
268	5	12027
268	5	12028
268	5	12029
268	5	12030
268	5	12031
268	5	12032
268	6	12033
269	0	12034
269	1	12035
269	2	12036
269	3	12037
269	4	12038
269	4	12039
269	4	12040
269	4	12041
269	4	12042
269	4	12043
269	4	12044
269	4	12045
269	4	12046
269	4	12047
269	4	12048
269	4	12049
269	4	12050
269	4	12051
269	4	12052
269	4	12053
269	4	12054
269	4	12055
269	4	12056
269	4	12057
269	4	12058
269	4	12059
269	5	12060
269	5	12061
269	5	12062
269	5	12063
269	5	12064
269	5	12065
269	5	12066
269	5	12067
269	6	12068
270	0	12069
270	0	12070
270	0	12071
270	0	12072
270	1	12073
270	1	12074
270	2	12075
270	3	12076
270	4	12077
270	4	12078
270	4	12079
270	4	12080
270	4	12081
270	4	12082
270	4	12083
270	4	12084
270	4	12085
270	4	12086
270	4	12087
270	4	12088
270	4	12089
270	4	12090
270	4	12091
270	4	12092
270	4	12093
270	4	12094
270	4	12095
270	4	12096
270	4	12097
270	4	12098
270	4	12099
270	4	12100
270	4	12101
270	4	12102
270	4	12103
270	4	12104
270	4	12105
270	4	12106
270	4	12107
270	4	12108
270	5	12109
270	5	12110
270	5	12111
270	5	12112
270	5	12113
270	5	12114
270	5	12115
270	6	12116
271	0	12117
271	0	12118
271	1	12119
271	2	12120
271	4	12121
271	4	12122
271	4	12123
271	4	12124
271	4	12125
271	4	12126
271	4	12127
271	4	12128
271	4	12129
271	4	12130
271	4	12131
271	4	12132
271	4	12133
271	4	12134
271	4	12135
271	4	12136
271	4	12137
271	4	12138
271	4	12139
271	4	12140
271	4	12141
271	4	12142
271	4	12143
271	5	12144
271	5	12145
271	5	12146
271	5	12147
271	5	12148
271	5	12149
271	5	12150
271	5	12151
271	6	12152
272	0	12153
272	0	12154
272	1	12155
272	2	12156
272	2	12157
272	3	12158
272	4	12159
272	4	12160
272	4	12161
272	4	12162
272	4	12163
272	4	12164
272	4	12165
272	4	12166
272	4	12167
272	4	12168
272	4	12169
272	4	12170
272	4	12171
272	4	12172
272	4	12173
272	4	12174
272	4	12175
272	4	12176
272	4	12177
272	4	12178
272	4	12179
272	4	12180
272	4	12181
272	4	12182
272	4	12183
272	4	12184
272	4	12185
272	4	12186
272	4	12187
272	4	12188
272	4	12189
272	4	12190
272	4	12191
272	4	12192
272	4	12193
272	4	12194
272	4	12195
272	4	12196
272	4	12197
272	5	12198
272	5	12199
272	5	12200
272	5	12201
272	5	12202
272	5	12203
272	5	12204
272	6	12205
273	0	12206
273	1	12207
273	2	12208
273	4	12209
273	4	12210
273	4	12211
273	4	12212
273	4	12213
273	4	12214
273	4	12215
273	4	12216
273	4	12217
273	4	12218
273	4	12219
273	4	12220
273	4	12221
273	5	12222
273	5	12223
273	5	12224
273	5	12225
273	5	12226
273	5	12227
273	5	12228
273	6	12229
274	0	12230
274	1	12231
274	2	12232
274	3	12233
274	4	12234
274	4	12235
274	4	12236
274	4	12237
274	4	12238
274	4	12239
274	4	12240
274	4	12241
274	4	12242
274	4	12243
274	4	12244
274	4	12245
274	4	12246
274	4	12247
274	4	12248
274	4	12249
274	4	12250
274	4	12251
274	4	12252
274	4	12253
274	4	12254
274	4	12255
274	4	12256
274	4	12257
274	4	12258
274	4	12259
274	4	12260
274	4	12261
274	4	12262
274	4	12263
274	4	12264
274	4	12265
274	5	12266
274	5	12267
274	5	12268
274	5	12269
274	6	12270
275	0	12271
275	0	12272
275	0	12273
275	1	12274
275	1	12275
275	2	12276
275	3	12277
275	4	12278
275	4	12279
275	4	12280
275	4	12281
275	4	12282
275	4	12283
275	4	12284
275	4	12285
275	4	12286
275	4	12287
275	4	12288
275	4	12289
275	4	12290
275	4	12291
275	4	12292
275	4	12293
275	4	12294
275	4	12295
275	4	12296
275	4	12297
275	5	12298
275	5	12299
275	5	12300
275	5	12301
275	5	12302
275	5	12303
275	5	12304
275	5	12305
275	5	12306
275	6	12307
276	1	12308
276	2	12309
276	3	12310
276	4	12311
276	4	12312
276	4	12313
276	4	12314
276	4	12315
276	4	12316
276	4	12317
276	4	12318
276	4	12319
276	4	12320
276	4	12321
276	4	12322
276	4	12323
276	4	12324
276	4	12325
276	4	12326
276	4	12327
276	5	12328
276	5	12329
276	5	12330
276	5	12331
276	5	12332
276	5	12333
276	6	12334
277	0	12335
277	0	12336
277	1	12337
277	2	12338
277	2	12339
277	3	12340
277	4	12341
277	4	12342
277	4	12343
277	4	12344
277	4	12345
277	4	12346
277	4	12347
277	4	12348
277	4	12349
277	4	12350
277	4	12351
277	4	12352
277	4	12353
277	4	12354
277	4	12355
277	4	12356
277	4	12357
277	4	12358
277	4	12359
277	4	12360
277	4	12361
277	4	12362
277	4	12363
277	4	12364
277	4	12365
277	4	12366
277	4	12367
277	4	12368
277	4	12369
277	4	12370
277	4	12371
277	4	12372
277	4	12373
277	4	12374
277	4	12375
277	4	12376
277	5	12377
277	5	12378
277	5	12379
277	5	12380
277	5	12381
277	5	12382
277	6	12383
278	0	12384
278	0	12385
278	1	12386
278	1	12387
278	2	12388
278	3	12389
278	4	12390
278	4	12391
278	4	12392
278	4	12393
278	4	12394
278	4	12395
278	4	12396
278	4	12397
278	4	12398
278	4	12399
278	4	12400
278	4	12401
278	4	12402
278	4	12403
278	4	12404
278	4	12405
278	4	12406
278	4	12407
278	4	12408
278	4	12409
278	4	12410
278	4	12411
278	4	12412
278	4	12413
278	4	12414
278	4	12415
278	5	12416
278	5	12417
278	5	12418
278	5	12419
278	5	12420
278	6	12421
279	4	12422
279	4	12423
279	4	12424
279	4	12425
279	4	12426
279	4	12427
279	4	12428
279	4	12429
279	4	12430
279	4	12431
279	4	12432
279	4	12433
280	0	12434
280	0	12435
280	0	12436
280	1	12437
280	2	12438
280	3	12439
280	4	12440
280	4	12441
280	4	12442
280	4	12443
280	4	12444
280	4	12445
280	4	12446
280	4	12447
280	4	12448
280	4	12449
280	4	12450
280	4	12451
280	4	12452
280	4	12453
280	4	12454
280	4	12455
280	4	12456
280	4	12457
280	4	12458
280	4	12459
280	4	12460
280	4	12461
280	5	12462
280	5	12463
280	5	12464
280	5	12465
280	5	12466
280	5	12467
280	6	12468
281	1	12469
281	2	12470
281	3	12471
281	4	12472
281	4	12473
281	4	12474
281	4	12475
281	4	12476
281	4	12477
281	4	12478
281	4	12479
281	4	12480
281	4	12481
281	4	12482
281	4	12483
281	4	12484
281	4	12485
281	4	12486
281	4	12487
281	4	12488
281	4	12489
281	4	12490
281	4	12491
281	4	12492
281	5	12493
281	5	12494
281	5	12495
281	5	12496
281	5	12497
281	5	12498
281	5	12499
281	6	12500
282	0	12501
282	1	12502
282	2	12503
282	3	12504
282	4	12505
282	4	12506
282	4	12507
282	4	12508
282	4	12509
282	4	12510
282	4	12511
282	4	12512
282	4	12513
282	4	12514
282	4	12515
282	4	12516
282	4	12517
282	4	12518
282	4	12519
282	4	12520
282	4	12521
282	4	12522
282	4	12523
282	4	12524
282	4	12525
282	4	12526
282	4	12527
282	4	12528
282	5	12529
282	5	12530
282	6	12531
283	0	12532
283	0	12533
283	1	12534
283	1	12535
283	2	12536
283	3	12537
283	4	12538
283	4	12539
283	4	12540
283	4	12541
283	4	12542
283	4	12543
283	4	12544
283	4	12545
283	4	12546
283	4	12547
283	4	12548
283	4	12549
283	4	12550
283	4	12551
283	4	12552
283	4	12553
283	4	12554
283	4	12555
283	4	12556
283	4	12557
283	4	12558
283	4	12559
283	4	12560
283	4	12561
283	4	12562
283	4	12563
283	4	12564
283	4	12565
283	4	12566
283	4	12567
283	4	12568
283	4	12569
283	4	12570
283	4	12571
283	4	12572
283	4	12573
283	4	12574
283	4	12575
283	4	12576
283	4	12577
283	4	12578
283	4	12579
283	4	12580
283	4	12581
283	4	12582
283	4	12583
283	4	12584
283	4	12585
283	4	12586
283	4	12587
283	4	12588
283	4	12589
283	4	12590
283	4	12591
283	4	12592
283	4	12593
283	4	12594
283	4	12595
283	4	12596
283	4	12597
283	4	12598
283	4	12599
283	4	12600
283	5	12601
283	5	12602
283	5	12603
283	5	12604
283	5	12605
283	5	12606
283	5	12607
283	5	12608
283	5	12609
283	5	12610
283	6	12611
284	0	12612
284	1	12613
284	2	12614
284	4	12615
284	4	12616
284	4	12617
284	4	12618
284	4	12619
284	4	12620
284	4	12621
284	4	12622
284	4	12623
284	4	12624
284	4	12625
284	4	12626
284	4	12627
284	4	12628
284	4	12629
284	4	12630
284	4	12631
284	4	12632
284	5	12633
284	5	12634
284	5	12635
284	5	12636
284	6	12637
285	0	12638
285	0	12639
285	0	12640
285	1	12641
285	3	12642
285	4	12643
285	4	12644
285	4	12645
285	4	12646
285	4	12647
285	4	12648
285	4	12649
285	4	12650
285	4	12651
285	4	12652
285	4	12653
285	4	12654
285	4	12655
285	4	12656
285	4	12657
285	4	12658
285	4	12659
285	4	12660
285	4	12661
285	4	12662
285	4	12663
285	4	12664
285	4	12665
285	4	12666
285	5	12667
285	5	12668
285	5	12669
285	5	12670
285	5	12671
285	6	12672
286	0	12673
286	0	12674
286	1	12675
286	2	12676
286	2	12677
286	3	12678
286	4	12679
286	4	12680
286	4	12681
286	4	12682
286	4	12683
286	4	12684
286	4	12685
286	4	12686
286	4	12687
286	4	12688
286	4	12689
286	4	12690
286	4	12691
286	4	12692
286	4	12693
286	4	12694
286	4	12695
286	4	12696
286	4	12697
286	4	12698
286	4	12699
286	4	12700
286	4	12701
286	4	12702
286	4	12703
286	4	12704
286	5	12705
286	5	12706
286	5	12707
286	5	12708
286	5	12709
286	5	12710
286	6	12711
287	0	12712
287	1	12713
287	3	12714
287	4	12715
287	4	12716
287	4	12717
287	4	12718
287	4	12719
287	4	12720
287	4	12721
287	4	12722
287	4	12723
287	4	12724
287	4	12725
287	4	12726
287	4	12727
287	4	12728
287	4	12729
287	4	12730
287	4	12731
287	4	12732
287	4	12733
287	4	12734
287	4	12735
287	4	12736
287	4	12737
287	4	12738
287	4	12739
287	5	12740
287	5	12741
287	5	12742
287	6	12743
288	0	12744
288	1	12745
288	2	12746
288	3	12747
288	4	12748
288	4	12749
288	4	12750
288	4	12751
288	4	12752
288	4	12753
288	4	12754
288	4	12755
288	4	12756
288	4	12757
288	4	12758
288	4	12759
288	4	12760
288	4	12761
288	4	12762
288	4	12763
288	4	12764
288	4	12765
288	4	12766
288	4	12767
288	4	12768
288	5	12769
288	5	12770
288	5	12771
288	5	12772
288	5	12773
288	5	12774
288	5	12775
288	5	12776
288	5	12777
288	5	12778
288	6	12779
289	1	12780
289	4	12781
289	4	12782
289	4	12783
289	4	12784
289	4	12785
289	4	12786
289	4	12787
289	4	12788
289	4	12789
289	4	12790
289	4	12791
289	4	12792
289	4	12793
289	4	12794
289	4	12795
289	4	12796
289	4	12797
289	5	12798
289	6	12799
290	0	12800
290	1	12801
290	2	12802
290	2	12803
290	3	12804
290	4	12805
290	4	12806
290	4	12807
290	4	12808
290	4	12809
290	4	12810
290	4	12811
290	4	12812
290	4	12813
290	4	12814
290	4	12815
290	4	12816
290	4	12817
290	4	12818
290	4	12819
290	4	12820
290	4	12821
290	4	12822
290	5	12823
290	5	12824
290	5	12825
290	6	12826
291	0	12827
291	0	12828
291	1	12829
291	3	12830
291	4	12831
291	4	12832
291	4	12833
291	4	12834
291	4	12835
291	4	12836
291	4	12837
291	4	12838
291	4	12839
291	4	12840
291	4	12841
291	4	12842
291	4	12843
291	4	12844
291	4	12845
291	4	12846
291	4	12847
291	4	12848
291	5	12849
291	5	12850
291	5	12851
291	5	12852
291	5	12853
291	5	12854
291	6	12855
292	0	12856
292	1	12857
292	2	12858
292	3	12859
292	4	12860
292	4	12861
292	4	12862
292	4	12863
292	4	12864
292	4	12865
292	4	12866
292	4	12867
292	4	12868
292	4	12869
292	4	12870
292	4	12871
292	4	12872
292	4	12873
292	4	12874
292	4	12875
292	4	12876
292	4	12877
292	4	12878
292	5	12879
292	5	12880
292	5	12881
292	6	12882
293	0	12883
293	1	12884
293	2	12885
293	2	12886
293	3	12887
293	4	12888
293	4	12889
293	4	12890
293	4	12891
293	4	12892
293	4	12893
293	4	12894
293	4	12895
293	4	12896
293	4	12897
293	4	12898
293	4	12899
293	4	12900
293	4	12901
293	4	12902
293	4	12903
293	4	12904
293	4	12905
293	4	12906
293	4	12907
293	4	12908
293	5	12909
293	5	12910
293	5	12911
293	5	12912
293	5	12913
293	5	12914
293	5	12915
293	5	12916
293	6	12917
294	0	12918
294	1	12919
294	1	12920
294	1	12921
294	2	12922
294	3	12923
294	4	12924
294	4	12925
294	4	12926
294	4	12927
294	4	12928
294	4	12929
294	4	12930
294	4	12931
294	4	12932
294	4	12933
294	4	12934
294	4	12935
294	4	12936
294	4	12937
294	4	12938
294	4	12939
294	4	12940
294	4	12941
294	4	12942
294	4	12943
294	4	12944
294	4	12945
294	4	12946
294	4	12947
294	4	12948
294	4	12949
294	4	12950
294	4	12951
294	4	12952
294	4	12953
294	4	12954
294	4	12955
294	4	12956
294	4	12957
294	4	12958
294	4	12959
294	4	12960
294	4	12961
294	4	12962
294	4	12963
294	4	12964
294	4	12965
294	4	12966
294	4	12967
294	4	12968
294	5	12969
294	5	12970
294	5	12971
294	5	12972
294	5	12973
294	6	12974
295	0	12975
295	0	12976
295	0	12977
295	0	12978
295	1	12979
295	2	12980
295	3	12981
295	4	12982
295	4	12983
295	4	12984
295	4	12985
295	4	12986
295	4	12987
295	4	12988
295	4	12989
295	4	12990
295	4	12991
295	4	12992
295	4	12993
295	4	12994
295	4	12995
295	4	12996
295	4	12997
295	4	12998
295	4	12999
295	4	13000
295	4	13001
295	4	13002
295	4	13003
295	4	13004
295	4	13005
295	4	13006
295	4	13007
295	4	13008
295	5	13009
295	5	13010
295	5	13011
295	6	13012
296	0	13013
296	0	13014
296	0	13015
296	1	13016
296	2	13017
296	4	13018
296	4	13019
296	4	13020
296	4	13021
296	4	13022
296	4	13023
296	4	13024
296	4	13025
296	4	13026
296	4	13027
296	4	13028
296	4	13029
296	4	13030
296	4	13031
296	4	13032
296	4	13033
296	4	13034
296	4	13035
296	4	13036
296	4	13037
296	5	13038
296	5	13039
296	5	13040
296	5	13041
296	5	13042
296	5	13043
296	5	13044
296	5	13045
296	5	13046
296	6	13047
297	0	13048
297	0	13049
297	1	13050
297	2	13051
297	3	13052
297	4	13053
297	4	13054
297	4	13055
297	4	13056
297	4	13057
297	4	13058
297	4	13059
297	4	13060
297	4	13061
297	4	13062
297	4	13063
297	4	13064
297	4	13065
297	4	13066
297	4	13067
297	4	13068
297	4	13069
297	4	13070
297	4	13071
297	4	13072
297	4	13073
297	4	13074
297	4	13075
297	4	13076
297	4	13077
297	5	13078
297	5	13079
297	5	13080
297	5	13081
297	5	13082
297	6	13083
298	0	13084
298	1	13085
298	2	13086
298	3	13087
298	4	13088
298	4	13089
298	4	13090
298	4	13091
298	4	13092
298	4	13093
298	4	13094
298	4	13095
298	4	13096
298	4	13097
298	4	13098
298	4	13099
298	4	13100
298	4	13101
298	4	13102
298	5	13103
298	5	13104
298	5	13105
298	5	13106
298	6	13107
299	0	13108
299	0	13109
299	1	13110
299	3	13111
299	4	13112
299	4	13113
299	4	13114
299	4	13115
299	4	13116
299	4	13117
299	4	13118
299	4	13119
299	4	13120
299	4	13121
299	4	13122
299	4	13123
299	4	13124
299	4	13125
299	4	13126
299	4	13127
299	5	13128
299	5	13129
299	5	13130
299	5	13131
299	6	13132
300	0	13133
300	1	13134
300	2	13135
300	3	13136
300	4	13137
300	4	13138
300	4	13139
300	4	13140
300	4	13141
300	4	13142
300	4	13143
300	4	13144
300	4	13145
300	4	13146
300	4	13147
300	4	13148
300	4	13149
300	4	13150
300	4	13151
300	4	13152
300	4	13153
300	4	13154
300	4	13155
300	4	13156
300	4	13157
300	4	13158
300	4	13159
300	4	13160
300	4	13161
300	4	13162
300	4	13163
300	4	13164
300	4	13165
300	4	13166
300	4	13167
300	5	13168
300	5	13169
300	5	13170
300	5	13171
300	6	13172
301	1	13173
301	2	13174
301	3	13175
301	4	13176
301	4	13177
301	4	13178
301	4	13179
301	4	13180
301	4	13181
301	4	13182
301	4	13183
301	4	13184
301	4	13185
301	4	13186
301	4	13187
301	4	13188
301	4	13189
301	4	13190
301	4	13191
301	4	13192
301	4	13193
301	4	13194
301	4	13195
301	4	13196
301	5	13197
301	5	13198
301	5	13199
301	5	13200
301	5	13201
301	6	13202
302	0	13203
302	2	13204
302	2	13205
302	2	13206
302	2	13207
302	2	13208
302	3	13209
302	4	13210
302	4	13211
302	4	13212
302	4	13213
302	4	13214
302	4	13215
302	4	13216
302	4	13217
302	4	13218
302	4	13219
302	4	13220
302	6	13221
303	0	13222
303	0	13223
303	1	13224
303	2	13225
303	3	13226
303	4	13227
303	4	13228
303	4	13229
303	4	13230
303	4	13231
303	4	13232
303	4	13233
303	4	13234
303	4	13235
303	4	13236
303	4	13237
303	4	13238
303	4	13239
303	4	13240
303	4	13241
303	4	13242
303	4	13243
303	4	13244
303	4	13245
303	4	13246
303	4	13247
303	4	13248
303	4	13249
303	4	13250
303	4	13251
303	5	13252
303	5	13253
303	5	13254
303	5	13255
303	5	13256
303	5	13257
303	5	13258
303	5	13259
303	6	13260
304	0	13261
304	1	13262
304	4	13263
304	4	13264
304	4	13265
304	4	13266
304	4	13267
304	4	13268
304	4	13269
304	4	13270
304	5	13271
304	5	13272
304	5	13273
304	5	13274
304	5	13275
304	5	13276
304	5	13277
304	5	13278
304	5	13279
304	5	13280
304	5	13281
304	6	13282
305	0	13283
305	0	13284
305	1	13285
305	2	13286
305	3	13287
305	4	13288
305	4	13289
305	4	13290
305	4	13291
305	4	13292
305	4	13293
305	4	13294
305	4	13295
305	4	13296
305	4	13297
305	4	13298
305	4	13299
305	4	13300
305	5	13301
305	5	13302
305	5	13303
305	6	13304
306	0	13305
306	0	13306
306	1	13307
306	2	13308
306	3	13309
306	4	13310
306	4	13311
306	4	13312
306	4	13313
306	4	13314
306	4	13315
306	4	13316
306	4	13317
306	4	13318
306	4	13319
306	4	13320
306	4	13321
306	4	13322
306	4	13323
306	4	13324
306	4	13325
306	4	13326
306	4	13327
306	4	13328
306	4	13329
306	4	13330
306	4	13331
306	4	13332
306	4	13333
306	5	13334
306	5	13335
306	5	13336
306	5	13337
306	5	13338
306	6	13339
307	0	13340
307	0	13341
307	0	13342
307	0	13343
307	1	13344
307	2	13345
307	2	13346
307	3	13347
307	4	13348
307	4	13349
307	4	13350
307	4	13351
307	4	13352
307	4	13353
307	4	13354
307	4	13355
307	4	13356
307	4	13357
307	4	13358
307	4	13359
307	4	13360
307	4	13361
307	4	13362
307	4	13363
307	4	13364
307	4	13365
307	4	13366
307	4	13367
307	4	13368
307	4	13369
307	4	13370
307	4	13371
307	4	13372
307	4	13373
307	4	13374
307	4	13375
307	4	13376
307	4	13377
307	5	13378
307	5	13379
307	5	13380
307	5	13381
307	5	13382
307	5	13383
307	6	13384
308	0	13385
308	1	13386
308	3	13387
308	4	13388
308	4	13389
308	4	13390
308	4	13391
308	4	13392
308	4	13393
308	4	13394
308	4	13395
308	4	13396
308	4	13397
308	4	13398
308	4	13399
308	4	13400
308	4	13401
308	4	13402
308	4	13403
308	5	13404
308	5	13405
308	5	13406
308	5	13407
308	5	13408
308	5	13409
308	5	13410
308	6	13411
309	0	13412
309	0	13413
309	0	13414
309	1	13415
309	2	13416
309	3	13417
309	4	13418
309	4	13419
309	4	13420
309	4	13421
309	4	13422
309	4	13423
309	4	13424
309	4	13425
309	4	13426
309	4	13427
309	4	13428
309	4	13429
309	4	13430
309	4	13431
309	4	13432
309	4	13433
309	4	13434
309	4	13435
309	4	13436
309	4	13437
309	4	13438
309	4	13439
309	4	13440
309	4	13441
309	4	13442
309	4	13443
309	4	13444
309	4	13445
309	4	13446
309	4	13447
309	4	13448
309	4	13449
309	4	13450
309	4	13451
309	4	13452
309	4	13453
309	4	13454
309	5	13455
309	5	13456
309	5	13457
309	5	13458
309	5	13459
309	5	13460
309	5	13461
309	5	13462
309	5	13463
309	6	13464
310	0	13465
310	1	13466
310	3	13467
310	4	13468
310	4	13469
310	4	13470
310	4	13471
310	4	13472
310	4	13473
310	4	13474
310	4	13475
310	4	13476
310	4	13477
310	5	13478
310	5	13479
310	5	13480
310	5	13481
310	5	13482
310	5	13483
310	5	13484
310	5	13485
310	5	13486
310	5	13487
310	6	13488
311	0	13489
311	0	13490
311	1	13491
311	2	13492
311	2	13493
311	3	13494
311	4	13495
311	4	13496
311	4	13497
311	4	13498
311	4	13499
311	4	13500
311	4	13501
311	4	13502
311	4	13503
311	4	13504
311	4	13505
311	4	13506
311	4	13507
311	4	13508
311	4	13509
311	4	13510
311	4	13511
311	4	13512
311	4	13513
311	5	13514
311	5	13515
311	5	13516
311	5	13517
311	5	13518
311	6	13519
312	0	13520
312	0	13521
312	0	13522
312	0	13523
312	1	13524
312	2	13525
312	3	13526
312	4	13527
312	4	13528
312	4	13529
312	4	13530
312	4	13531
312	4	13532
312	4	13533
312	4	13534
312	4	13535
312	4	13536
312	4	13537
312	4	13538
312	4	13539
312	4	13540
312	4	13541
312	4	13542
312	4	13543
312	4	13544
312	4	13545
312	4	13546
312	4	13547
312	4	13548
312	4	13549
312	4	13550
312	4	13551
312	4	13552
312	4	13553
312	4	13554
312	4	13555
312	4	13556
312	5	13557
312	5	13558
312	5	13559
312	5	13560
312	5	13561
312	5	13562
312	5	13563
312	6	13564
313	1	13565
313	2	13566
313	4	13567
313	4	13568
313	4	13569
313	4	13570
313	4	13571
313	4	13572
313	4	13573
313	4	13574
313	4	13575
313	4	13576
313	4	13577
313	4	13578
313	4	13579
313	4	13580
313	4	13581
313	4	13582
313	4	13583
313	4	13584
313	4	13585
313	5	13586
313	5	13587
313	5	13588
313	5	13589
313	6	13590
314	0	13591
314	0	13592
314	1	13593
314	1	13594
314	2	13595
314	3	13596
314	4	13597
314	4	13598
314	4	13599
314	4	13600
314	4	13601
314	4	13602
314	4	13603
314	4	13604
314	4	13605
314	4	13606
314	4	13607
314	4	13608
314	4	13609
314	4	13610
314	4	13611
314	4	13612
314	4	13613
314	4	13614
314	4	13615
314	4	13616
314	4	13617
314	4	13618
314	4	13619
314	4	13620
314	4	13621
314	5	13622
314	5	13623
314	5	13624
314	5	13625
314	5	13626
314	5	13627
314	5	13628
314	5	13629
314	5	13630
314	5	13631
314	5	13632
314	5	13633
314	5	13634
314	5	13635
314	5	13636
314	5	13637
314	5	13638
314	5	13639
314	5	13640
314	6	13641
315	0	13642
315	1	13643
315	2	13644
315	3	13645
315	4	13646
315	4	13647
315	4	13648
315	4	13649
315	4	13650
315	4	13651
315	4	13652
315	4	13653
315	4	13654
315	4	13655
315	4	13656
315	4	13657
315	4	13658
315	4	13659
315	4	13660
315	4	13661
315	4	13662
315	4	13663
315	4	13664
315	4	13665
315	4	13666
315	4	13667
315	4	13668
315	4	13669
315	4	13670
315	4	13671
315	4	13672
315	4	13673
315	4	13674
315	4	13675
315	5	13676
315	5	13677
315	5	13678
315	5	13679
315	5	13680
315	5	13681
315	6	13682
316	0	13683
316	0	13684
316	0	13685
316	1	13686
316	2	13687
316	2	13688
316	3	13689
316	4	13690
316	4	13691
316	4	13692
316	4	13693
316	4	13694
316	4	13695
316	4	13696
316	4	13697
316	4	13698
316	4	13699
316	4	13700
316	4	13701
316	4	13702
316	4	13703
316	4	13704
316	4	13705
316	4	13706
316	4	13707
316	4	13708
316	4	13709
316	4	13710
316	4	13711
316	5	13712
316	5	13713
316	5	13714
316	5	13715
316	5	13716
316	5	13717
316	5	13718
316	5	13719
316	5	13720
316	6	13721
317	0	13722
317	1	13723
317	2	13724
317	3	13725
317	4	13726
317	4	13727
317	4	13728
317	4	13729
317	4	13730
317	4	13731
317	4	13732
317	4	13733
317	4	13734
317	4	13735
317	4	13736
317	4	13737
317	4	13738
317	4	13739
317	4	13740
317	5	13741
317	5	13742
317	5	13743
317	5	13744
317	6	13745
318	0	13746
318	0	13747
318	0	13748
318	1	13749
318	2	13750
318	3	13751
318	4	13752
318	4	13753
318	4	13754
318	4	13755
318	4	13756
318	4	13757
318	4	13758
318	4	13759
318	4	13760
318	4	13761
318	4	13762
318	4	13763
318	4	13764
318	4	13765
318	4	13766
318	4	13767
318	4	13768
318	4	13769
318	4	13770
318	4	13771
318	4	13772
318	4	13773
318	4	13774
318	4	13775
318	4	13776
318	4	13777
318	4	13778
318	4	13779
318	4	13780
318	4	13781
318	4	13782
318	4	13783
318	4	13784
318	4	13785
318	4	13786
318	4	13787
318	4	13788
318	4	13789
318	4	13790
318	4	13791
318	4	13792
318	5	13793
318	5	13794
318	5	13795
318	5	13796
318	5	13797
318	5	13798
318	5	13799
318	6	13800
319	0	13801
319	0	13802
319	1	13803
319	2	13804
319	3	13805
319	4	13806
319	4	13807
319	4	13808
319	4	13809
319	4	13810
319	4	13811
319	4	13812
319	4	13813
319	4	13814
319	4	13815
319	4	13816
319	4	13817
319	4	13818
319	4	13819
319	4	13820
319	4	13821
319	4	13822
319	4	13823
319	4	13824
319	4	13825
319	4	13826
319	4	13827
319	4	13828
319	4	13829
319	4	13830
319	4	13831
319	5	13832
319	5	13833
319	5	13834
319	5	13835
319	5	13836
319	5	13837
319	6	13838
320	0	13839
320	0	13840
320	1	13841
320	2	13842
320	4	13843
320	4	13844
320	4	13845
320	4	13846
320	4	13847
320	4	13848
320	4	13849
320	4	13850
320	4	13851
320	4	13852
320	4	13853
320	5	13854
320	5	13855
320	5	13856
320	5	13857
320	5	13858
321	0	13859
321	0	13860
321	1	13861
321	2	13862
321	4	13863
321	4	13864
321	4	13865
321	4	13866
321	4	13867
321	4	13868
321	4	13869
321	4	13870
321	4	13871
321	4	13872
321	4	13873
321	4	13874
321	4	13875
321	4	13876
321	4	13877
321	4	13878
321	4	13879
321	4	13880
321	4	13881
321	4	13882
321	4	13883
321	4	13884
321	4	13885
321	5	13886
321	5	13887
321	5	13888
321	5	13889
321	5	13890
321	5	13891
321	5	13892
321	5	13893
321	5	13894
321	5	13895
321	5	13896
321	6	13897
322	0	13898
322	0	13899
322	1	13900
322	2	13901
322	3	13902
322	4	13903
322	4	13904
322	4	13905
322	4	13906
322	4	13907
322	4	13908
322	4	13909
322	4	13910
322	4	13911
322	4	13912
322	4	13913
322	4	13914
322	4	13915
322	5	13916
322	5	13917
322	5	13918
322	6	13919
323	0	13920
323	0	13921
323	1	13922
323	2	13923
323	3	13924
323	4	13925
323	4	13926
323	4	13927
323	4	13928
323	4	13929
323	4	13930
323	4	13931
323	4	13932
323	4	13933
323	4	13934
323	4	13935
323	4	13936
323	4	13937
323	4	13938
323	4	13939
323	4	13940
323	4	13941
323	4	13942
323	5	13943
323	5	13944
323	5	13945
323	5	13946
323	5	13947
323	6	13948
324	1	13949
324	3	13950
324	4	13951
324	4	13952
324	4	13953
324	4	13954
324	4	13955
324	4	13956
324	4	13957
324	4	13958
324	4	13959
324	4	13960
324	4	13961
324	4	13962
324	4	13963
324	4	13964
324	4	13965
324	4	13966
324	4	13967
324	4	13968
324	4	13969
324	4	13970
324	4	13971
324	4	13972
324	4	13973
324	4	13974
324	4	13975
324	5	13976
324	5	13977
324	5	13978
324	5	13979
324	5	13980
324	5	13981
324	5	13982
324	6	13983
325	0	13984
325	0	13985
325	1	13986
325	2	13987
325	2	13988
325	4	13989
325	4	13990
325	4	13991
325	4	13992
325	4	13993
325	4	13994
325	4	13995
325	4	13996
325	4	13997
325	4	13998
325	4	13999
325	4	14000
325	4	14001
325	4	14002
325	4	14003
325	4	14004
325	4	14005
325	4	14006
325	4	14007
325	4	14008
325	4	14009
325	4	14010
325	4	14011
325	4	14012
325	4	14013
325	4	14014
325	4	14015
325	4	14016
325	4	14017
325	4	14018
325	4	14019
325	4	14020
325	4	14021
325	4	14022
325	5	14023
325	5	14024
325	5	14025
325	6	14026
326	1	14027
326	1	14028
326	2	14029
326	2	14030
326	3	14031
326	4	14032
326	4	14033
326	4	14034
326	4	14035
326	4	14036
326	4	14037
326	4	14038
326	4	14039
326	4	14040
326	4	14041
326	4	14042
326	4	14043
326	4	14044
326	4	14045
326	4	14046
326	4	14047
326	4	14048
326	4	14049
326	4	14050
326	4	14051
326	4	14052
326	4	14053
326	4	14054
326	4	14055
326	4	14056
326	4	14057
326	4	14058
326	4	14059
326	4	14060
326	4	14061
326	4	14062
326	4	14063
326	4	14064
326	4	14065
326	5	14066
326	5	14067
326	5	14068
326	5	14069
326	5	14070
326	5	14071
326	6	14072
327	1	14073
327	2	14074
327	3	14075
327	4	14076
327	4	14077
327	4	14078
327	4	14079
327	4	14080
327	4	14081
327	4	14082
327	4	14083
327	4	14084
327	4	14085
327	4	14086
327	4	14087
327	4	14088
327	4	14089
327	4	14090
327	4	14091
327	4	14092
327	4	14093
327	4	14094
327	4	14095
327	4	14096
327	4	14097
327	5	14098
327	5	14099
327	5	14100
327	6	14101
328	4	14102
328	4	14103
328	4	14104
328	4	14105
328	4	14106
328	4	14107
328	4	14108
328	4	14109
328	4	14110
328	4	14111
328	5	14112
328	5	14113
329	0	14114
329	1	14115
329	3	14116
329	4	14117
329	4	14118
329	4	14119
329	4	14120
329	4	14121
329	4	14122
329	4	14123
329	4	14124
329	4	14125
329	4	14126
329	4	14127
329	4	14128
329	4	14129
329	4	14130
329	4	14131
329	4	14132
329	4	14133
329	4	14134
329	4	14135
329	4	14136
329	4	14137
329	4	14138
329	4	14139
329	5	14140
329	5	14141
329	6	14142
330	0	14143
330	0	14144
330	0	14145
330	1	14146
330	2	14147
330	2	14148
330	3	14149
330	4	14150
330	4	14151
330	4	14152
330	4	14153
330	4	14154
330	4	14155
330	4	14156
330	4	14157
330	4	14158
330	4	14159
330	4	14160
330	4	14161
330	4	14162
330	4	14163
330	4	14164
330	4	14165
330	4	14166
330	4	14167
330	4	14168
330	4	14169
330	4	14170
330	4	14171
330	4	14172
330	4	14173
330	4	14174
330	4	14175
330	5	14176
330	5	14177
330	5	14178
330	5	14179
330	5	14180
330	5	14181
330	5	14182
330	5	14183
330	6	14184
331	0	14185
331	0	14186
331	1	14187
331	2	14188
331	3	14189
331	4	14190
331	4	14191
331	4	14192
331	4	14193
331	4	14194
331	4	14195
331	4	14196
331	4	14197
331	4	14198
331	4	14199
331	4	14200
331	4	14201
331	4	14202
331	4	14203
331	4	14204
331	4	14205
331	4	14206
331	4	14207
331	4	14208
331	5	14209
331	5	14210
331	5	14211
331	5	14212
331	6	14213
332	0	14214
332	1	14215
332	2	14216
332	3	14217
332	4	14218
332	4	14219
332	4	14220
332	4	14221
332	4	14222
332	4	14223
332	4	14224
332	4	14225
332	4	14226
332	4	14227
332	4	14228
332	4	14229
332	4	14230
332	4	14231
332	4	14232
332	4	14233
332	4	14234
332	4	14235
332	4	14236
332	4	14237
332	4	14238
332	4	14239
332	4	14240
332	4	14241
332	4	14242
332	4	14243
332	4	14244
332	4	14245
332	4	14246
332	4	14247
332	4	14248
332	4	14249
332	5	14250
332	5	14251
332	5	14252
332	5	14253
332	5	14254
332	6	14255
333	0	14256
333	0	14257
333	1	14258
333	2	14259
333	3	14260
333	4	14261
333	4	14262
333	4	14263
333	4	14264
333	4	14265
333	4	14266
333	4	14267
333	4	14268
333	4	14269
333	4	14270
333	4	14271
333	4	14272
333	4	14273
333	4	14274
333	5	14275
333	5	14276
333	5	14277
333	5	14278
333	6	14279
334	0	14280
334	0	14281
334	1	14282
334	2	14283
334	4	14284
334	4	14285
334	4	14286
334	4	14287
334	4	14288
334	4	14289
334	4	14290
334	4	14291
334	4	14292
334	4	14293
334	4	14294
334	4	14295
334	4	14296
334	4	14297
334	4	14298
334	4	14299
334	4	14300
334	4	14301
334	4	14302
334	4	14303
334	4	14304
334	4	14305
334	4	14306
334	4	14307
334	4	14308
334	4	14309
334	4	14310
334	5	14311
334	5	14312
334	6	14313
335	0	14314
335	0	14315
335	1	14316
335	2	14317
335	3	14318
335	4	14319
335	4	14320
335	4	14321
335	4	14322
335	4	14323
335	4	14324
335	4	14325
335	4	14326
335	4	14327
335	4	14328
335	4	14329
335	4	14330
335	4	14331
335	4	14332
335	4	14333
335	4	14334
335	4	14335
335	4	14336
335	4	14337
335	4	14338
335	4	14339
335	4	14340
335	4	14341
335	4	14342
335	4	14343
335	4	14344
335	4	14345
335	4	14346
335	4	14347
335	4	14348
335	4	14349
335	4	14350
335	4	14351
335	4	14352
335	4	14353
335	4	14354
335	4	14355
335	4	14356
335	4	14357
335	5	14358
335	6	14359
336	0	14360
336	1	14361
336	2	14362
336	3	14363
336	4	14364
336	4	14365
336	4	14366
336	4	14367
336	4	14368
336	4	14369
336	4	14370
336	4	14371
336	4	14372
336	4	14373
336	4	14374
336	4	14375
336	4	14376
336	4	14377
336	4	14378
336	5	14379
336	5	14380
336	5	14381
336	5	14382
336	5	14383
336	6	14384
337	0	14385
337	1	14386
337	2	14387
337	3	14388
337	4	14389
337	4	14390
337	4	14391
337	4	14392
337	4	14393
337	4	14394
337	4	14395
337	4	14396
337	4	14397
337	4	14398
337	4	14399
337	4	14400
337	4	14401
337	4	14402
337	4	14403
337	4	14404
337	5	14405
337	5	14406
337	5	14407
337	5	14408
337	5	14409
337	6	14410
338	0	14411
338	0	14412
338	1	14413
338	2	14414
338	3	14415
338	4	14416
338	4	14417
338	4	14418
338	4	14419
338	4	14420
338	4	14421
338	4	14422
338	4	14423
338	4	14424
338	4	14425
338	4	14426
338	4	14427
338	4	14428
338	4	14429
338	5	14430
338	5	14431
338	5	14432
338	5	14433
338	5	14434
338	5	14435
338	5	14436
338	6	14437
339	0	14438
339	0	14439
339	1	14440
339	2	14441
339	3	14442
339	4	14443
339	4	14444
339	4	14445
339	4	14446
339	4	14447
339	4	14448
339	4	14449
339	4	14450
339	4	14451
339	4	14452
339	4	14453
339	4	14454
339	4	14455
339	4	14456
339	4	14457
339	4	14458
339	4	14459
339	4	14460
339	4	14461
339	4	14462
339	4	14463
339	5	14464
339	5	14465
339	5	14466
339	5	14467
339	6	14468
340	0	14469
340	1	14470
340	2	14471
340	4	14472
340	4	14473
340	4	14474
340	4	14475
340	4	14476
340	4	14477
340	4	14478
340	4	14479
340	4	14480
340	4	14481
340	4	14482
340	4	14483
340	4	14484
340	4	14485
340	4	14486
340	4	14487
340	5	14488
340	5	14489
340	5	14490
340	5	14491
340	5	14492
340	6	14493
341	1	14494
341	1	14495
341	2	14496
341	2	14497
341	2	14498
341	3	14499
341	4	14500
341	4	14501
341	4	14502
341	4	14503
341	4	14504
341	4	14505
341	4	14506
341	4	14507
341	4	14508
341	4	14509
341	4	14510
341	4	14511
341	4	14512
341	4	14513
341	4	14514
341	4	14515
341	4	14516
341	4	14517
341	4	14518
341	4	14519
341	4	14520
341	4	14521
341	4	14522
341	4	14523
341	4	14524
341	4	14525
341	4	14526
341	5	14527
341	5	14528
341	5	14529
341	5	14530
341	5	14531
341	5	14532
341	5	14533
341	6	14534
342	0	14535
342	0	14536
342	0	14537
342	1	14538
342	4	14539
342	4	14540
342	4	14541
342	4	14542
342	4	14543
342	4	14544
342	4	14545
342	4	14546
342	4	14547
342	4	14548
342	4	14549
342	4	14550
342	4	14551
342	4	14552
342	4	14553
342	4	14554
342	4	14555
342	4	14556
342	4	14557
342	4	14558
342	4	14559
342	4	14560
342	4	14561
342	4	14562
342	4	14563
342	4	14564
342	4	14565
342	4	14566
342	4	14567
342	4	14568
342	4	14569
342	4	14570
342	4	14571
342	4	14572
342	4	14573
342	4	14574
342	4	14575
342	4	14576
342	4	14577
342	4	14578
342	4	14579
342	4	14580
342	4	14581
342	4	14582
342	4	14583
342	5	14584
342	5	14585
342	5	14586
342	5	14587
342	5	14588
342	5	14589
342	5	14590
342	5	14591
342	5	14592
342	6	14593
343	0	14594
343	0	14595
343	0	14596
343	1	14597
343	1	14598
343	2	14599
343	3	14600
343	4	14601
343	4	14602
343	4	14603
343	4	14604
343	4	14605
343	4	14606
343	4	14607
343	4	14608
343	4	14609
343	4	14610
343	4	14611
343	4	14612
343	4	14613
343	4	14614
343	4	14615
343	4	14616
343	4	14617
343	4	14618
343	4	14619
343	4	14620
343	4	14621
343	4	14622
343	4	14623
343	4	14624
343	4	14625
343	4	14626
343	4	14627
343	4	14628
343	4	14629
343	4	14630
343	4	14631
343	4	14632
343	4	14633
343	4	14634
343	4	14635
343	4	14636
343	5	14637
343	5	14638
343	5	14639
343	5	14640
343	5	14641
343	5	14642
343	5	14643
343	6	14644
344	0	14645
344	1	14646
344	2	14647
344	2	14648
344	2	14649
344	3	14650
344	4	14651
344	4	14652
344	4	14653
344	4	14654
344	4	14655
344	4	14656
344	4	14657
344	4	14658
344	4	14659
344	4	14660
344	4	14661
344	4	14662
344	4	14663
344	4	14664
344	4	14665
344	4	14666
344	4	14667
344	4	14668
344	4	14669
344	4	14670
344	4	14671
344	4	14672
344	4	14673
344	4	14674
344	4	14675
344	4	14676
344	5	14677
344	5	14678
344	5	14679
344	5	14680
344	5	14681
344	5	14682
344	5	14683
344	6	14684
345	4	14685
345	4	14686
345	4	14687
345	4	14688
345	4	14689
345	4	14690
345	4	14691
345	4	14692
345	4	14693
345	4	14694
345	4	14695
345	4	14696
345	4	14697
345	4	14698
345	4	14699
345	4	14700
345	4	14701
345	4	14702
345	4	14703
345	4	14704
345	4	14705
345	4	14706
345	4	14707
346	0	14708
346	1	14709
346	2	14710
346	2	14711
346	2	14712
346	3	14713
346	4	14714
346	4	14715
346	4	14716
346	4	14717
346	4	14718
346	4	14719
346	4	14720
346	4	14721
346	4	14722
346	4	14723
346	4	14724
346	4	14725
346	4	14726
346	4	14727
346	4	14728
346	4	14729
346	4	14730
346	4	14731
346	4	14732
346	4	14733
346	4	14734
346	4	14735
346	4	14736
346	4	14737
346	4	14738
346	4	14739
346	4	14740
346	4	14741
346	4	14742
346	4	14743
346	4	14744
346	5	14745
346	5	14746
346	5	14747
346	5	14748
346	5	14749
346	5	14750
346	5	14751
346	5	14752
346	5	14753
346	5	14754
346	5	14755
346	6	14756
347	0	14757
347	1	14758
347	2	14759
347	4	14760
347	4	14761
347	4	14762
347	4	14763
347	4	14764
347	4	14765
347	4	14766
347	4	14767
347	4	14768
347	4	14769
347	4	14770
347	4	14771
347	4	14772
347	4	14773
347	4	14774
347	4	14775
347	4	14776
347	4	14777
347	4	14778
347	4	14779
347	4	14780
347	5	14781
347	5	14782
347	5	14783
347	6	14784
348	1	14785
348	2	14786
348	4	14787
348	4	14788
348	4	14789
348	4	14790
348	4	14791
348	4	14792
348	4	14793
348	4	14794
348	4	14795
348	4	14796
348	4	14797
348	4	14798
348	4	14799
348	4	14800
348	4	14801
348	4	14802
348	4	14803
348	4	14804
348	4	14805
348	4	14806
348	4	14807
348	4	14808
348	4	14809
348	4	14810
348	4	14811
348	4	14812
348	4	14813
348	4	14814
348	4	14815
348	4	14816
348	4	14817
348	4	14818
348	4	14819
348	4	14820
348	4	14821
348	4	14822
348	5	14823
348	5	14824
348	5	14825
348	5	14826
348	6	14827
349	0	14828
349	1	14829
349	2	14830
349	2	14831
349	3	14832
349	4	14833
349	4	14834
349	4	14835
349	4	14836
349	4	14837
349	4	14838
349	4	14839
349	4	14840
349	4	14841
349	4	14842
349	4	14843
349	4	14844
349	4	14845
349	4	14846
349	4	14847
349	4	14848
349	4	14849
349	4	14850
349	4	14851
349	4	14852
349	4	14853
349	4	14854
349	4	14855
349	4	14856
349	5	14857
349	5	14858
349	5	14859
349	5	14860
349	5	14861
349	5	14862
349	5	14863
349	6	14864
350	0	14865
350	0	14866
350	1	14867
350	2	14868
350	2	14869
350	3	14870
350	4	14871
350	4	14872
350	4	14873
350	4	14874
350	4	14875
350	4	14876
350	4	14877
350	4	14878
350	4	14879
350	4	14880
350	4	14881
350	4	14882
350	4	14883
350	4	14884
350	4	14885
350	4	14886
350	4	14887
350	4	14888
350	4	14889
350	4	14890
350	4	14891
350	4	14892
350	5	14893
350	5	14894
350	5	14895
350	5	14896
350	5	14897
350	6	14898
351	0	14899
351	1	14900
351	1	14901
351	2	14902
351	3	14903
351	4	14904
351	4	14905
351	4	14906
351	4	14907
351	4	14908
351	4	14909
351	4	14910
351	4	14911
351	4	14912
351	4	14913
351	4	14914
351	4	14915
351	4	14916
351	4	14917
351	4	14918
351	4	14919
351	4	14920
351	4	14921
351	4	14922
351	4	14923
351	4	14924
351	4	14925
351	4	14926
351	4	14927
351	4	14928
351	4	14929
351	4	14930
351	4	14931
351	5	14932
351	5	14933
351	5	14934
351	5	14935
351	5	14936
351	5	14937
351	6	14938
352	0	14939
352	1	14940
352	2	14941
352	3	14942
352	4	14943
352	4	14944
352	4	14945
352	4	14946
352	4	14947
352	4	14948
352	4	14949
352	4	14950
352	4	14951
352	4	14952
352	4	14953
352	4	14954
352	4	14955
352	4	14956
352	4	14957
352	4	14958
352	4	14959
352	4	14960
352	4	14961
352	4	14962
352	4	14963
352	4	14964
352	4	14965
352	4	14966
352	4	14967
352	4	14968
352	4	14969
352	4	14970
352	4	14971
352	4	14972
352	4	14973
352	5	14974
352	5	14975
352	5	14976
352	5	14977
352	5	14978
352	5	14979
352	6	14980
353	0	14981
353	1	14982
353	2	14983
353	2	14984
353	3	14985
353	4	14986
353	4	14987
353	4	14988
353	4	14989
353	4	14990
353	4	14991
353	4	14992
353	4	14993
353	4	14994
353	4	14995
353	4	14996
353	4	14997
353	4	14998
353	4	14999
353	4	15000
353	4	15001
353	4	15002
353	4	15003
353	4	15004
353	4	15005
353	4	15006
353	4	15007
353	4	15008
353	4	15009
353	4	15010
353	4	15011
353	4	15012
353	4	15013
353	4	15014
353	4	15015
353	5	15016
353	5	15017
353	5	15018
353	6	15019
354	1	15020
354	2	15021
354	3	15022
354	4	15023
354	4	15024
354	4	15025
354	4	15026
354	4	15027
354	4	15028
354	4	15029
354	4	15030
354	4	15031
354	4	15032
354	4	15033
354	4	15034
354	4	15035
354	4	15036
354	4	15037
354	4	15038
354	4	15039
354	4	15040
354	4	15041
354	4	15042
354	4	15043
354	4	15044
354	4	15045
354	4	15046
354	4	15047
354	4	15048
354	5	15049
354	5	15050
354	5	15051
354	5	15052
354	5	15053
354	5	15054
354	5	15055
354	5	15056
354	6	15057
355	0	15058
355	0	15059
355	1	15060
355	2	15061
355	3	15062
355	4	15063
355	4	15064
355	4	15065
355	4	15066
355	4	15067
355	4	15068
355	4	15069
355	4	15070
355	4	15071
355	4	15072
355	4	15073
355	4	15074
355	4	15075
355	4	15076
355	4	15077
355	4	15078
355	4	15079
355	4	15080
355	4	15081
355	4	15082
355	4	15083
355	4	15084
355	4	15085
355	4	15086
355	5	15087
355	5	15088
355	6	15089
356	0	15090
356	1	15091
356	2	15092
356	4	15093
356	4	15094
356	4	15095
356	4	15096
356	4	15097
356	4	15098
356	4	15099
356	4	15100
356	4	15101
356	4	15102
356	4	15103
356	4	15104
356	4	15105
356	4	15106
356	4	15107
356	4	15108
356	5	15109
356	5	15110
356	5	15111
356	6	15112
357	0	15113
357	1	15114
357	2	15115
357	2	15116
357	2	15117
357	3	15118
357	4	15119
357	4	15120
357	4	15121
357	4	15122
357	4	15123
357	4	15124
357	4	15125
357	4	15126
357	4	15127
357	4	15128
357	4	15129
357	4	15130
357	4	15131
357	4	15132
357	4	15133
357	4	15134
357	4	15135
357	4	15136
357	4	15137
357	4	15138
357	4	15139
357	4	15140
357	4	15141
357	4	15142
357	4	15143
357	4	15144
357	4	15145
357	4	15146
357	4	15147
357	4	15148
357	4	15149
357	4	15150
357	4	15151
357	4	15152
357	4	15153
357	4	15154
357	5	15155
357	5	15156
357	5	15157
357	5	15158
357	5	15159
357	5	15160
357	5	15161
357	5	15162
357	5	15163
357	5	15164
357	6	15165
358	0	15166
358	1	15167
358	3	15168
358	4	15169
358	4	15170
358	4	15171
358	4	15172
358	4	15173
358	4	15174
358	4	15175
358	4	15176
358	4	15177
358	4	15178
358	4	15179
358	4	15180
358	4	15181
358	4	15182
358	4	15183
358	4	15184
358	5	15185
358	5	15186
358	5	15187
358	5	15188
358	5	15189
358	5	15190
358	5	15191
358	6	15192
359	1	15193
359	3	15194
359	4	15195
359	4	15196
359	4	15197
359	4	15198
359	4	15199
359	4	15200
359	4	15201
359	4	15202
359	4	15203
359	4	15204
359	4	15205
359	4	15206
359	4	15207
359	4	15208
359	4	15209
359	4	15210
359	4	15211
359	4	15212
359	4	15213
359	4	15214
359	4	15215
359	4	15216
359	4	15217
359	4	15218
359	4	15219
359	4	15220
359	4	15221
359	4	15222
359	4	15223
359	4	15224
359	4	15225
359	5	15226
359	5	15227
359	5	15228
359	5	15229
359	5	15230
359	6	15231
360	0	15232
360	0	15233
360	0	15234
360	1	15235
360	2	15236
360	2	15237
360	2	15238
360	3	15239
360	4	15240
360	4	15241
360	4	15242
360	4	15243
360	4	15244
360	4	15245
360	4	15246
360	4	15247
360	4	15248
360	4	15249
360	4	15250
360	4	15251
360	4	15252
360	4	15253
360	4	15254
360	4	15255
360	4	15256
360	4	15257
360	4	15258
360	5	15259
360	5	15260
360	5	15261
360	5	15262
360	5	15263
360	5	15264
360	5	15265
360	5	15266
360	5	15267
360	6	15268
361	0	15269
361	1	15270
361	1	15271
361	2	15272
361	2	15273
361	2	15274
361	4	15275
361	4	15276
361	4	15277
361	4	15278
361	4	15279
361	4	15280
361	4	15281
361	4	15282
361	4	15283
361	4	15284
361	4	15285
361	4	15286
361	4	15287
361	4	15288
361	4	15289
361	4	15290
361	4	15291
361	4	15292
361	4	15293
361	4	15294
361	4	15295
361	4	15296
361	4	15297
361	4	15298
361	4	15299
361	4	15300
361	4	15301
361	4	15302
361	4	15303
361	5	15304
361	5	15305
361	5	15306
361	5	15307
361	5	15308
361	5	15309
361	5	15310
361	6	15311
362	1	15312
362	2	15313
362	3	15314
362	4	15315
362	4	15316
362	4	15317
362	4	15318
362	4	15319
362	4	15320
362	4	15321
362	4	15322
362	4	15323
362	4	15324
362	4	15325
362	4	15326
362	4	15327
362	4	15328
362	4	15329
362	4	15330
362	4	15331
362	4	15332
362	4	15333
362	4	15334
362	4	15335
362	4	15336
362	4	15337
362	5	15338
362	5	15339
362	5	15340
362	5	15341
362	6	15342
363	1	15343
363	3	15344
363	4	15345
363	4	15346
363	4	15347
363	4	15348
363	4	15349
363	4	15350
363	4	15351
363	4	15352
363	4	15353
363	4	15354
363	4	15355
363	4	15356
363	4	15357
363	4	15358
363	4	15359
363	4	15360
363	4	15361
363	4	15362
363	4	15363
363	4	15364
363	4	15365
363	4	15366
363	4	15367
363	5	15368
363	5	15369
363	5	15370
363	5	15371
363	6	15372
364	0	15373
364	0	15374
364	1	15375
364	2	15376
364	3	15377
364	4	15378
364	4	15379
364	4	15380
364	4	15381
364	4	15382
364	4	15383
364	4	15384
364	4	15385
364	4	15386
364	4	15387
364	4	15388
364	4	15389
364	4	15390
364	4	15391
364	4	15392
364	4	15393
364	4	15394
364	4	15395
364	4	15396
364	4	15397
364	4	15398
364	4	15399
364	4	15400
364	4	15401
364	4	15402
364	4	15403
364	4	15404
364	4	15405
364	5	15406
364	5	15407
364	5	15408
364	5	15409
364	5	15410
364	5	15411
364	5	15412
364	6	15413
365	0	15414
365	1	15415
365	2	15416
365	4	15417
365	4	15418
365	4	15419
365	4	15420
365	4	15421
365	4	15422
365	4	15423
365	4	15424
365	4	15425
365	4	15426
365	4	15427
365	4	15428
365	4	15429
365	5	15430
365	5	15431
365	5	15432
365	5	15433
365	5	15434
365	5	15435
365	6	15436
366	1	15437
366	3	15438
366	4	15439
366	4	15440
366	4	15441
366	4	15442
366	4	15443
366	4	15444
366	4	15445
366	4	15446
366	4	15447
366	4	15448
366	4	15449
366	4	15450
366	4	15451
366	5	15452
366	5	15453
366	5	15454
366	6	15455
367	1	15456
367	2	15457
367	2	15458
367	2	15459
367	3	15460
367	4	15461
367	4	15462
367	4	15463
367	4	15464
367	4	15465
367	4	15466
367	4	15467
367	4	15468
367	4	15469
367	4	15470
367	4	15471
367	4	15472
367	4	15473
367	5	15474
367	5	15475
367	5	15476
367	5	15477
367	6	15478
368	0	15479
368	0	15480
368	1	15481
368	2	15482
368	2	15483
368	3	15484
368	4	15485
368	4	15486
368	4	15487
368	4	15488
368	4	15489
368	4	15490
368	4	15491
368	4	15492
368	4	15493
368	4	15494
368	4	15495
368	4	15496
368	4	15497
368	4	15498
368	4	15499
368	4	15500
368	4	15501
368	4	15502
368	4	15503
368	4	15504
368	4	15505
368	4	15506
368	4	15507
368	4	15508
368	4	15509
368	4	15510
368	5	15511
368	5	15512
368	5	15513
368	5	15514
368	5	15515
368	5	15516
368	5	15517
368	5	15518
368	6	15519
369	0	15520
369	1	15521
369	2	15522
369	2	15523
369	2	15524
369	4	15525
369	4	15526
369	4	15527
369	4	15528
369	4	15529
369	4	15530
369	4	15531
369	4	15532
369	4	15533
369	4	15534
369	4	15535
369	4	15536
369	4	15537
369	4	15538
369	4	15539
369	4	15540
369	4	15541
369	4	15542
369	4	15543
369	4	15544
369	4	15545
369	4	15546
369	4	15547
369	4	15548
369	4	15549
369	4	15550
369	4	15551
369	4	15552
369	4	15553
369	4	15554
369	4	15555
369	4	15556
369	4	15557
369	4	15558
369	4	15559
369	4	15560
369	4	15561
369	4	15562
369	4	15563
369	4	15564
369	4	15565
369	4	15566
369	4	15567
369	4	15568
369	5	15569
369	5	15570
369	5	15571
369	5	15572
369	5	15573
369	5	15574
369	5	15575
369	6	15576
369	6	15577
369	6	15578
369	6	15579
369	6	15580
369	6	15581
370	0	15582
370	0	15583
370	1	15584
370	2	15585
370	2	15586
370	2	15587
370	3	15588
370	4	15589
370	4	15590
370	4	15591
370	4	15592
370	4	15593
370	4	15594
370	4	15595
370	4	15596
370	4	15597
370	4	15598
370	4	15599
370	4	15600
370	4	15601
370	4	15602
370	4	15603
370	4	15604
370	4	15605
370	4	15606
370	4	15607
370	4	15608
370	4	15609
370	4	15610
370	4	15611
370	4	15612
370	4	15613
370	4	15614
370	4	15615
370	4	15616
370	4	15617
370	4	15618
370	4	15619
370	4	15620
370	4	15621
370	4	15622
370	5	15623
370	5	15624
370	5	15625
370	5	15626
370	5	15627
370	5	15628
370	5	15629
370	5	15630
370	6	15631
371	0	15632
371	0	15633
371	1	15634
371	1	15635
371	2	15636
371	2	15637
371	4	15638
371	4	15639
371	4	15640
371	4	15641
371	4	15642
371	4	15643
371	4	15644
371	4	15645
371	4	15646
371	4	15647
371	4	15648
371	4	15649
371	4	15650
371	4	15651
371	4	15652
371	4	15653
371	4	15654
371	4	15655
371	4	15656
371	4	15657
371	5	15658
371	5	15659
371	6	15660
372	0	15661
372	0	15662
372	0	15663
372	1	15664
372	2	15665
372	2	15666
372	2	15667
372	3	15668
372	4	15669
372	4	15670
372	4	15671
372	4	15672
372	4	15673
372	4	15674
372	4	15675
372	4	15676
372	4	15677
372	4	15678
372	4	15679
372	4	15680
372	4	15681
372	4	15682
372	5	15683
372	5	15684
372	5	15685
372	5	15686
372	5	15687
372	5	15688
372	6	15689
373	0	15690
373	1	15691
373	2	15692
373	2	15693
373	3	15694
373	4	15695
373	4	15696
373	4	15697
373	4	15698
373	4	15699
373	4	15700
373	4	15701
373	4	15702
373	4	15703
373	4	15704
373	4	15705
373	4	15706
373	4	15707
373	4	15708
373	4	15709
373	4	15710
373	4	15711
373	4	15712
373	4	15713
373	4	15714
373	4	15715
373	4	15716
373	4	15717
373	4	15718
373	4	15719
373	5	15720
373	5	15721
373	6	15722
374	3	15723
374	4	15724
374	4	15725
374	4	15726
374	4	15727
374	4	15728
374	4	15729
374	4	15730
374	6	15731
375	0	15732
375	1	15733
375	2	15734
375	2	15735
375	3	15736
375	4	15737
375	4	15738
375	4	15739
375	4	15740
375	4	15741
375	4	15742
375	4	15743
375	4	15744
375	4	15745
375	4	15746
375	4	15747
375	4	15748
375	4	15749
375	4	15750
375	4	15751
375	4	15752
375	4	15753
375	4	15754
375	4	15755
375	4	15756
375	4	15757
375	4	15758
375	4	15759
375	4	15760
375	4	15761
375	4	15762
375	4	15763
375	4	15764
375	4	15765
375	5	15766
375	5	15767
375	5	15768
375	5	15769
375	6	15770
375	6	15771
376	0	15772
376	0	15773
376	1	15774
376	2	15775
376	2	15776
376	2	15777
376	2	15778
376	3	15779
376	4	15780
376	4	15781
376	4	15782
376	4	15783
376	4	15784
376	4	15785
376	4	15786
376	4	15787
376	4	15788
376	4	15789
376	4	15790
376	4	15791
376	4	15792
376	4	15793
376	4	15794
376	4	15795
376	4	15796
376	4	15797
376	4	15798
376	4	15799
376	4	15800
376	4	15801
376	4	15802
376	4	15803
376	4	15804
376	4	15805
376	4	15806
376	4	15807
376	4	15808
376	4	15809
376	4	15810
376	5	15811
376	5	15812
376	5	15813
376	5	15814
376	6	15815
377	0	15816
377	0	15817
377	0	15818
377	1	15819
377	2	15820
377	2	15821
377	2	15822
377	2	15823
377	3	15824
377	4	15825
377	4	15826
377	4	15827
377	4	15828
377	4	15829
377	4	15830
377	4	15831
377	4	15832
377	4	15833
377	4	15834
377	4	15835
377	4	15836
377	4	15837
377	4	15838
377	4	15839
377	4	15840
377	4	15841
377	4	15842
377	4	15843
377	4	15844
377	5	15845
377	5	15846
377	5	15847
377	6	15848
378	0	15849
378	1	15850
378	2	15851
378	2	15852
378	2	15853
378	4	15854
378	4	15855
378	4	15856
378	4	15857
378	4	15858
378	4	15859
378	4	15860
378	4	15861
378	4	15862
378	4	15863
378	4	15864
378	4	15865
378	4	15866
378	4	15867
378	4	15868
378	4	15869
378	4	15870
378	5	15871
378	5	15872
378	5	15873
378	5	15874
378	5	15875
378	6	15876
379	0	15877
379	1	15878
379	2	15879
379	3	15880
379	4	15881
379	4	15882
379	4	15883
379	4	15884
379	4	15885
379	4	15886
379	4	15887
379	4	15888
379	4	15889
379	4	15890
379	4	15891
379	4	15892
379	4	15893
379	4	15894
379	4	15895
379	4	15896
379	4	15897
379	4	15898
379	5	15899
379	5	15900
379	5	15901
379	5	15902
379	5	15903
379	6	15904
380	1	15905
380	3	15906
380	4	15907
380	4	15908
380	4	15909
380	4	15910
380	4	15911
380	4	15912
380	4	15913
380	4	15914
380	4	15915
380	4	15916
380	4	15917
380	4	15918
380	4	15919
380	4	15920
380	4	15921
380	4	15922
380	4	15923
380	5	15924
380	5	15925
380	5	15926
380	5	15927
380	5	15928
380	5	15929
380	5	15930
380	5	15931
380	5	15932
380	6	15933
381	0	15934
381	1	15935
381	2	15936
381	2	15937
381	3	15938
381	4	15939
381	4	15940
381	4	15941
381	4	15942
381	4	15943
381	4	15944
381	4	15945
381	4	15946
381	4	15947
381	4	15948
381	4	15949
381	4	15950
381	4	15951
381	4	15952
381	4	15953
381	4	15954
381	4	15955
381	4	15956
381	4	15957
381	4	15958
381	4	15959
381	4	15960
381	4	15961
381	4	15962
381	5	15963
381	5	15964
381	6	15965
382	0	15966
382	1	15967
382	2	15968
382	3	15969
382	4	15970
382	4	15971
382	4	15972
382	4	15973
382	4	15974
382	4	15975
382	4	15976
382	4	15977
382	4	15978
382	4	15979
382	4	15980
382	4	15981
382	4	15982
382	4	15983
382	4	15984
382	4	15985
382	4	15986
382	4	15987
382	4	15988
382	4	15989
382	4	15990
382	4	15991
382	4	15992
382	4	15993
382	4	15994
382	4	15995
382	4	15996
382	5	15997
382	5	15998
382	5	15999
382	6	16000
383	0	16001
383	1	16002
383	2	16003
383	2	16004
383	2	16005
383	2	16006
383	2	16007
383	2	16008
383	4	16009
383	4	16010
383	4	16011
383	4	16012
383	4	16013
383	4	16014
383	4	16015
383	4	16016
383	4	16017
383	4	16018
383	4	16019
383	4	16020
383	4	16021
383	4	16022
383	4	16023
383	4	16024
383	4	16025
383	4	16026
383	4	16027
383	4	16028
383	4	16029
383	4	16030
383	4	16031
383	4	16032
383	4	16033
383	4	16034
383	4	16035
383	4	16036
383	4	16037
383	4	16038
383	4	16039
383	4	16040
383	4	16041
383	4	16042
383	4	16043
383	4	16044
383	4	16045
383	4	16046
383	5	16047
383	5	16048
383	5	16049
383	5	16050
383	5	16051
383	5	16052
383	5	16053
383	5	16054
383	5	16055
383	5	16056
383	6	16057
383	6	16058
383	6	16059
384	1	16060
384	2	16061
384	2	16062
384	3	16063
384	4	16064
384	4	16065
384	4	16066
384	4	16067
384	4	16068
384	4	16069
384	4	16070
384	4	16071
384	4	16072
384	4	16073
384	4	16074
384	4	16075
384	4	16076
384	4	16077
384	4	16078
384	4	16079
384	4	16080
384	4	16081
384	4	16082
384	4	16083
384	4	16084
384	4	16085
384	4	16086
384	4	16087
384	4	16088
384	4	16089
384	4	16090
384	4	16091
384	4	16092
384	4	16093
384	4	16094
384	4	16095
384	4	16096
384	4	16097
384	5	16098
384	5	16099
384	5	16100
384	5	16101
384	5	16102
384	5	16103
384	5	16104
384	5	16105
384	5	16106
384	5	16107
384	5	16108
384	6	16109
385	0	16110
385	1	16111
385	2	16112
385	2	16113
385	2	16114
385	2	16115
385	2	16116
385	2	16117
385	2	16118
385	4	16119
385	4	16120
385	4	16121
385	4	16122
385	4	16123
385	4	16124
385	4	16125
385	4	16126
385	4	16127
385	4	16128
385	4	16129
385	4	16130
385	4	16131
385	4	16132
385	4	16133
385	4	16134
385	4	16135
385	4	16136
385	4	16137
385	4	16138
385	4	16139
385	4	16140
385	4	16141
385	4	16142
385	4	16143
385	4	16144
385	4	16145
385	4	16146
385	4	16147
385	4	16148
385	4	16149
385	4	16150
385	4	16151
385	4	16152
385	4	16153
385	4	16154
385	4	16155
385	5	16156
385	5	16157
385	5	16158
385	5	16159
385	5	16160
385	5	16161
385	5	16162
385	5	16163
385	5	16164
385	5	16165
385	5	16166
385	6	16167
385	6	16168
385	6	16169
386	1	16170
386	3	16171
386	4	16172
386	4	16173
386	4	16174
386	4	16175
386	4	16176
386	4	16177
386	4	16178
386	4	16179
386	4	16180
386	4	16181
386	4	16182
386	4	16183
386	4	16184
386	4	16185
386	4	16186
386	4	16187
386	4	16188
386	4	16189
386	4	16190
386	4	16191
386	4	16192
386	4	16193
386	4	16194
386	4	16195
386	4	16196
386	4	16197
386	4	16198
386	4	16199
386	4	16200
386	4	16201
386	4	16202
386	4	16203
386	4	16204
386	4	16205
386	4	16206
386	4	16207
386	4	16208
386	4	16209
386	4	16210
386	5	16211
386	5	16212
386	5	16213
386	5	16214
386	5	16215
386	5	16216
386	5	16217
386	6	16218
387	0	16219
387	1	16220
387	2	16221
387	2	16222
387	4	16223
387	4	16224
387	4	16225
387	4	16226
387	4	16227
387	4	16228
387	4	16229
387	4	16230
387	4	16231
387	4	16232
387	4	16233
387	4	16234
387	4	16235
387	4	16236
387	4	16237
387	4	16238
387	4	16239
387	4	16240
387	4	16241
387	4	16242
387	4	16243
387	4	16244
387	4	16245
387	4	16246
387	4	16247
387	4	16248
387	4	16249
387	4	16250
387	4	16251
387	4	16252
387	4	16253
387	4	16254
387	4	16255
387	4	16256
387	4	16257
387	4	16258
387	5	16259
387	5	16260
387	5	16261
387	5	16262
387	5	16263
387	5	16264
387	5	16265
387	6	16266
388	1	16267
388	2	16268
388	3	16269
388	4	16270
388	4	16271
388	4	16272
388	4	16273
388	4	16274
388	4	16275
388	4	16276
388	4	16277
388	4	16278
388	4	16279
388	4	16280
388	4	16281
388	4	16282
388	4	16283
388	4	16284
388	4	16285
388	4	16286
388	4	16287
388	4	16288
388	4	16289
388	4	16290
388	4	16291
388	4	16292
388	4	16293
388	4	16294
388	4	16295
388	4	16296
388	4	16297
388	4	16298
388	4	16299
388	4	16300
388	4	16301
388	4	16302
388	4	16303
388	4	16304
388	4	16305
388	5	16306
388	5	16307
388	5	16308
388	5	16309
388	5	16310
388	6	16311
389	1	16312
389	2	16313
389	4	16314
389	4	16315
389	4	16316
389	4	16317
389	4	16318
389	4	16319
389	4	16320
389	4	16321
389	4	16322
389	4	16323
389	4	16324
389	4	16325
389	4	16326
389	4	16327
389	4	16328
389	4	16329
389	4	16330
389	4	16331
389	4	16332
389	4	16333
389	4	16334
389	4	16335
389	4	16336
389	4	16337
389	4	16338
389	4	16339
389	4	16340
389	4	16341
389	4	16342
389	4	16343
389	5	16344
389	5	16345
389	5	16346
389	5	16347
389	5	16348
389	5	16349
389	5	16350
389	5	16351
389	5	16352
389	5	16353
389	6	16354
390	0	16355
390	1	16356
390	2	16357
390	3	16358
390	3	16359
390	4	16360
390	4	16361
390	4	16362
390	4	16363
390	4	16364
390	4	16365
390	4	16366
390	4	16367
390	4	16368
390	4	16369
390	4	16370
390	4	16371
390	4	16372
390	4	16373
390	4	16374
390	4	16375
390	4	16376
390	4	16377
390	4	16378
390	4	16379
390	4	16380
390	4	16381
390	4	16382
390	4	16383
390	4	16384
390	4	16385
390	4	16386
390	4	16387
390	4	16388
390	4	16389
390	4	16390
390	4	16391
390	5	16392
390	5	16393
390	5	16394
390	5	16395
390	5	16396
390	5	16397
390	5	16398
390	5	16399
390	6	16400
391	4	16401
391	4	16402
391	4	16403
391	4	16404
391	4	16405
391	4	16406
391	4	16407
391	4	16408
391	4	16409
391	4	16410
391	4	16411
391	4	16412
391	4	16413
391	4	16414
391	4	16415
391	4	16416
391	4	16417
391	4	16418
391	4	16419
391	4	16420
391	4	16421
391	4	16422
391	4	16423
391	4	16424
391	4	16425
392	0	16426
392	1	16427
392	2	16428
392	3	16429
392	4	16430
392	4	16431
392	4	16432
392	4	16433
392	4	16434
392	4	16435
392	4	16436
392	4	16437
392	4	16438
392	4	16439
392	4	16440
392	4	16441
392	4	16442
392	4	16443
392	4	16444
392	4	16445
392	4	16446
392	4	16447
392	4	16448
392	4	16449
392	4	16450
392	4	16451
392	4	16452
392	4	16453
392	5	16454
392	5	16455
392	5	16456
392	5	16457
392	5	16458
392	5	16459
392	5	16460
392	6	16461
393	0	16462
393	1	16463
393	2	16464
393	2	16465
393	2	16466
393	2	16467
393	4	16468
393	4	16469
393	4	16470
393	4	16471
393	4	16472
393	4	16473
393	4	16474
393	4	16475
393	4	16476
393	4	16477
393	4	16478
393	4	16479
393	4	16480
393	4	16481
393	4	16482
393	4	16483
393	4	16484
393	5	16485
393	5	16486
393	5	16487
393	5	16488
393	5	16489
393	5	16490
393	5	16491
393	5	16492
393	6	16493
394	0	16494
394	1	16495
394	1	16496
394	2	16497
394	2	16498
394	3	16499
394	4	16500
394	4	16501
394	4	16502
394	4	16503
394	4	16504
394	4	16505
394	4	16506
394	4	16507
394	4	16508
394	4	16509
394	4	16510
394	4	16511
394	4	16512
394	4	16513
394	4	16514
394	4	16515
394	4	16516
394	4	16517
394	4	16518
394	4	16519
394	4	16520
394	4	16521
394	4	16522
394	4	16523
394	4	16524
394	4	16525
394	4	16526
394	4	16527
394	4	16528
394	4	16529
394	4	16530
394	4	16531
394	4	16532
394	4	16533
394	4	16534
394	4	16535
394	5	16536
394	5	16537
394	5	16538
394	5	16539
394	6	16540
395	0	16541
395	0	16542
395	1	16543
395	2	16544
395	2	16545
395	3	16546
395	4	16547
395	4	16548
395	4	16549
395	4	16550
395	4	16551
395	4	16552
395	4	16553
395	4	16554
395	4	16555
395	4	16556
395	4	16557
395	4	16558
395	4	16559
395	4	16560
395	4	16561
395	4	16562
395	4	16563
395	4	16564
395	4	16565
395	4	16566
395	4	16567
395	4	16568
395	4	16569
395	4	16570
395	4	16571
395	4	16572
395	4	16573
395	4	16574
395	4	16575
395	4	16576
395	4	16577
395	4	16578
395	4	16579
395	4	16580
395	4	16581
395	4	16582
395	4	16583
395	4	16584
395	4	16585
395	4	16586
395	4	16587
395	4	16588
395	4	16589
395	4	16590
395	4	16591
395	4	16592
395	4	16593
395	4	16594
395	4	16595
395	4	16596
395	4	16597
395	4	16598
395	4	16599
395	4	16600
395	4	16601
395	4	16602
395	4	16603
395	4	16604
395	5	16605
395	5	16606
395	6	16607
395	6	16608
395	6	16609
395	6	16610
395	6	16611
395	6	16612
395	6	16613
395	6	16614
396	0	16615
396	1	16616
396	2	16617
396	3	16618
396	4	16619
396	4	16620
396	4	16621
396	4	16622
396	4	16623
396	4	16624
396	4	16625
396	4	16626
396	4	16627
396	4	16628
396	4	16629
396	4	16630
396	4	16631
396	4	16632
396	4	16633
396	4	16634
396	4	16635
396	4	16636
396	4	16637
396	4	16638
396	4	16639
396	4	16640
396	4	16641
396	4	16642
396	4	16643
396	4	16644
396	4	16645
396	4	16646
396	4	16647
396	4	16648
396	4	16649
396	4	16650
396	5	16651
396	5	16652
396	5	16653
396	6	16654
397	0	16655
397	1	16656
397	2	16657
397	2	16658
397	3	16659
397	4	16660
397	4	16661
397	4	16662
397	4	16663
397	4	16664
397	4	16665
397	4	16666
397	4	16667
397	4	16668
397	4	16669
397	4	16670
397	4	16671
397	4	16672
397	4	16673
397	4	16674
397	4	16675
397	4	16676
397	4	16677
397	4	16678
397	4	16679
397	4	16680
397	4	16681
397	4	16682
397	4	16683
397	4	16684
397	5	16685
397	5	16686
397	5	16687
397	5	16688
397	5	16689
397	6	16690
398	0	16691
398	1	16692
398	2	16693
398	3	16694
398	4	16695
398	4	16696
398	4	16697
398	4	16698
398	4	16699
398	4	16700
398	4	16701
398	4	16702
398	4	16703
398	4	16704
398	4	16705
398	4	16706
398	4	16707
398	4	16708
398	4	16709
398	4	16710
398	4	16711
398	4	16712
398	4	16713
398	4	16714
398	4	16715
398	4	16716
398	4	16717
398	4	16718
398	4	16719
398	4	16720
398	4	16721
398	4	16722
398	4	16723
398	4	16724
398	4	16725
398	4	16726
398	4	16727
398	4	16728
398	5	16729
398	5	16730
398	5	16731
398	5	16732
398	5	16733
398	5	16734
398	6	16735
399	0	16736
399	1	16737
399	1	16738
399	2	16739
399	3	16740
399	4	16741
399	4	16742
399	4	16743
399	4	16744
399	4	16745
399	4	16746
399	4	16747
399	4	16748
399	4	16749
399	4	16750
399	4	16751
399	4	16752
399	4	16753
399	4	16754
399	4	16755
399	4	16756
399	4	16757
399	4	16758
399	4	16759
399	4	16760
399	4	16761
399	4	16762
399	4	16763
399	4	16764
399	4	16765
399	4	16766
399	4	16767
399	4	16768
399	4	16769
399	4	16770
399	4	16771
399	4	16772
399	4	16773
399	4	16774
399	4	16775
399	4	16776
399	4	16777
399	4	16778
399	5	16779
399	5	16780
399	5	16781
399	5	16782
399	6	16783
400	4	16784
400	4	16785
400	4	16786
400	4	16787
400	4	16788
400	4	16789
400	4	16790
400	4	16791
400	4	16792
400	4	16793
400	4	16794
400	4	16795
400	4	16796
400	4	16797
400	4	16798
400	4	16799
400	4	16800
400	4	16801
400	4	16802
400	4	16803
400	4	16804
400	4	16805
400	4	16806
400	4	16807
400	4	16808
400	4	16809
400	4	16810
400	4	16811
400	4	16812
400	4	16813
400	4	16814
400	4	16815
400	4	16816
400	4	16817
400	4	16818
400	4	16819
400	4	16820
400	4	16821
400	4	16822
400	4	16823
400	4	16824
400	4	16825
400	4	16826
400	4	16827
400	4	16828
400	5	16829
400	5	16830
400	5	16831
400	5	16832
400	6	16833
401	1	16834
401	2	16835
401	4	16836
401	4	16837
401	4	16838
401	4	16839
401	4	16840
401	4	16841
401	4	16842
401	4	16843
401	4	16844
401	4	16845
401	4	16846
401	4	16847
401	4	16848
401	4	16849
401	4	16850
401	4	16851
401	4	16852
401	4	16853
401	4	16854
401	4	16855
401	4	16856
401	4	16857
401	4	16858
401	4	16859
401	4	16860
401	4	16861
401	4	16862
401	4	16863
401	4	16864
401	4	16865
401	4	16866
401	4	16867
401	4	16868
401	4	16869
401	4	16870
401	4	16871
401	4	16872
401	4	16873
401	4	16874
401	5	16875
401	5	16876
401	5	16877
401	5	16878
401	6	16879
402	0	16880
402	1	16881
402	2	16882
402	3	16883
402	4	16884
402	4	16885
402	4	16886
402	4	16887
402	4	16888
402	4	16889
402	4	16890
402	4	16891
402	4	16892
402	4	16893
402	4	16894
402	4	16895
402	4	16896
402	4	16897
402	4	16898
402	4	16899
402	4	16900
402	4	16901
402	4	16902
402	4	16903
402	4	16904
402	4	16905
402	4	16906
402	4	16907
402	4	16908
402	4	16909
402	4	16910
402	4	16911
402	4	16912
402	4	16913
402	4	16914
402	4	16915
402	4	16916
402	4	16917
402	4	16918
402	4	16919
402	4	16920
402	4	16921
402	4	16922
402	4	16923
402	4	16924
402	4	16925
402	4	16926
402	4	16927
402	4	16928
402	4	16929
402	4	16930
402	4	16931
402	4	16932
402	4	16933
402	5	16934
402	5	16935
402	5	16936
402	5	16937
403	1	16938
403	2	16939
403	2	16940
403	3	16941
403	4	16942
403	4	16943
403	4	16944
403	4	16945
403	4	16946
403	4	16947
403	4	16948
403	4	16949
403	4	16950
403	4	16951
403	4	16952
403	4	16953
403	4	16954
403	4	16955
403	4	16956
403	4	16957
403	4	16958
403	4	16959
403	4	16960
403	4	16961
403	4	16962
403	4	16963
403	4	16964
403	4	16965
403	4	16966
403	4	16967
403	4	16968
403	4	16969
403	4	16970
403	4	16971
403	4	16972
403	4	16973
403	4	16974
403	4	16975
403	4	16976
403	4	16977
403	4	16978
403	4	16979
403	4	16980
403	4	16981
403	4	16982
403	4	16983
403	4	16984
403	4	16985
403	4	16986
403	4	16987
403	4	16988
403	4	16989
403	4	16990
403	4	16991
403	5	16992
403	5	16993
403	5	16994
403	5	16995
403	5	16996
403	6	16997
404	1	16998
404	2	16999
404	3	17000
404	4	17001
404	4	17002
404	4	17003
404	4	17004
404	4	17005
404	4	17006
404	4	17007
404	4	17008
404	4	17009
404	4	17010
404	4	17011
404	4	17012
404	4	17013
404	4	17014
404	4	17015
404	4	17016
404	4	17017
404	4	17018
404	4	17019
404	4	17020
404	4	17021
404	4	17022
404	4	17023
404	4	17024
404	4	17025
404	4	17026
404	4	17027
404	4	17028
404	4	17029
404	4	17030
404	4	17031
404	4	17032
404	4	17033
404	4	17034
404	4	17035
404	4	17036
404	4	17037
404	4	17038
404	4	17039
404	4	17040
404	4	17041
404	4	17042
404	4	17043
404	5	17044
404	5	17045
404	5	17046
404	5	17047
404	5	17048
404	5	17049
404	6	17050
405	1	17051
405	4	17052
405	4	17053
405	4	17054
405	4	17055
405	4	17056
405	4	17057
405	4	17058
405	4	17059
405	4	17060
405	4	17061
405	4	17062
405	4	17063
405	4	17064
405	4	17065
405	4	17066
405	4	17067
405	4	17068
405	4	17069
405	4	17070
405	4	17071
405	4	17072
405	4	17073
405	4	17074
405	4	17075
405	4	17076
405	4	17077
405	4	17078
405	4	17079
405	4	17080
405	4	17081
405	4	17082
405	4	17083
405	4	17084
405	4	17085
405	4	17086
405	4	17087
405	4	17088
405	4	17089
405	4	17090
405	4	17091
405	4	17092
405	4	17093
405	4	17094
405	4	17095
405	4	17096
405	4	17097
405	4	17098
405	4	17099
405	4	17100
405	4	17101
405	4	17102
405	4	17103
405	4	17104
405	4	17105
405	4	17106
405	4	17107
405	4	17108
405	4	17109
405	4	17110
405	4	17111
405	4	17112
405	4	17113
405	4	17114
405	4	17115
405	4	17116
405	5	17117
405	5	17118
405	5	17119
405	5	17120
406	0	17121
406	1	17122
406	2	17123
406	3	17124
406	4	17125
406	4	17126
406	4	17127
406	4	17128
406	4	17129
406	4	17130
406	4	17131
406	4	17132
406	4	17133
406	4	17134
406	4	17135
406	4	17136
406	4	17137
406	4	17138
406	4	17139
406	4	17140
406	4	17141
406	4	17142
406	4	17143
406	4	17144
406	5	17145
406	5	17146
406	5	17147
406	5	17148
406	6	17149
407	0	17150
407	1	17151
407	2	17152
407	4	17153
407	4	17154
407	4	17155
407	4	17156
407	4	17157
407	4	17158
407	4	17159
407	4	17160
407	4	17161
407	4	17162
407	4	17163
407	4	17164
407	4	17165
407	4	17166
407	4	17167
407	4	17168
407	4	17169
407	4	17170
407	4	17171
407	4	17172
407	4	17173
407	4	17174
407	4	17175
407	4	17176
407	4	17177
407	5	17178
407	5	17179
407	5	17180
407	6	17181
408	0	17182
408	1	17183
408	2	17184
408	2	17185
408	3	17186
408	4	17187
408	4	17188
408	4	17189
408	4	17190
408	4	17191
408	4	17192
408	4	17193
408	4	17194
408	4	17195
408	4	17196
408	4	17197
408	4	17198
408	4	17199
408	4	17200
408	4	17201
408	4	17202
408	5	17203
408	5	17204
408	5	17205
408	5	17206
408	5	17207
408	6	17208
409	0	17209
409	0	17210
409	1	17211
409	2	17212
409	2	17213
409	4	17214
409	4	17215
409	4	17216
409	4	17217
409	4	17218
409	4	17219
409	4	17220
409	4	17221
409	4	17222
409	4	17223
409	4	17224
409	4	17225
409	5	17226
409	5	17227
409	5	17228
409	5	17229
409	5	17230
409	5	17231
409	5	17232
409	6	17233
410	0	17234
410	1	17235
410	2	17236
410	3	17237
410	4	17238
410	4	17239
410	4	17240
410	4	17241
410	4	17242
410	4	17243
410	4	17244
410	4	17245
410	4	17246
410	4	17247
410	4	17248
410	4	17249
410	4	17250
410	4	17251
410	4	17252
410	4	17253
410	4	17254
410	4	17255
410	4	17256
410	4	17257
410	4	17258
410	4	17259
410	4	17260
410	4	17261
410	4	17262
410	4	17263
410	4	17264
410	4	17265
410	4	17266
410	4	17267
410	4	17268
410	4	17269
410	4	17270
410	4	17271
410	4	17272
410	5	17273
410	5	17274
410	5	17275
410	5	17276
410	5	17277
410	5	17278
410	5	17279
410	5	17280
410	6	17281
411	0	17282
411	1	17283
411	2	17284
411	3	17285
411	4	17286
411	4	17287
411	4	17288
411	4	17289
411	4	17290
411	4	17291
411	4	17292
411	4	17293
411	4	17294
411	4	17295
411	4	17296
411	4	17297
411	4	17298
411	4	17299
411	4	17300
411	4	17301
411	4	17302
411	4	17303
411	4	17304
411	4	17305
411	4	17306
411	4	17307
411	4	17308
411	4	17309
411	4	17310
411	4	17311
411	4	17312
411	4	17313
411	5	17314
411	5	17315
411	5	17316
411	5	17317
411	6	17318
412	0	17319
412	1	17320
412	2	17321
412	2	17322
412	3	17323
412	4	17324
412	4	17325
412	4	17326
412	4	17327
412	4	17328
412	4	17329
412	4	17330
412	4	17331
412	4	17332
412	4	17333
412	4	17334
412	4	17335
412	4	17336
412	4	17337
412	4	17338
412	4	17339
412	4	17340
412	4	17341
412	4	17342
412	5	17343
412	5	17344
412	5	17345
412	5	17346
412	5	17347
412	5	17348
412	5	17349
412	5	17350
412	5	17351
412	5	17352
412	6	17353
413	0	17354
413	0	17355
413	1	17356
413	2	17357
413	3	17358
413	4	17359
413	4	17360
413	4	17361
413	4	17362
413	4	17363
413	4	17364
413	4	17365
413	4	17366
413	4	17367
413	4	17368
413	4	17369
413	4	17370
413	4	17371
413	4	17372
413	4	17373
413	4	17374
413	4	17375
413	4	17376
413	4	17377
413	4	17378
413	4	17379
413	4	17380
413	4	17381
413	4	17382
413	4	17383
413	4	17384
413	4	17385
413	4	17386
413	4	17387
413	4	17388
413	4	17389
413	4	17390
413	4	17391
413	4	17392
413	4	17393
413	4	17394
413	5	17395
413	5	17396
413	5	17397
413	5	17398
413	5	17399
413	5	17400
413	5	17401
413	5	17402
413	5	17403
413	5	17404
413	5	17405
413	6	17406
414	0	17407
414	0	17408
414	1	17409
414	2	17410
414	2	17411
414	4	17412
414	4	17413
414	4	17414
414	4	17415
414	4	17416
414	4	17417
414	4	17418
414	4	17419
414	4	17420
414	4	17421
414	4	17422
414	4	17423
414	4	17424
414	4	17425
414	4	17426
414	4	17427
414	4	17428
414	4	17429
414	4	17430
414	4	17431
414	4	17432
414	4	17433
414	4	17434
414	4	17435
414	4	17436
414	4	17437
414	4	17438
414	5	17439
414	5	17440
414	5	17441
414	6	17442
415	0	17443
415	0	17444
415	1	17445
415	2	17446
415	2	17447
415	2	17448
415	3	17449
415	3	17450
415	3	17451
415	4	17452
415	4	17453
415	4	17454
415	4	17455
415	4	17456
415	4	17457
415	4	17458
415	4	17459
415	4	17460
415	4	17461
415	4	17462
415	4	17463
415	4	17464
415	4	17465
415	4	17466
415	4	17467
415	4	17468
415	4	17469
415	4	17470
415	4	17471
415	4	17472
415	4	17473
415	4	17474
415	4	17475
415	4	17476
415	4	17477
415	4	17478
415	5	17479
415	5	17480
415	5	17481
415	5	17482
415	6	17483
416	1	17484
416	3	17485
416	4	17486
416	4	17487
416	4	17488
416	4	17489
416	4	17490
416	4	17491
416	4	17492
416	4	17493
416	4	17494
416	4	17495
416	4	17496
416	4	17497
416	4	17498
416	4	17499
416	4	17500
416	4	17501
416	4	17502
416	4	17503
416	4	17504
416	5	17505
416	5	17506
416	5	17507
416	5	17508
416	5	17509
416	5	17510
416	5	17511
416	5	17512
416	6	17513
417	1	17514
417	1	17515
417	1	17516
417	2	17517
417	3	17518
417	4	17519
417	4	17520
417	4	17521
417	4	17522
417	4	17523
417	4	17524
417	4	17525
417	4	17526
417	4	17527
417	4	17528
417	4	17529
417	4	17530
417	4	17531
417	4	17532
417	4	17533
417	4	17534
417	4	17535
417	4	17536
417	4	17537
417	4	17538
417	4	17539
417	4	17540
417	4	17541
417	4	17542
417	4	17543
417	5	17544
417	5	17545
417	6	17546
418	0	17547
418	1	17548
418	3	17549
418	4	17550
418	4	17551
418	4	17552
418	4	17553
418	4	17554
418	4	17555
418	4	17556
418	4	17557
418	4	17558
418	4	17559
418	4	17560
418	4	17561
418	4	17562
418	4	17563
418	4	17564
418	4	17565
418	4	17566
418	4	17567
418	4	17568
418	4	17569
418	5	17570
418	5	17571
418	5	17572
418	5	17573
418	5	17574
418	6	17575
419	1	17576
419	2	17577
419	3	17578
419	4	17579
419	4	17580
419	4	17581
419	4	17582
419	4	17583
419	4	17584
419	4	17585
419	4	17586
419	4	17587
419	4	17588
419	4	17589
419	4	17590
419	4	17591
419	4	17592
419	4	17593
419	4	17594
419	4	17595
419	4	17596
419	4	17597
419	4	17598
419	4	17599
419	4	17600
419	4	17601
419	4	17602
419	4	17603
419	4	17604
419	4	17605
419	4	17606
419	4	17607
419	4	17608
419	5	17609
419	5	17610
419	5	17611
419	5	17612
419	6	17613
420	0	17614
420	0	17615
420	0	17616
420	1	17617
420	1	17618
420	2	17619
420	2	17620
420	3	17621
420	4	17622
420	4	17623
420	4	17624
420	4	17625
420	4	17626
420	4	17627
420	4	17628
420	4	17629
420	4	17630
420	4	17631
420	4	17632
420	4	17633
420	4	17634
420	4	17635
420	4	17636
420	4	17637
420	4	17638
420	4	17639
420	4	17640
420	4	17641
420	4	17642
420	4	17643
420	4	17644
420	4	17645
420	4	17646
420	4	17647
420	4	17648
420	4	17649
420	4	17650
420	4	17651
420	4	17652
420	5	17653
420	5	17654
420	5	17655
420	5	17656
420	5	17657
420	5	17658
420	5	17659
420	5	17660
420	5	17661
420	5	17662
420	5	17663
420	5	17664
420	5	17665
420	6	17666
421	1	17667
421	2	17668
421	3	17669
421	4	17670
421	4	17671
421	4	17672
421	4	17673
421	4	17674
421	4	17675
421	4	17676
421	4	17677
421	4	17678
421	4	17679
421	4	17680
421	4	17681
421	4	17682
421	4	17683
421	6	17684
422	0	17685
422	0	17686
422	1	17687
422	2	17688
422	3	17689
422	4	17690
422	4	17691
422	4	17692
422	4	17693
422	4	17694
422	4	17695
422	4	17696
422	4	17697
422	4	17698
422	4	17699
422	4	17700
422	4	17701
422	4	17702
422	4	17703
422	4	17704
422	5	17705
422	5	17706
422	5	17707
422	5	17708
422	5	17709
422	5	17710
422	5	17711
422	6	17712
423	0	17713
423	1	17714
423	2	17715
423	3	17716
423	3	17717
423	4	17718
423	4	17719
423	4	17720
423	4	17721
423	4	17722
423	4	17723
423	4	17724
423	4	17725
423	4	17726
423	4	17727
423	4	17728
423	4	17729
423	5	17730
423	5	17731
423	5	17732
423	5	17733
423	5	17734
423	5	17735
423	6	17736
424	0	17737
424	1	17738
424	1	17739
424	2	17740
424	3	17741
424	4	17742
424	4	17743
424	4	17744
424	4	17745
424	4	17746
424	4	17747
424	4	17748
424	4	17749
424	4	17750
424	4	17751
424	4	17752
424	4	17753
424	4	17754
424	4	17755
424	4	17756
424	4	17757
424	4	17758
424	4	17759
424	4	17760
424	4	17761
424	4	17762
424	4	17763
424	4	17764
424	4	17765
424	4	17766
424	5	17767
424	5	17768
424	5	17769
424	5	17770
424	5	17771
424	6	17772
425	1	17773
425	2	17774
425	3	17775
425	4	17776
425	4	17777
425	4	17778
425	4	17779
425	4	17780
425	4	17781
425	4	17782
425	5	17783
425	5	17784
425	5	17785
425	5	17786
425	5	17787
425	5	17788
425	5	17789
425	5	17790
425	6	17791
426	0	17792
426	0	17793
426	1	17794
426	1	17795
426	2	17796
426	3	17797
426	4	17798
426	4	17799
426	4	17800
426	4	17801
426	4	17802
426	4	17803
426	4	17804
426	4	17805
426	4	17806
426	4	17807
426	4	17808
426	4	17809
426	4	17810
426	4	17811
426	4	17812
426	4	17813
426	4	17814
426	4	17815
426	4	17816
426	4	17817
426	4	17818
426	4	17819
426	4	17820
426	4	17821
426	4	17822
426	4	17823
426	4	17824
426	4	17825
426	4	17826
426	4	17827
426	4	17828
426	4	17829
426	5	17830
426	5	17831
426	5	17832
426	5	17833
426	5	17834
426	6	17835
427	1	17836
427	2	17837
427	3	17838
427	4	17839
427	4	17840
427	4	17841
427	4	17842
427	4	17843
427	4	17844
427	4	17845
427	4	17846
427	4	17847
427	4	17848
427	4	17849
427	4	17850
427	4	17851
427	4	17852
427	4	17853
427	4	17854
427	4	17855
427	4	17856
427	4	17857
427	4	17858
427	4	17859
427	4	17860
427	4	17861
427	4	17862
427	4	17863
427	5	17864
427	5	17865
427	6	17866
428	4	17867
428	4	17868
428	4	17869
428	4	17870
428	4	17871
428	4	17872
428	4	17873
428	4	17874
428	4	17875
428	4	17876
428	4	17877
428	4	17878
428	4	17879
428	4	17880
428	4	17881
428	4	17882
428	4	17883
428	4	17884
428	4	17885
428	4	17886
428	4	17887
428	4	17888
428	4	17889
428	4	17890
429	1	17891
429	2	17892
429	4	17893
429	4	17894
429	4	17895
429	4	17896
429	4	17897
429	4	17898
429	4	17899
429	4	17900
429	4	17901
429	4	17902
429	4	17903
429	4	17904
429	4	17905
429	4	17906
429	4	17907
429	4	17908
429	4	17909
429	4	17910
429	4	17911
429	4	17912
429	4	17913
429	4	17914
429	4	17915
429	4	17916
429	5	17917
429	5	17918
429	5	17919
429	5	17920
429	5	17921
429	5	17922
429	5	17923
429	5	17924
429	5	17925
429	5	17926
429	5	17927
429	5	17928
429	5	17929
429	5	17930
429	5	17931
429	5	17932
429	5	17933
429	5	17934
429	5	17935
429	5	17936
429	5	17937
429	5	17938
429	6	17939
430	0	17940
430	0	17941
430	1	17942
430	1	17943
430	2	17944
430	3	17945
430	4	17946
430	4	17947
430	4	17948
430	4	17949
430	4	17950
430	4	17951
430	4	17952
430	4	17953
430	4	17954
430	4	17955
430	4	17956
430	4	17957
430	4	17958
430	4	17959
430	4	17960
430	4	17961
430	4	17962
430	4	17963
430	4	17964
430	4	17965
430	4	17966
430	4	17967
430	4	17968
430	4	17969
430	4	17970
430	4	17971
430	4	17972
430	4	17973
430	5	17974
430	5	17975
430	5	17976
430	5	17977
430	5	17978
430	5	17979
430	5	17980
430	5	17981
430	5	17982
430	5	17983
430	5	17984
430	5	17985
430	5	17986
430	5	17987
430	5	17988
430	6	17989
431	0	17990
431	0	17991
431	1	17992
431	2	17993
431	3	17994
431	4	17995
431	4	17996
431	4	17997
431	4	17998
431	4	17999
431	4	18000
431	4	18001
431	4	18002
431	4	18003
431	4	18004
431	4	18005
431	4	18006
431	4	18007
431	4	18008
431	4	18009
431	4	18010
431	4	18011
431	4	18012
431	4	18013
431	4	18014
431	4	18015
431	4	18016
431	4	18017
431	5	18018
431	5	18019
431	5	18020
431	5	18021
431	5	18022
431	5	18023
431	5	18024
431	5	18025
431	6	18026
432	0	18027
432	1	18028
432	2	18029
432	2	18030
432	3	18031
432	4	18032
432	4	18033
432	4	18034
432	4	18035
432	4	18036
432	4	18037
432	4	18038
432	4	18039
432	4	18040
432	4	18041
432	4	18042
432	4	18043
432	4	18044
432	4	18045
432	4	18046
432	4	18047
432	4	18048
432	4	18049
432	4	18050
432	4	18051
432	4	18052
432	4	18053
432	4	18054
432	4	18055
432	4	18056
432	4	18057
432	4	18058
432	4	18059
432	4	18060
432	5	18061
432	5	18062
432	5	18063
432	5	18064
432	5	18065
432	5	18066
432	6	18067
433	0	18068
433	0	18069
433	1	18070
433	1	18071
433	2	18072
433	2	18073
433	3	18074
433	4	18075
433	4	18076
433	4	18077
433	4	18078
433	4	18079
433	4	18080
433	4	18081
433	4	18082
433	4	18083
433	4	18084
433	4	18085
433	4	18086
433	4	18087
433	4	18088
433	4	18089
433	4	18090
433	4	18091
433	4	18092
433	4	18093
433	4	18094
433	4	18095
433	4	18096
433	4	18097
433	4	18098
433	4	18099
433	4	18100
433	4	18101
433	4	18102
433	4	18103
433	4	18104
433	4	18105
433	4	18106
433	4	18107
433	4	18108
433	4	18109
433	4	18110
433	5	18111
433	5	18112
433	5	18113
433	5	18114
433	6	18115
434	0	18116
434	1	18117
434	2	18118
434	3	18119
434	4	18120
434	4	18121
434	4	18122
434	4	18123
434	4	18124
434	4	18125
434	4	18126
434	4	18127
434	4	18128
434	4	18129
434	4	18130
434	4	18131
434	4	18132
434	4	18133
434	4	18134
434	4	18135
434	4	18136
434	4	18137
434	4	18138
434	4	18139
434	4	18140
434	4	18141
434	4	18142
434	4	18143
434	4	18144
434	4	18145
434	4	18146
434	4	18147
434	4	18148
434	4	18149
434	5	18150
434	5	18151
434	5	18152
434	5	18153
434	5	18154
434	5	18155
434	6	18156
435	0	18157
435	1	18158
435	2	18159
435	3	18160
435	4	18161
435	4	18162
435	4	18163
435	4	18164
435	4	18165
435	4	18166
435	4	18167
435	4	18168
435	4	18169
435	4	18170
435	4	18171
435	4	18172
435	4	18173
435	4	18174
435	4	18175
435	4	18176
435	4	18177
435	4	18178
435	4	18179
435	4	18180
435	4	18181
435	4	18182
435	5	18183
435	5	18184
435	5	18185
435	5	18186
435	5	18187
435	5	18188
435	5	18189
435	6	18190
436	0	18191
436	0	18192
436	0	18193
436	0	18194
436	1	18195
436	2	18196
436	2	18197
436	3	18198
436	4	18199
436	4	18200
436	4	18201
436	4	18202
436	4	18203
436	4	18204
436	4	18205
436	4	18206
436	4	18207
436	4	18208
436	4	18209
436	4	18210
436	4	18211
436	4	18212
436	4	18213
436	4	18214
436	4	18215
436	4	18216
436	4	18217
436	4	18218
436	4	18219
436	4	18220
436	4	18221
436	4	18222
436	4	18223
436	4	18224
436	4	18225
436	4	18226
436	4	18227
436	4	18228
436	5	18229
436	5	18230
436	5	18231
436	5	18232
436	5	18233
436	6	18234
437	0	18235
437	1	18236
437	2	18237
437	3	18238
437	4	18239
437	4	18240
437	4	18241
437	4	18242
437	4	18243
437	4	18244
437	4	18245
437	4	18246
437	4	18247
437	4	18248
437	4	18249
437	4	18250
437	4	18251
437	4	18252
437	4	18253
437	4	18254
437	4	18255
437	4	18256
437	4	18257
437	4	18258
437	4	18259
437	4	18260
437	4	18261
437	4	18262
437	4	18263
437	5	18264
437	5	18265
437	5	18266
437	5	18267
437	6	18268
438	0	18269
438	1	18270
438	2	18271
438	2	18272
438	3	18273
438	4	18274
438	4	18275
438	4	18276
438	4	18277
438	4	18278
438	4	18279
438	4	18280
438	4	18281
438	4	18282
438	4	18283
438	4	18284
438	4	18285
438	4	18286
438	4	18287
438	4	18288
438	4	18289
438	4	18290
438	4	18291
438	4	18292
438	4	18293
438	4	18294
438	4	18295
438	4	18296
438	4	18297
438	4	18298
438	5	18299
438	5	18300
438	5	18301
438	5	18302
438	5	18303
438	6	18304
439	0	18305
439	1	18306
439	2	18307
439	3	18308
439	4	18309
439	4	18310
439	4	18311
439	4	18312
439	4	18313
439	4	18314
439	4	18315
439	4	18316
439	4	18317
439	4	18318
439	4	18319
439	4	18320
439	4	18321
439	4	18322
439	4	18323
439	4	18324
439	4	18325
439	4	18326
439	4	18327
439	4	18328
439	4	18329
439	4	18330
439	4	18331
439	4	18332
439	4	18333
439	4	18334
439	4	18335
439	5	18336
439	5	18337
439	5	18338
439	5	18339
439	6	18340
440	0	18341
440	1	18342
440	2	18343
440	2	18344
440	3	18345
440	4	18346
440	4	18347
440	4	18348
440	4	18349
440	4	18350
440	4	18351
440	4	18352
440	4	18353
440	4	18354
440	4	18355
440	4	18356
440	4	18357
440	4	18358
440	4	18359
440	4	18360
440	4	18361
440	4	18362
440	4	18363
440	4	18364
440	4	18365
440	4	18366
440	4	18367
440	4	18368
440	4	18369
440	4	18370
440	4	18371
440	4	18372
440	4	18373
440	4	18374
440	4	18375
440	4	18376
440	4	18377
440	4	18378
440	4	18379
440	4	18380
440	4	18381
440	4	18382
440	4	18383
440	4	18384
440	4	18385
440	4	18386
440	5	18387
440	5	18388
440	5	18389
440	5	18390
440	5	18391
440	6	18392
441	0	18393
441	1	18394
441	3	18395
441	4	18396
441	4	18397
441	4	18398
441	4	18399
441	4	18400
441	4	18401
441	4	18402
441	4	18403
441	4	18404
441	4	18405
441	4	18406
441	4	18407
441	4	18408
441	4	18409
441	4	18410
441	4	18411
441	4	18412
441	4	18413
441	4	18414
441	4	18415
441	4	18416
441	4	18417
441	4	18418
441	4	18419
441	4	18420
441	4	18421
441	4	18422
441	4	18423
441	4	18424
441	4	18425
441	4	18426
441	4	18427
441	4	18428
441	4	18429
441	4	18430
441	4	18431
441	4	18432
441	4	18433
441	4	18434
441	4	18435
441	4	18436
441	4	18437
441	6	18438
442	0	18439
442	1	18440
442	2	18441
442	2	18442
442	2	18443
442	3	18444
442	4	18445
442	4	18446
442	4	18447
442	4	18448
442	4	18449
442	4	18450
442	4	18451
442	4	18452
442	4	18453
442	4	18454
442	4	18455
442	4	18456
442	4	18457
442	4	18458
442	4	18459
442	4	18460
442	4	18461
442	4	18462
442	4	18463
442	4	18464
442	4	18465
442	4	18466
442	4	18467
442	4	18468
442	4	18469
442	4	18470
442	4	18471
442	4	18472
442	4	18473
442	4	18474
442	4	18475
442	4	18476
442	5	18477
442	5	18478
442	5	18479
442	5	18480
442	5	18481
442	5	18482
442	5	18483
442	6	18484
443	1	18485
443	2	18486
443	3	18487
443	4	18488
443	4	18489
443	4	18490
443	4	18491
443	4	18492
443	4	18493
443	4	18494
443	4	18495
443	4	18496
443	4	18497
443	4	18498
443	4	18499
443	4	18500
443	4	18501
443	4	18502
443	4	18503
443	4	18504
443	4	18505
443	4	18506
443	4	18507
443	4	18508
443	4	18509
443	5	18510
443	5	18511
443	5	18512
443	5	18513
443	5	18514
443	5	18515
443	5	18516
443	6	18517
444	0	18518
444	1	18519
444	2	18520
444	3	18521
444	4	18522
444	4	18523
444	4	18524
444	4	18525
444	4	18526
444	4	18527
444	4	18528
444	4	18529
444	4	18530
444	4	18531
444	4	18532
444	4	18533
444	4	18534
444	4	18535
444	4	18536
444	4	18537
444	4	18538
444	4	18539
444	4	18540
444	4	18541
444	4	18542
444	4	18543
444	4	18544
444	4	18545
444	4	18546
444	4	18547
444	4	18548
444	4	18549
444	4	18550
444	4	18551
444	4	18552
444	4	18553
444	4	18554
444	4	18555
444	4	18556
444	4	18557
444	4	18558
444	4	18559
444	5	18560
444	5	18561
444	5	18562
444	5	18563
444	5	18564
444	5	18565
444	5	18566
444	6	18567
445	4	18568
445	4	18569
445	4	18570
445	4	18571
445	4	18572
445	4	18573
445	4	18574
445	4	18575
445	4	18576
445	4	18577
445	4	18578
445	4	18579
445	4	18580
445	4	18581
445	4	18582
445	4	18583
445	4	18584
445	4	18585
445	4	18586
445	4	18587
445	4	18588
445	4	18589
445	4	18590
446	0	18591
446	1	18592
446	2	18593
446	2	18594
446	2	18595
446	3	18596
446	3	18597
446	4	18598
446	4	18599
446	4	18600
446	4	18601
446	4	18602
446	4	18603
446	4	18604
446	4	18605
446	4	18606
446	4	18607
446	4	18608
446	4	18609
446	4	18610
446	4	18611
446	4	18612
446	4	18613
446	4	18614
446	4	18615
446	4	18616
446	4	18617
446	4	18618
446	5	18619
446	5	18620
446	6	18621
447	0	18622
447	1	18623
447	2	18624
447	2	18625
447	2	18626
447	3	18627
447	4	18628
447	4	18629
447	4	18630
447	4	18631
447	4	18632
447	4	18633
447	4	18634
447	4	18635
447	4	18636
447	4	18637
447	4	18638
447	4	18639
447	4	18640
447	4	18641
447	4	18642
447	4	18643
447	4	18644
447	4	18645
447	4	18646
447	4	18647
447	4	18648
447	4	18649
447	4	18650
447	4	18651
447	4	18652
447	4	18653
447	4	18654
447	4	18655
447	4	18656
447	4	18657
447	4	18658
447	4	18659
447	4	18660
447	4	18661
447	4	18662
447	4	18663
447	5	18664
447	5	18665
447	5	18666
447	5	18667
447	5	18668
447	5	18669
447	5	18670
447	6	18671
448	0	18672
448	1	18673
448	2	18674
448	3	18675
448	4	18676
448	4	18677
448	4	18678
448	4	18679
448	4	18680
448	4	18681
448	4	18682
448	4	18683
448	4	18684
448	4	18685
448	4	18686
448	4	18687
448	4	18688
448	4	18689
448	4	18690
448	4	18691
448	4	18692
448	4	18693
448	4	18694
448	4	18695
448	4	18696
448	4	18697
448	5	18698
448	5	18699
448	5	18700
448	5	18701
448	5	18702
448	6	18703
449	0	18704
449	1	18705
449	2	18706
449	3	18707
449	4	18708
449	4	18709
449	4	18710
449	4	18711
449	4	18712
449	4	18713
449	4	18714
449	4	18715
449	4	18716
449	4	18717
449	4	18718
449	4	18719
449	4	18720
449	4	18721
449	4	18722
449	4	18723
449	4	18724
449	4	18725
449	4	18726
449	4	18727
449	4	18728
449	4	18729
449	5	18730
449	5	18731
449	5	18732
449	5	18733
449	5	18734
449	5	18735
449	6	18736
450	0	18737
450	0	18738
450	1	18739
450	2	18740
450	2	18741
450	2	18742
450	3	18743
450	3	18744
450	3	18745
450	4	18746
450	4	18747
450	4	18748
450	4	18749
450	4	18750
450	4	18751
450	4	18752
450	4	18753
450	4	18754
450	4	18755
450	4	18756
450	4	18757
450	4	18758
450	4	18759
450	4	18760
450	4	18761
450	4	18762
450	4	18763
450	4	18764
450	4	18765
450	4	18766
450	4	18767
450	4	18768
450	4	18769
450	4	18770
450	5	18771
450	5	18772
450	5	18773
450	5	18774
450	5	18775
450	6	18776
450	6	18777
451	0	18778
451	1	18779
451	2	18780
451	3	18781
451	4	18782
451	4	18783
451	4	18784
451	4	18785
451	4	18786
451	4	18787
451	4	18788
451	4	18789
451	4	18790
451	4	18791
451	4	18792
451	4	18793
451	4	18794
451	4	18795
451	4	18796
451	4	18797
451	4	18798
451	4	18799
451	4	18800
451	4	18801
451	4	18802
451	4	18803
451	4	18804
451	4	18805
451	5	18806
451	5	18807
451	5	18808
451	6	18809
452	4	18810
452	4	18811
452	4	18812
452	4	18813
452	4	18814
452	4	18815
452	4	18816
452	4	18817
452	4	18818
452	4	18819
452	4	18820
452	4	18821
452	4	18822
452	4	18823
452	4	18824
452	4	18825
452	4	18826
452	4	18827
452	4	18828
452	4	18829
452	4	18830
452	4	18831
452	4	18832
453	0	18833
453	1	18834
453	2	18835
453	3	18836
453	4	18837
453	4	18838
453	4	18839
453	4	18840
453	4	18841
453	4	18842
453	4	18843
453	4	18844
453	4	18845
453	4	18846
453	4	18847
453	4	18848
453	4	18849
453	4	18850
453	4	18851
453	4	18852
453	4	18853
453	4	18854
453	4	18855
453	5	18856
453	5	18857
453	6	18858
454	0	18859
454	1	18860
454	2	18861
454	2	18862
454	2	18863
454	3	18864
454	4	18865
454	4	18866
454	4	18867
454	4	18868
454	4	18869
454	4	18870
454	4	18871
454	4	18872
454	4	18873
454	4	18874
454	4	18875
454	4	18876
454	4	18877
454	4	18878
454	4	18879
454	4	18880
454	4	18881
454	4	18882
454	4	18883
454	4	18884
454	4	18885
454	4	18886
454	4	18887
454	4	18888
454	4	18889
454	4	18890
454	4	18891
454	4	18892
454	4	18893
454	4	18894
454	4	18895
454	4	18896
454	4	18897
454	4	18898
454	4	18899
454	4	18900
454	4	18901
454	4	18902
454	5	18903
454	5	18904
454	5	18905
454	5	18906
454	6	18907
455	0	18908
455	1	18909
455	2	18910
455	2	18911
455	2	18912
455	3	18913
455	3	18914
455	4	18915
455	4	18916
455	4	18917
455	4	18918
455	4	18919
455	4	18920
455	4	18921
455	4	18922
455	4	18923
455	4	18924
455	4	18925
455	4	18926
455	4	18927
455	4	18928
455	4	18929
455	4	18930
455	4	18931
455	4	18932
455	4	18933
455	4	18934
455	4	18935
455	4	18936
455	4	18937
455	4	18938
455	4	18939
455	4	18940
455	4	18941
455	4	18942
455	4	18943
455	4	18944
455	4	18945
455	4	18946
455	4	18947
455	4	18948
455	5	18949
455	5	18950
455	5	18951
455	5	18952
455	5	18953
455	5	18954
455	5	18955
455	5	18956
455	5	18957
455	6	18958
456	1	18959
456	2	18960
456	3	18961
456	4	18962
456	4	18963
456	4	18964
456	4	18965
456	4	18966
456	4	18967
456	4	18968
456	4	18969
456	4	18970
456	4	18971
456	4	18972
456	4	18973
456	4	18974
456	4	18975
456	4	18976
456	4	18977
456	4	18978
456	4	18979
456	4	18980
456	4	18981
456	4	18982
456	6	18983
457	0	18984
457	0	18985
457	1	18986
457	2	18987
457	2	18988
457	2	18989
457	2	18990
457	3	18991
457	4	18992
457	4	18993
457	4	18994
457	4	18995
457	4	18996
457	4	18997
457	4	18998
457	4	18999
457	4	19000
457	4	19001
457	4	19002
457	4	19003
457	4	19004
457	4	19005
457	4	19006
457	4	19007
457	4	19008
457	4	19009
457	4	19010
457	4	19011
457	4	19012
457	4	19013
457	4	19014
457	4	19015
457	4	19016
457	4	19017
457	4	19018
457	4	19019
457	4	19020
457	4	19021
457	4	19022
457	4	19023
457	4	19024
457	4	19025
457	4	19026
457	4	19027
457	4	19028
457	4	19029
457	5	19030
457	5	19031
457	5	19032
457	6	19033
458	0	19034
458	1	19035
458	2	19036
458	2	19037
458	3	19038
458	4	19039
458	4	19040
458	4	19041
458	4	19042
458	4	19043
458	4	19044
458	4	19045
458	4	19046
458	4	19047
458	4	19048
458	4	19049
458	4	19050
458	4	19051
458	4	19052
458	4	19053
458	4	19054
458	4	19055
458	5	19056
458	5	19057
458	5	19058
458	5	19059
458	6	19060
459	0	19061
459	1	19062
459	2	19063
459	3	19064
459	4	19065
459	4	19066
459	4	19067
459	4	19068
459	4	19069
459	4	19070
459	4	19071
459	4	19072
459	4	19073
459	4	19074
459	4	19075
459	4	19076
459	4	19077
459	4	19078
459	4	19079
459	4	19080
459	4	19081
459	4	19082
459	4	19083
459	4	19084
459	4	19085
459	4	19086
459	4	19087
459	4	19088
459	4	19089
459	4	19090
459	4	19091
459	4	19092
459	4	19093
459	4	19094
459	4	19095
459	4	19096
459	5	19097
459	5	19098
459	5	19099
459	5	19100
459	6	19101
460	0	19102
460	1	19103
460	2	19104
460	2	19105
460	4	19106
460	4	19107
460	4	19108
460	4	19109
460	4	19110
460	4	19111
460	4	19112
460	4	19113
460	4	19114
460	4	19115
460	4	19116
460	4	19117
460	4	19118
460	4	19119
460	4	19120
460	4	19121
460	4	19122
460	4	19123
460	4	19124
460	4	19125
460	4	19126
460	4	19127
460	4	19128
460	4	19129
460	4	19130
460	4	19131
460	4	19132
460	4	19133
460	4	19134
460	4	19135
460	4	19136
460	4	19137
460	4	19138
460	4	19139
460	4	19140
460	4	19141
460	4	19142
460	4	19143
460	4	19144
460	4	19145
460	4	19146
460	5	19147
460	5	19148
460	5	19149
460	5	19150
460	5	19151
460	5	19152
460	6	19153
460	6	19154
460	6	19155
460	6	19156
461	1	19157
461	4	19158
461	4	19159
461	4	19160
461	4	19161
461	4	19162
461	4	19163
461	4	19164
461	4	19165
461	4	19166
461	4	19167
461	4	19168
461	4	19169
461	4	19170
461	4	19171
461	4	19172
461	4	19173
461	4	19174
461	4	19175
461	4	19176
461	4	19177
461	4	19178
461	4	19179
461	5	19180
461	5	19181
461	5	19182
461	5	19183
461	5	19184
461	6	19185
462	1	19186
462	2	19187
462	3	19188
462	3	19189
462	4	19190
462	4	19191
462	4	19192
462	4	19193
462	4	19194
462	4	19195
462	4	19196
462	4	19197
462	4	19198
462	4	19199
462	4	19200
462	4	19201
462	5	19202
462	5	19203
462	6	19204
463	0	19205
463	1	19206
463	2	19207
463	2	19208
463	3	19209
463	4	19210
463	4	19211
463	4	19212
463	4	19213
463	4	19214
463	4	19215
463	4	19216
463	4	19217
463	4	19218
463	4	19219
463	4	19220
463	4	19221
463	4	19222
463	4	19223
463	4	19224
463	4	19225
463	4	19226
463	4	19227
463	4	19228
463	4	19229
463	4	19230
463	4	19231
463	4	19232
463	4	19233
463	4	19234
463	4	19235
463	4	19236
463	4	19237
463	4	19238
463	4	19239
463	4	19240
463	4	19241
463	4	19242
463	5	19243
463	5	19244
463	5	19245
463	5	19246
463	5	19247
463	6	19248
464	0	19249
464	1	19250
464	2	19251
464	3	19252
464	4	19253
464	4	19254
464	4	19255
464	4	19256
464	4	19257
464	4	19258
464	4	19259
464	4	19260
464	4	19261
464	4	19262
464	4	19263
464	4	19264
464	4	19265
464	4	19266
464	4	19267
464	4	19268
464	4	19269
464	4	19270
464	4	19271
464	4	19272
464	4	19273
464	4	19274
464	4	19275
464	4	19276
464	5	19277
464	5	19278
464	5	19279
464	5	19280
464	5	19281
464	6	19282
465	0	19283
465	1	19284
465	2	19285
465	2	19286
465	2	19287
465	3	19288
465	4	19289
465	4	19290
465	4	19291
465	4	19292
465	4	19293
465	4	19294
465	4	19295
465	4	19296
465	4	19297
465	4	19298
465	4	19299
465	4	19300
465	4	19301
465	4	19302
465	4	19303
465	4	19304
465	4	19305
465	4	19306
465	4	19307
465	4	19308
465	4	19309
465	4	19310
465	5	19311
465	5	19312
465	5	19313
465	5	19314
465	5	19315
465	5	19316
465	5	19317
465	6	19318
466	0	19319
466	1	19320
466	2	19321
466	2	19322
466	2	19323
466	3	19324
466	4	19325
466	4	19326
466	4	19327
466	4	19328
466	4	19329
466	4	19330
466	4	19331
466	4	19332
466	4	19333
466	4	19334
466	4	19335
466	4	19336
466	4	19337
466	4	19338
466	4	19339
466	4	19340
466	4	19341
466	4	19342
466	4	19343
466	4	19344
466	4	19345
466	4	19346
466	4	19347
466	4	19348
466	4	19349
466	4	19350
466	5	19351
466	5	19352
466	5	19353
466	5	19354
466	6	19355
467	0	19356
467	0	19357
467	1	19358
467	2	19359
467	3	19360
467	4	19361
467	4	19362
467	4	19363
467	4	19364
467	4	19365
467	4	19366
467	4	19367
467	4	19368
467	4	19369
467	4	19370
467	4	19371
467	4	19372
467	4	19373
467	4	19374
467	4	19375
467	4	19376
467	4	19377
467	4	19378
467	4	19379
467	4	19380
467	4	19381
467	4	19382
467	4	19383
467	4	19384
467	4	19385
467	4	19386
467	4	19387
467	4	19388
467	4	19389
467	4	19390
467	4	19391
467	4	19392
467	4	19393
467	4	19394
467	4	19395
467	4	19396
467	4	19397
467	4	19398
467	4	19399
467	4	19400
467	4	19401
467	4	19402
467	4	19403
467	5	19404
467	5	19405
467	5	19406
467	6	19407
468	0	19408
468	1	19409
468	2	19410
468	2	19411
468	4	19412
468	4	19413
468	4	19414
468	4	19415
468	4	19416
468	4	19417
468	4	19418
468	4	19419
468	4	19420
468	4	19421
468	4	19422
468	4	19423
468	4	19424
468	4	19425
468	4	19426
468	4	19427
468	4	19428
468	4	19429
468	4	19430
468	4	19431
468	4	19432
468	4	19433
468	4	19434
468	5	19435
468	5	19436
468	5	19437
468	5	19438
468	5	19439
468	5	19440
468	5	19441
468	6	19442
469	0	19443
469	1	19444
469	2	19445
469	2	19446
469	3	19447
469	4	19448
469	4	19449
469	4	19450
469	4	19451
469	4	19452
469	4	19453
469	4	19454
469	4	19455
469	4	19456
469	4	19457
469	4	19458
469	4	19459
469	4	19460
469	4	19461
469	4	19462
469	4	19463
469	4	19464
469	4	19465
469	4	19466
469	4	19467
469	4	19468
469	4	19469
469	4	19470
469	4	19471
469	4	19472
469	4	19473
469	4	19474
469	4	19475
469	4	19476
469	4	19477
469	4	19478
469	4	19479
469	4	19480
469	4	19481
469	4	19482
469	4	19483
469	4	19484
469	4	19485
469	4	19486
469	4	19487
469	4	19488
469	4	19489
469	4	19490
469	4	19491
469	4	19492
469	4	19493
469	4	19494
469	4	19495
469	4	19496
469	4	19497
469	4	19498
469	4	19499
469	4	19500
469	4	19501
469	4	19502
469	5	19503
469	5	19504
469	5	19505
469	5	19506
469	5	19507
469	5	19508
469	5	19509
469	5	19510
469	5	19511
469	6	19512
470	0	19513
470	0	19514
470	2	19515
470	2	19516
470	2	19517
470	3	19518
470	4	19519
470	4	19520
470	4	19521
470	4	19522
470	4	19523
470	4	19524
470	4	19525
470	4	19526
470	4	19527
470	4	19528
470	4	19529
470	4	19530
470	4	19531
470	4	19532
470	4	19533
470	4	19534
470	4	19535
470	4	19536
470	4	19537
470	4	19538
470	4	19539
470	4	19540
470	4	19541
470	4	19542
470	4	19543
470	4	19544
470	4	19545
470	4	19546
470	4	19547
470	4	19548
470	4	19549
470	4	19550
470	4	19551
470	5	19552
470	5	19553
470	5	19554
470	5	19555
470	5	19556
470	6	19557
471	0	19558
471	0	19559
471	0	19560
471	1	19561
471	1	19562
471	2	19563
471	3	19564
471	4	19565
471	4	19566
471	4	19567
471	4	19568
471	4	19569
471	4	19570
471	4	19571
471	4	19572
471	4	19573
471	4	19574
471	4	19575
471	4	19576
471	4	19577
471	4	19578
471	4	19579
471	4	19580
471	4	19581
471	4	19582
471	4	19583
471	4	19584
471	4	19585
471	4	19586
471	4	19587
471	4	19588
471	4	19589
471	4	19590
471	4	19591
471	4	19592
471	4	19593
471	4	19594
471	4	19595
471	4	19596
471	4	19597
471	4	19598
471	5	19599
471	5	19600
471	5	19601
471	5	19602
471	6	19603
472	0	19604
472	0	19605
472	1	19606
472	2	19607
472	2	19608
472	3	19609
472	4	19610
472	4	19611
472	4	19612
472	4	19613
472	4	19614
472	4	19615
472	4	19616
472	4	19617
472	4	19618
472	4	19619
472	4	19620
472	4	19621
472	4	19622
472	4	19623
472	4	19624
472	4	19625
472	4	19626
472	4	19627
472	4	19628
472	4	19629
472	4	19630
472	4	19631
472	4	19632
472	4	19633
472	4	19634
472	4	19635
472	4	19636
472	4	19637
472	4	19638
472	4	19639
472	4	19640
472	4	19641
472	4	19642
472	4	19643
472	4	19644
472	5	19645
472	5	19646
472	5	19647
472	5	19648
472	5	19649
472	5	19650
472	5	19651
472	5	19652
472	5	19653
472	6	19654
473	2	19655
473	3	19656
473	4	19657
473	4	19658
473	4	19659
473	4	19660
473	4	19661
473	4	19662
473	4	19663
473	4	19664
473	4	19665
473	4	19666
473	4	19667
473	4	19668
473	4	19669
473	4	19670
473	4	19671
473	4	19672
473	4	19673
473	4	19674
473	5	19675
473	5	19676
473	5	19677
473	6	19678
474	0	19679
474	0	19680
474	1	19681
474	2	19682
474	3	19683
474	4	19684
474	4	19685
474	4	19686
474	4	19687
474	4	19688
474	4	19689
474	4	19690
474	4	19691
474	4	19692
474	4	19693
474	4	19694
474	4	19695
474	4	19696
474	4	19697
474	4	19698
474	4	19699
474	4	19700
474	4	19701
474	4	19702
474	4	19703
474	4	19704
474	4	19705
474	5	19706
474	5	19707
474	5	19708
474	5	19709
474	6	19710
475	0	19711
475	1	19712
475	2	19713
475	2	19714
475	3	19715
475	4	19716
475	4	19717
475	4	19718
475	4	19719
475	4	19720
475	4	19721
475	4	19722
475	4	19723
475	4	19724
475	4	19725
475	4	19726
475	4	19727
475	4	19728
475	4	19729
475	4	19730
475	4	19731
475	4	19732
475	4	19733
475	4	19734
475	4	19735
475	4	19736
475	4	19737
475	4	19738
475	4	19739
475	4	19740
475	4	19741
475	4	19742
475	4	19743
475	4	19744
475	4	19745
475	5	19746
475	5	19747
475	5	19748
475	5	19749
475	5	19750
475	5	19751
475	6	19752
476	0	19753
476	2	19754
476	3	19755
476	4	19756
476	4	19757
476	4	19758
476	4	19759
476	4	19760
476	4	19761
476	4	19762
476	4	19763
476	4	19764
476	4	19765
476	4	19766
476	4	19767
476	4	19768
476	4	19769
476	4	19770
476	4	19771
476	4	19772
476	4	19773
476	4	19774
476	4	19775
476	4	19776
476	4	19777
476	4	19778
476	4	19779
476	4	19780
476	4	19781
476	4	19782
476	4	19783
476	4	19784
476	4	19785
476	4	19786
476	6	19787
477	0	19788
477	1	19789
477	2	19790
477	2	19791
477	3	19792
477	4	19793
477	4	19794
477	4	19795
477	4	19796
477	4	19797
477	4	19798
477	4	19799
477	4	19800
477	4	19801
477	4	19802
477	4	19803
477	4	19804
477	4	19805
477	4	19806
477	4	19807
477	4	19808
477	4	19809
477	4	19810
477	4	19811
477	4	19812
477	4	19813
477	4	19814
477	4	19815
477	4	19816
477	4	19817
477	4	19818
477	4	19819
477	4	19820
477	4	19821
477	4	19822
477	4	19823
477	4	19824
477	4	19825
477	5	19826
477	5	19827
477	5	19828
477	6	19829
478	1	19830
478	2	19831
478	3	19832
478	4	19833
478	4	19834
478	4	19835
478	4	19836
478	4	19837
478	4	19838
478	4	19839
478	4	19840
478	4	19841
478	4	19842
478	4	19843
478	4	19844
478	4	19845
478	4	19846
478	4	19847
478	4	19848
478	4	19849
478	5	19850
478	5	19851
478	5	19852
478	5	19853
478	5	19854
478	6	19855
479	0	19856
479	1	19857
479	2	19858
479	2	19859
479	3	19860
479	4	19861
479	4	19862
479	4	19863
479	4	19864
479	4	19865
479	4	19866
479	4	19867
479	4	19868
479	4	19869
479	4	19870
479	4	19871
479	4	19872
479	4	19873
479	4	19874
479	4	19875
479	4	19876
479	4	19877
479	4	19878
479	4	19879
479	5	19880
479	5	19881
479	5	19882
479	5	19883
479	5	19884
479	5	19885
479	5	19886
479	6	19887
480	0	19888
480	1	19889
480	2	19890
480	4	19891
480	4	19892
480	4	19893
480	4	19894
480	4	19895
480	4	19896
480	4	19897
480	4	19898
480	4	19899
480	4	19900
480	4	19901
480	4	19902
480	4	19903
480	4	19904
480	4	19905
480	4	19906
480	4	19907
480	4	19908
480	4	19909
480	4	19910
480	4	19911
480	4	19912
480	4	19913
480	4	19914
480	4	19915
480	4	19916
480	4	19917
480	4	19918
480	6	19919
481	0	19920
481	1	19921
481	2	19922
481	2	19923
481	2	19924
481	3	19925
481	4	19926
481	4	19927
481	4	19928
481	4	19929
481	4	19930
481	4	19931
481	4	19932
481	4	19933
481	4	19934
481	4	19935
481	4	19936
481	4	19937
481	4	19938
481	4	19939
481	4	19940
481	4	19941
481	4	19942
481	4	19943
481	4	19944
481	4	19945
481	5	19946
481	5	19947
481	5	19948
481	5	19949
481	6	19950
482	0	19951
482	1	19952
482	2	19953
482	3	19954
482	4	19955
482	4	19956
482	4	19957
482	4	19958
482	4	19959
482	4	19960
482	4	19961
482	4	19962
482	4	19963
482	4	19964
482	4	19965
482	4	19966
482	4	19967
482	4	19968
482	4	19969
482	4	19970
482	4	19971
482	4	19972
482	4	19973
482	4	19974
482	4	19975
482	4	19976
482	4	19977
482	4	19978
482	4	19979
482	4	19980
482	4	19981
482	4	19982
482	4	19983
482	4	19984
482	4	19985
482	4	19986
482	4	19987
482	4	19988
482	4	19989
482	4	19990
482	4	19991
482	4	19992
482	4	19993
482	4	19994
482	4	19995
482	4	19996
482	4	19997
482	4	19998
482	6	19999
483	0	20000
483	1	20001
483	2	20002
483	3	20003
483	3	20004
483	4	20005
483	4	20006
483	4	20007
483	4	20008
483	4	20009
483	4	20010
483	4	20011
483	4	20012
483	4	20013
483	4	20014
483	4	20015
483	4	20016
483	4	20017
483	4	20018
483	4	20019
483	4	20020
483	4	20021
483	4	20022
483	4	20023
483	4	20024
483	4	20025
483	4	20026
483	4	20027
483	4	20028
483	4	20029
483	4	20030
483	4	20031
483	4	20032
483	4	20033
483	4	20034
483	4	20035
483	4	20036
483	4	20037
483	4	20038
483	4	20039
483	4	20040
483	4	20041
483	4	20042
483	4	20043
483	4	20044
483	4	20045
483	4	20046
483	4	20047
483	4	20048
483	4	20049
483	4	20050
483	4	20051
483	4	20052
483	4	20053
483	4	20054
483	4	20055
483	4	20056
483	4	20057
483	4	20058
483	4	20059
483	4	20060
483	4	20061
483	4	20062
483	4	20063
483	4	20064
483	4	20065
483	4	20066
483	4	20067
483	5	20068
483	5	20069
483	5	20070
483	5	20071
483	5	20072
483	5	20073
483	5	20074
483	6	20075
484	0	20076
484	0	20077
484	1	20078
484	2	20079
484	3	20080
484	4	20081
484	4	20082
484	4	20083
484	4	20084
484	4	20085
484	4	20086
484	4	20087
484	4	20088
484	4	20089
484	4	20090
484	4	20091
484	4	20092
484	4	20093
484	4	20094
484	4	20095
484	4	20096
484	4	20097
484	4	20098
484	4	20099
484	4	20100
484	4	20101
484	4	20102
484	4	20103
484	4	20104
484	4	20105
484	4	20106
484	4	20107
484	4	20108
484	4	20109
484	4	20110
484	4	20111
484	4	20112
484	4	20113
484	4	20114
484	4	20115
484	4	20116
484	5	20117
484	5	20118
484	5	20119
484	5	20120
484	6	20121
485	0	20122
485	1	20123
485	2	20124
485	2	20125
485	2	20126
485	3	20127
485	4	20128
485	4	20129
485	4	20130
485	4	20131
485	4	20132
485	4	20133
485	4	20134
485	4	20135
485	4	20136
485	4	20137
485	4	20138
485	4	20139
485	4	20140
485	4	20141
485	4	20142
485	4	20143
485	4	20144
485	4	20145
485	4	20146
485	4	20147
485	5	20148
485	5	20149
485	5	20150
485	5	20151
485	6	20152
486	0	20153
486	1	20154
486	1	20155
486	2	20156
486	2	20157
486	3	20158
486	4	20159
486	4	20160
486	4	20161
486	4	20162
486	4	20163
486	4	20164
486	4	20165
486	4	20166
486	4	20167
486	4	20168
486	4	20169
486	4	20170
486	4	20171
486	4	20172
486	4	20173
486	4	20174
486	4	20175
486	4	20176
486	4	20177
486	4	20178
486	4	20179
486	4	20180
486	5	20181
486	5	20182
486	5	20183
486	5	20184
486	5	20185
486	6	20186
487	0	20187
487	1	20188
487	1	20189
487	2	20190
487	2	20191
487	3	20192
487	4	20193
487	4	20194
487	4	20195
487	4	20196
487	4	20197
487	4	20198
487	4	20199
487	4	20200
487	4	20201
487	4	20202
487	4	20203
487	4	20204
487	4	20205
487	4	20206
487	4	20207
487	4	20208
487	4	20209
487	4	20210
487	4	20211
487	4	20212
487	4	20213
487	4	20214
487	4	20215
487	4	20216
487	4	20217
487	4	20218
487	4	20219
487	4	20220
487	5	20221
487	5	20222
487	5	20223
487	5	20224
487	5	20225
487	6	20226
488	0	20227
488	1	20228
488	2	20229
488	3	20230
488	4	20231
488	4	20232
488	4	20233
488	4	20234
488	4	20235
488	4	20236
488	4	20237
488	4	20238
488	4	20239
488	4	20240
488	4	20241
488	4	20242
488	4	20243
488	4	20244
488	4	20245
488	4	20246
488	4	20247
488	4	20248
488	4	20249
488	4	20250
488	4	20251
488	4	20252
488	4	20253
488	4	20254
488	4	20255
488	4	20256
488	5	20257
488	5	20258
488	5	20259
488	5	20260
488	5	20261
488	6	20262
489	0	20263
489	0	20264
489	0	20265
489	1	20266
489	2	20267
489	4	20268
489	4	20269
489	4	20270
489	4	20271
489	4	20272
489	4	20273
489	4	20274
489	4	20275
489	4	20276
489	4	20277
489	4	20278
489	4	20279
489	4	20280
489	4	20281
489	4	20282
489	4	20283
489	4	20284
489	4	20285
489	4	20286
489	4	20287
489	4	20288
489	4	20289
489	4	20290
489	5	20291
489	5	20292
489	5	20293
489	5	20294
489	5	20295
489	5	20296
489	6	20297
490	0	20298
490	0	20299
490	0	20300
490	1	20301
490	4	20302
490	4	20303
490	4	20304
490	4	20305
490	4	20306
490	4	20307
490	4	20308
490	5	20309
490	5	20310
490	5	20311
490	5	20312
490	5	20313
490	6	20314
491	0	20315
491	1	20316
491	2	20317
491	3	20318
491	4	20319
491	4	20320
491	4	20321
491	4	20322
491	4	20323
491	4	20324
491	4	20325
491	4	20326
491	4	20327
491	4	20328
491	4	20329
491	4	20330
491	4	20331
491	5	20332
491	5	20333
491	5	20334
491	5	20335
491	6	20336
492	0	20337
492	1	20338
492	2	20339
492	3	20340
492	4	20341
492	4	20342
492	4	20343
492	4	20344
492	4	20345
492	5	20346
492	5	20347
492	6	20348
493	1	20349
493	2	20350
493	4	20351
493	4	20352
493	4	20353
493	4	20354
493	4	20355
493	4	20356
493	4	20357
493	4	20358
493	4	20359
493	4	20360
493	4	20361
493	4	20362
493	4	20363
493	4	20364
493	4	20365
493	4	20366
493	4	20367
493	4	20368
493	4	20369
493	4	20370
493	4	20371
493	4	20372
493	4	20373
493	4	20374
493	4	20375
493	4	20376
493	4	20377
493	4	20378
493	4	20379
493	4	20380
493	4	20381
493	4	20382
493	4	20383
493	4	20384
493	4	20385
493	4	20386
493	4	20387
493	4	20388
493	4	20389
493	4	20390
493	4	20391
493	4	20392
493	4	20393
493	4	20394
493	4	20395
493	4	20396
493	4	20397
493	5	20398
493	5	20399
493	6	20400
494	0	20401
494	0	20402
494	1	20403
494	2	20404
494	2	20405
494	2	20406
494	4	20407
494	4	20408
494	4	20409
494	4	20410
494	4	20411
494	4	20412
494	4	20413
494	4	20414
494	4	20415
494	4	20416
494	4	20417
494	4	20418
494	4	20419
494	4	20420
494	4	20421
494	4	20422
494	4	20423
494	4	20424
494	4	20425
494	4	20426
494	4	20427
494	4	20428
494	4	20429
494	4	20430
494	4	20431
494	4	20432
494	4	20433
494	4	20434
494	4	20435
494	4	20436
494	4	20437
494	4	20438
494	4	20439
494	4	20440
494	4	20441
494	4	20442
494	4	20443
494	4	20444
494	4	20445
494	4	20446
494	4	20447
494	4	20448
494	4	20449
494	4	20450
494	4	20451
494	4	20452
494	4	20453
494	4	20454
494	4	20455
494	4	20456
494	4	20457
494	4	20458
494	4	20459
494	4	20460
494	4	20461
494	4	20462
494	4	20463
494	4	20464
494	5	20465
494	5	20466
494	5	20467
494	5	20468
494	5	20469
494	5	20470
494	5	20471
494	5	20472
494	6	20473
494	6	20474
495	0	20475
495	0	20476
495	1	20477
495	2	20478
495	3	20479
495	4	20480
495	4	20481
495	4	20482
495	4	20483
495	4	20484
495	4	20485
495	4	20486
495	4	20487
495	4	20488
495	4	20489
495	4	20490
495	4	20491
495	4	20492
495	4	20493
495	4	20494
495	4	20495
495	4	20496
495	4	20497
495	4	20498
495	4	20499
495	4	20500
495	5	20501
495	5	20502
495	5	20503
495	5	20504
495	6	20505
496	0	20506
496	0	20507
496	1	20508
496	2	20509
496	2	20510
496	3	20511
496	4	20512
496	4	20513
496	4	20514
496	4	20515
496	4	20516
496	4	20517
496	4	20518
496	4	20519
496	4	20520
496	4	20521
496	4	20522
496	4	20523
496	4	20524
496	4	20525
496	4	20526
496	4	20527
496	4	20528
496	4	20529
496	4	20530
496	4	20531
496	4	20532
496	4	20533
496	4	20534
496	4	20535
496	5	20536
496	5	20537
496	5	20538
496	5	20539
496	5	20540
496	6	20541
497	0	20542
497	1	20543
497	3	20544
497	4	20545
497	4	20546
497	4	20547
497	4	20548
497	4	20549
497	4	20550
497	4	20551
497	4	20552
497	4	20553
497	4	20554
497	4	20555
497	4	20556
497	4	20557
497	4	20558
497	4	20559
497	4	20560
497	4	20561
497	4	20562
497	4	20563
497	4	20564
497	4	20565
497	4	20566
497	4	20567
497	4	20568
497	4	20569
497	4	20570
497	4	20571
497	4	20572
497	4	20573
497	4	20574
497	5	20575
497	5	20576
497	5	20577
497	5	20578
497	5	20579
497	5	20580
497	6	20581
498	4	20582
498	4	20583
498	4	20584
498	4	20585
498	4	20586
498	4	20587
498	4	20588
498	4	20589
498	4	20590
498	4	20591
498	4	20592
498	4	20593
498	4	20594
498	4	20595
498	5	20596
498	5	20597
498	5	20598
499	0	20599
499	1	20600
499	2	20601
499	3	20602
499	4	20603
499	4	20604
499	4	20605
499	4	20606
499	4	20607
499	4	20608
499	4	20609
499	4	20610
499	4	20611
499	5	20612
499	5	20613
499	5	20614
499	6	20615
500	0	20616
500	1	20617
500	2	20618
500	3	20619
500	4	20620
500	4	20621
500	4	20622
500	4	20623
500	4	20624
500	4	20625
500	4	20626
500	4	20627
500	4	20628
500	4	20629
500	4	20630
500	4	20631
500	4	20632
500	4	20633
500	4	20634
500	4	20635
500	5	20636
500	5	20637
500	5	20638
500	5	20639
500	5	20640
500	5	20641
500	5	20642
500	5	20643
500	5	20644
500	5	20645
500	6	20646
501	0	20647
501	1	20648
501	2	20649
501	2	20650
501	3	20651
501	4	20652
501	4	20653
501	4	20654
501	4	20655
501	4	20656
501	4	20657
501	4	20658
501	4	20659
501	4	20660
501	4	20661
501	4	20662
501	4	20663
501	4	20664
501	4	20665
501	5	20666
501	5	20667
501	5	20668
501	5	20669
501	5	20670
501	6	20671
502	0	20672
502	0	20673
502	1	20674
502	2	20675
502	3	20676
502	4	20677
502	4	20678
502	4	20679
502	4	20680
502	4	20681
502	4	20682
502	4	20683
502	4	20684
502	4	20685
502	4	20686
502	4	20687
502	4	20688
502	4	20689
502	4	20690
502	4	20691
502	4	20692
502	4	20693
502	4	20694
502	4	20695
502	5	20696
502	5	20697
502	5	20698
502	5	20699
502	5	20700
502	5	20701
502	5	20702
502	6	20703
503	2	20704
503	2	20705
503	3	20706
503	4	20707
503	4	20708
503	4	20709
503	4	20710
503	4	20711
503	4	20712
503	4	20713
503	4	20714
503	4	20715
503	4	20716
503	4	20717
503	4	20718
503	4	20719
503	4	20720
503	4	20721
503	4	20722
503	4	20723
503	5	20724
503	5	20725
503	5	20726
503	5	20727
503	6	20728
504	0	20729
504	0	20730
504	1	20731
504	1	20732
504	2	20733
504	4	20734
504	4	20735
504	4	20736
504	4	20737
504	4	20738
504	4	20739
504	4	20740
504	4	20741
504	4	20742
504	4	20743
504	4	20744
504	4	20745
504	4	20746
504	4	20747
504	4	20748
504	4	20749
504	4	20750
504	4	20751
504	4	20752
504	4	20753
504	4	20754
504	4	20755
504	4	20756
504	4	20757
504	4	20758
504	5	20759
504	5	20760
504	5	20761
504	5	20762
504	5	20763
504	5	20764
504	6	20765
505	1	20766
505	2	20767
505	3	20768
505	4	20769
505	4	20770
505	4	20771
505	4	20772
505	4	20773
505	4	20774
505	4	20775
505	4	20776
505	4	20777
505	4	20778
505	4	20779
505	4	20780
505	4	20781
505	4	20782
505	4	20783
505	4	20784
505	4	20785
505	4	20786
505	4	20787
505	4	20788
505	4	20789
505	4	20790
505	4	20791
505	4	20792
505	4	20793
505	4	20794
505	4	20795
505	4	20796
505	4	20797
505	4	20798
505	4	20799
505	5	20800
505	5	20801
505	5	20802
505	5	20803
505	5	20804
505	5	20805
505	6	20806
506	0	20807
506	0	20808
506	1	20809
506	2	20810
506	3	20811
506	4	20812
506	4	20813
506	4	20814
506	4	20815
506	4	20816
506	4	20817
506	4	20818
506	4	20819
506	4	20820
506	4	20821
506	4	20822
506	4	20823
506	4	20824
506	4	20825
506	4	20826
506	4	20827
506	4	20828
506	4	20829
506	4	20830
506	4	20831
506	4	20832
506	4	20833
506	4	20834
506	4	20835
506	4	20836
506	4	20837
506	5	20838
506	5	20839
506	5	20840
506	5	20841
506	5	20842
506	5	20843
506	5	20844
506	6	20845
507	0	20846
507	0	20847
507	0	20848
507	0	20849
507	1	20850
507	2	20851
507	3	20852
507	4	20853
507	4	20854
507	4	20855
507	4	20856
507	4	20857
507	4	20858
507	4	20859
507	4	20860
507	4	20861
507	4	20862
507	4	20863
507	4	20864
507	4	20865
507	4	20866
507	4	20867
507	4	20868
507	4	20869
507	4	20870
507	4	20871
507	4	20872
507	4	20873
507	4	20874
507	4	20875
507	4	20876
507	4	20877
507	5	20878
507	5	20879
507	5	20880
507	5	20881
507	6	20882
508	0	20883
508	0	20884
508	1	20885
508	2	20886
508	3	20887
508	4	20888
508	4	20889
508	4	20890
508	4	20891
508	4	20892
508	4	20893
508	4	20894
508	4	20895
508	4	20896
508	4	20897
508	4	20898
508	4	20899
508	4	20900
508	4	20901
508	4	20902
508	4	20903
508	4	20904
508	4	20905
508	4	20906
508	4	20907
508	4	20908
508	4	20909
508	4	20910
508	4	20911
508	4	20912
508	5	20913
508	5	20914
508	5	20915
508	5	20916
508	5	20917
508	5	20918
508	6	20919
509	0	20920
509	0	20921
509	1	20922
509	2	20923
509	2	20924
509	3	20925
509	4	20926
509	4	20927
509	4	20928
509	4	20929
509	4	20930
509	4	20931
509	4	20932
509	4	20933
509	4	20934
509	4	20935
509	4	20936
509	4	20937
509	4	20938
509	4	20939
509	4	20940
509	4	20941
509	4	20942
509	4	20943
509	4	20944
509	5	20945
509	5	20946
509	5	20947
509	5	20948
509	6	20949
510	0	20950
510	0	20951
510	0	20952
510	0	20953
510	1	20954
510	2	20955
510	3	20956
510	4	20957
510	4	20958
510	4	20959
510	4	20960
510	4	20961
510	4	20962
510	4	20963
510	4	20964
510	4	20965
510	4	20966
510	4	20967
510	4	20968
510	4	20969
510	4	20970
510	4	20971
510	4	20972
510	4	20973
510	4	20974
510	4	20975
510	4	20976
510	4	20977
510	4	20978
510	4	20979
510	4	20980
510	4	20981
510	4	20982
510	4	20983
510	5	20984
510	5	20985
510	5	20986
510	5	20987
510	5	20988
510	6	20989
511	0	20990
511	1	20991
511	2	20992
511	3	20993
511	4	20994
511	4	20995
511	4	20996
511	4	20997
511	4	20998
511	4	20999
511	4	21000
511	4	21001
511	4	21002
511	4	21003
511	4	21004
511	4	21005
511	4	21006
511	4	21007
511	4	21008
511	5	21009
511	5	21010
511	5	21011
511	5	21012
511	5	21013
511	6	21014
512	0	21015
512	0	21016
512	1	21017
512	2	21018
512	3	21019
512	4	21020
512	4	21021
512	4	21022
512	4	21023
512	4	21024
512	4	21025
512	4	21026
512	4	21027
512	4	21028
512	4	21029
512	4	21030
512	4	21031
512	4	21032
512	4	21033
512	4	21034
512	4	21035
512	4	21036
512	4	21037
512	4	21038
512	4	21039
512	4	21040
512	4	21041
512	4	21042
512	4	21043
512	4	21044
512	4	21045
512	5	21046
512	5	21047
512	5	21048
512	5	21049
512	5	21050
512	5	21051
512	5	21052
512	5	21053
512	5	21054
512	5	21055
512	6	21056
513	0	21057
513	0	21058
513	1	21059
513	2	21060
513	2	21061
513	3	21062
513	4	21063
513	4	21064
513	4	21065
513	4	21066
513	4	21067
513	4	21068
513	4	21069
513	4	21070
513	4	21071
513	4	21072
513	4	21073
513	4	21074
513	4	21075
513	4	21076
513	4	21077
513	4	21078
513	4	21079
513	4	21080
513	4	21081
513	4	21082
513	4	21083
513	4	21084
513	4	21085
513	4	21086
513	4	21087
513	4	21088
513	4	21089
513	4	21090
513	4	21091
513	4	21092
513	4	21093
513	4	21094
513	4	21095
513	4	21096
513	4	21097
513	5	21098
513	5	21099
513	5	21100
513	5	21101
513	5	21102
513	6	21103
514	0	21104
514	0	21105
514	1	21106
514	2	21107
514	3	21108
514	4	21109
514	4	21110
514	4	21111
514	4	21112
514	4	21113
514	4	21114
514	4	21115
514	4	21116
514	4	21117
514	4	21118
514	4	21119
514	4	21120
514	4	21121
514	4	21122
514	4	21123
514	4	21124
514	4	21125
514	4	21126
514	4	21127
514	4	21128
514	4	21129
514	4	21130
514	4	21131
514	4	21132
514	4	21133
514	4	21134
514	4	21135
514	4	21136
514	4	21137
514	4	21138
514	4	21139
514	4	21140
514	4	21141
514	4	21142
514	4	21143
514	5	21144
514	5	21145
514	5	21146
514	5	21147
514	5	21148
514	5	21149
514	6	21150
515	0	21151
515	1	21152
515	2	21153
515	4	21154
515	4	21155
515	4	21156
515	4	21157
515	4	21158
515	4	21159
515	4	21160
515	4	21161
515	4	21162
515	4	21163
515	4	21164
515	4	21165
515	4	21166
515	4	21167
515	4	21168
515	4	21169
515	5	21170
515	5	21171
515	5	21172
515	6	21173
516	0	21174
516	0	21175
516	1	21176
516	2	21177
516	3	21178
516	4	21179
516	4	21180
516	4	21181
516	4	21182
516	4	21183
516	4	21184
516	4	21185
516	4	21186
516	4	21187
516	4	21188
516	4	21189
516	4	21190
516	4	21191
516	4	21192
516	4	21193
516	4	21194
516	4	21195
516	4	21196
516	4	21197
516	4	21198
516	4	21199
516	4	21200
516	4	21201
516	4	21202
516	4	21203
516	4	21204
516	4	21205
516	4	21206
516	4	21207
516	5	21208
516	5	21209
516	5	21210
516	5	21211
516	5	21212
516	5	21213
516	5	21214
516	6	21215
517	0	21216
517	0	21217
517	0	21218
517	1	21219
517	2	21220
517	3	21221
517	4	21222
517	4	21223
517	4	21224
517	4	21225
517	4	21226
517	4	21227
517	4	21228
517	4	21229
517	4	21230
517	4	21231
517	4	21232
517	4	21233
517	4	21234
517	4	21235
517	4	21236
517	4	21237
517	4	21238
517	4	21239
517	4	21240
517	5	21241
517	5	21242
517	5	21243
517	5	21244
517	5	21245
517	5	21246
517	5	21247
517	5	21248
517	5	21249
517	6	21250
518	0	21251
518	1	21252
518	2	21253
518	2	21254
518	3	21255
518	4	21256
518	4	21257
518	4	21258
518	4	21259
518	4	21260
518	4	21261
518	4	21262
518	4	21263
518	4	21264
518	4	21265
518	4	21266
518	4	21267
518	4	21268
518	4	21269
518	4	21270
518	4	21271
518	4	21272
518	4	21273
518	4	21274
518	4	21275
518	4	21276
518	4	21277
518	4	21278
518	4	21279
518	4	21280
518	4	21281
518	4	21282
518	4	21283
518	4	21284
518	4	21285
518	5	21286
518	5	21287
518	5	21288
518	5	21289
518	5	21290
518	5	21291
518	5	21292
518	5	21293
518	5	21294
518	5	21295
518	6	21296
519	0	21297
519	1	21298
519	3	21299
519	4	21300
519	4	21301
519	4	21302
519	4	21303
519	4	21304
519	4	21305
519	4	21306
519	4	21307
519	4	21308
519	4	21309
519	4	21310
519	4	21311
519	4	21312
519	4	21313
519	4	21314
519	4	21315
519	4	21316
519	4	21317
519	4	21318
519	4	21319
519	5	21320
519	5	21321
519	5	21322
519	5	21323
519	5	21324
519	6	21325
520	0	21326
520	0	21327
520	1	21328
520	2	21329
520	2	21330
520	2	21331
520	3	21332
520	4	21333
520	4	21334
520	4	21335
520	4	21336
520	4	21337
520	4	21338
520	4	21339
520	4	21340
520	4	21341
520	4	21342
520	4	21343
520	4	21344
520	4	21345
520	4	21346
520	4	21347
520	4	21348
520	4	21349
520	4	21350
520	4	21351
520	4	21352
520	4	21353
520	4	21354
520	4	21355
520	4	21356
520	4	21357
520	4	21358
520	4	21359
520	4	21360
520	4	21361
520	4	21362
520	4	21363
520	4	21364
520	5	21365
520	5	21366
520	5	21367
520	5	21368
520	6	21369
521	0	21370
521	1	21371
521	2	21372
521	3	21373
521	4	21374
521	4	21375
521	4	21376
521	4	21377
521	4	21378
521	4	21379
521	4	21380
521	4	21381
521	4	21382
521	4	21383
521	4	21384
521	4	21385
521	4	21386
521	4	21387
521	4	21388
521	4	21389
521	4	21390
521	4	21391
521	4	21392
521	4	21393
521	4	21394
521	4	21395
521	4	21396
521	5	21397
521	5	21398
521	5	21399
521	5	21400
521	6	21401
522	0	21402
522	1	21403
522	2	21404
522	3	21405
522	4	21406
522	4	21407
522	4	21408
522	4	21409
522	4	21410
522	4	21411
522	4	21412
522	4	21413
522	4	21414
522	4	21415
522	4	21416
522	4	21417
522	4	21418
522	4	21419
522	4	21420
522	4	21421
522	4	21422
522	4	21423
522	4	21424
522	4	21425
522	4	21426
522	4	21427
522	4	21428
522	4	21429
522	4	21430
522	5	21431
522	5	21432
522	5	21433
522	5	21434
522	5	21435
522	6	21436
523	0	21437
523	1	21438
523	2	21439
523	2	21440
523	3	21441
523	4	21442
523	4	21443
523	4	21444
523	4	21445
523	4	21446
523	4	21447
523	4	21448
523	4	21449
523	4	21450
523	4	21451
523	4	21452
523	4	21453
523	4	21454
523	4	21455
523	4	21456
523	4	21457
523	4	21458
523	4	21459
523	4	21460
523	4	21461
523	4	21462
523	4	21463
523	4	21464
523	4	21465
523	5	21466
523	5	21467
523	5	21468
523	5	21469
523	5	21470
523	5	21471
523	6	21472
524	0	21473
524	0	21474
524	0	21475
524	1	21476
524	2	21477
524	2	21478
524	3	21479
524	4	21480
524	4	21481
524	4	21482
524	4	21483
524	4	21484
524	4	21485
524	4	21486
524	4	21487
524	4	21488
524	4	21489
524	4	21490
524	4	21491
524	4	21492
524	4	21493
524	4	21494
524	4	21495
524	4	21496
524	4	21497
524	5	21498
524	5	21499
524	5	21500
524	5	21501
524	5	21502
524	5	21503
524	5	21504
524	5	21505
524	5	21506
524	5	21507
524	5	21508
524	5	21509
524	5	21510
524	6	21511
525	0	21512
525	1	21513
525	2	21514
525	3	21515
525	4	21516
525	4	21517
525	4	21518
525	4	21519
525	4	21520
525	4	21521
525	4	21522
525	4	21523
525	4	21524
525	4	21525
525	4	21526
525	4	21527
525	4	21528
525	4	21529
525	4	21530
525	4	21531
525	4	21532
525	4	21533
525	4	21534
525	5	21535
525	5	21536
525	5	21537
525	5	21538
525	5	21539
525	5	21540
525	6	21541
526	0	21542
526	0	21543
526	0	21544
526	1	21545
526	1	21546
526	2	21547
526	3	21548
526	4	21549
526	4	21550
526	4	21551
526	4	21552
526	4	21553
526	4	21554
526	4	21555
526	4	21556
526	4	21557
526	4	21558
526	4	21559
526	4	21560
526	4	21561
526	4	21562
526	4	21563
526	4	21564
526	4	21565
526	4	21566
526	4	21567
526	4	21568
526	4	21569
526	5	21570
526	5	21571
526	5	21572
526	5	21573
526	5	21574
526	6	21575
527	0	21576
527	1	21577
527	2	21578
527	2	21579
527	2	21580
527	2	21581
527	3	21582
527	4	21583
527	4	21584
527	4	21585
527	4	21586
527	4	21587
527	4	21588
527	4	21589
527	4	21590
527	4	21591
527	4	21592
527	4	21593
527	4	21594
527	4	21595
527	4	21596
527	4	21597
527	4	21598
527	4	21599
527	4	21600
527	4	21601
527	5	21602
527	5	21603
527	5	21604
527	5	21605
527	5	21606
527	6	21607
528	1	21608
528	2	21609
528	3	21610
528	4	21611
528	4	21612
528	4	21613
528	4	21614
528	4	21615
528	4	21616
528	4	21617
528	4	21618
528	4	21619
528	4	21620
528	4	21621
528	4	21622
528	4	21623
528	4	21624
528	4	21625
528	4	21626
528	4	21627
528	4	21628
528	4	21629
528	4	21630
528	4	21631
528	4	21632
528	4	21633
528	4	21634
528	4	21635
528	5	21636
528	5	21637
528	5	21638
528	5	21639
528	5	21640
528	6	21641
529	0	21642
529	1	21643
529	2	21644
529	2	21645
529	2	21646
529	3	21647
529	4	21648
529	4	21649
529	4	21650
529	4	21651
529	4	21652
529	4	21653
529	4	21654
529	4	21655
529	4	21656
529	4	21657
529	4	21658
529	4	21659
529	4	21660
529	4	21661
529	4	21662
529	4	21663
529	4	21664
529	4	21665
529	4	21666
529	4	21667
529	4	21668
529	4	21669
529	4	21670
529	5	21671
529	5	21672
529	5	21673
529	5	21674
529	5	21675
529	6	21676
530	0	21677
530	0	21678
530	0	21679
530	1	21680
530	2	21681
530	2	21682
530	3	21683
530	4	21684
530	4	21685
530	4	21686
530	4	21687
530	4	21688
530	4	21689
530	4	21690
530	4	21691
530	4	21692
530	4	21693
530	4	21694
530	4	21695
530	4	21696
530	4	21697
530	4	21698
530	4	21699
530	4	21700
530	4	21701
530	4	21702
530	4	21703
530	5	21704
530	5	21705
530	5	21706
530	5	21707
530	5	21708
530	5	21709
530	5	21710
530	5	21711
530	6	21712
531	0	21713
531	1	21714
531	2	21715
531	2	21716
531	2	21717
531	3	21718
531	4	21719
531	4	21720
531	4	21721
531	4	21722
531	4	21723
531	4	21724
531	4	21725
531	4	21726
531	4	21727
531	4	21728
531	4	21729
531	4	21730
531	4	21731
531	4	21732
531	4	21733
531	4	21734
531	4	21735
531	4	21736
531	4	21737
531	4	21738
531	4	21739
531	4	21740
531	5	21741
531	5	21742
531	6	21743
532	0	21744
532	0	21745
532	1	21746
532	2	21747
532	2	21748
532	3	21749
532	4	21750
532	4	21751
532	4	21752
532	4	21753
532	4	21754
532	4	21755
532	4	21756
532	4	21757
532	4	21758
532	4	21759
532	4	21760
532	4	21761
532	4	21762
532	4	21763
532	4	21764
532	4	21765
532	4	21766
532	4	21767
532	4	21768
532	4	21769
532	4	21770
532	4	21771
532	4	21772
532	4	21773
532	4	21774
532	4	21775
532	4	21776
532	4	21777
532	4	21778
532	4	21779
532	4	21780
532	4	21781
532	5	21782
532	5	21783
532	5	21784
532	5	21785
532	6	21786
533	1	21787
533	3	21788
533	4	21789
533	4	21790
533	4	21791
533	4	21792
533	4	21793
533	4	21794
533	4	21795
533	4	21796
533	4	21797
533	4	21798
533	4	21799
533	4	21800
533	4	21801
533	4	21802
533	4	21803
533	4	21804
533	4	21805
533	4	21806
533	4	21807
533	4	21808
533	4	21809
533	4	21810
533	4	21811
533	4	21812
533	4	21813
533	4	21814
533	4	21815
533	4	21816
533	4	21817
533	4	21818
533	4	21819
533	5	21820
533	5	21821
533	5	21822
533	5	21823
533	5	21824
533	6	21825
534	0	21826
534	0	21827
534	1	21828
534	2	21829
534	4	21830
534	4	21831
534	4	21832
534	4	21833
534	4	21834
534	4	21835
534	4	21836
534	4	21837
534	4	21838
534	4	21839
534	4	21840
534	4	21841
534	5	21842
534	5	21843
534	5	21844
534	5	21845
534	5	21846
534	5	21847
534	6	21848
535	0	21849
535	0	21850
535	1	21851
535	3	21852
535	4	21853
535	4	21854
535	4	21855
535	4	21856
535	4	21857
535	4	21858
535	4	21859
535	4	21860
535	4	21861
535	4	21862
535	4	21863
535	4	21864
535	4	21865
535	4	21866
535	4	21867
535	4	21868
535	4	21869
535	4	21870
535	4	21871
535	4	21872
535	4	21873
535	4	21874
535	4	21875
535	4	21876
535	4	21877
535	4	21878
535	4	21879
535	4	21880
535	4	21881
535	4	21882
535	5	21883
535	5	21884
535	5	21885
535	5	21886
535	6	21887
536	0	21888
536	1	21889
536	1	21890
536	2	21891
536	3	21892
536	4	21893
536	4	21894
536	4	21895
536	4	21896
536	4	21897
536	4	21898
536	4	21899
536	4	21900
536	4	21901
536	4	21902
536	4	21903
536	4	21904
536	4	21905
536	4	21906
536	4	21907
536	4	21908
536	4	21909
536	4	21910
536	4	21911
536	4	21912
536	4	21913
536	4	21914
536	4	21915
536	4	21916
536	4	21917
536	4	21918
536	4	21919
536	4	21920
536	4	21921
536	4	21922
536	4	21923
536	4	21924
536	4	21925
536	4	21926
536	4	21927
536	4	21928
536	4	21929
536	4	21930
536	4	21931
536	4	21932
536	4	21933
536	4	21934
536	4	21935
536	5	21936
536	5	21937
536	5	21938
536	5	21939
536	5	21940
536	5	21941
536	6	21942
537	0	21943
537	0	21944
537	1	21945
537	1	21946
537	2	21947
537	3	21948
537	4	21949
537	4	21950
537	4	21951
537	4	21952
537	4	21953
537	4	21954
537	4	21955
537	4	21956
537	4	21957
537	4	21958
537	4	21959
537	4	21960
537	4	21961
537	4	21962
537	5	21963
537	5	21964
537	5	21965
537	5	21966
537	5	21967
537	6	21968
538	0	21969
538	1	21970
538	2	21971
538	3	21972
538	4	21973
538	4	21974
538	4	21975
538	4	21976
538	4	21977
538	4	21978
538	4	21979
538	4	21980
538	4	21981
538	4	21982
538	4	21983
538	4	21984
538	5	21985
538	5	21986
538	5	21987
538	5	21988
538	6	21989
539	0	21990
539	1	21991
539	2	21992
539	3	21993
539	4	21994
539	4	21995
539	4	21996
539	4	21997
539	4	21998
539	4	21999
539	4	22000
539	4	22001
539	4	22002
539	4	22003
539	4	22004
539	4	22005
539	4	22006
539	4	22007
539	4	22008
539	4	22009
539	4	22010
539	5	22011
539	5	22012
539	5	22013
539	5	22014
539	6	22015
540	0	22016
540	2	22017
540	3	22018
540	4	22019
540	4	22020
540	4	22021
540	4	22022
540	4	22023
540	4	22024
540	4	22025
540	4	22026
540	4	22027
540	4	22028
540	4	22029
540	4	22030
540	4	22031
540	4	22032
540	5	22033
540	5	22034
540	5	22035
540	5	22036
540	5	22037
540	5	22038
540	5	22039
540	5	22040
540	5	22041
540	5	22042
540	5	22043
540	6	22044
541	0	22045
541	1	22046
541	2	22047
541	2	22048
541	2	22049
541	2	22050
541	2	22051
541	2	22052
541	2	22053
541	4	22054
541	4	22055
541	4	22056
541	4	22057
541	4	22058
541	4	22059
541	4	22060
541	4	22061
541	4	22062
541	4	22063
541	4	22064
541	4	22065
541	4	22066
541	4	22067
541	4	22068
541	4	22069
541	4	22070
541	4	22071
541	4	22072
541	4	22073
541	4	22074
541	4	22075
541	4	22076
541	4	22077
541	4	22078
541	4	22079
541	4	22080
541	4	22081
541	4	22082
541	4	22083
541	4	22084
541	4	22085
541	4	22086
541	4	22087
541	4	22088
541	4	22089
541	4	22090
541	4	22091
541	4	22092
541	4	22093
541	4	22094
541	4	22095
541	4	22096
541	4	22097
541	4	22098
541	4	22099
541	4	22100
541	4	22101
541	4	22102
541	4	22103
541	4	22104
541	4	22105
541	5	22106
541	5	22107
541	5	22108
541	5	22109
541	5	22110
541	5	22111
541	5	22112
541	5	22113
541	6	22114
541	6	22115
542	1	22116
542	2	22117
542	2	22118
542	3	22119
542	4	22120
542	4	22121
542	4	22122
542	4	22123
542	4	22124
542	4	22125
542	4	22126
542	4	22127
542	4	22128
542	4	22129
542	4	22130
542	4	22131
542	4	22132
542	4	22133
542	4	22134
542	4	22135
542	5	22136
542	5	22137
542	5	22138
542	5	22139
542	5	22140
542	5	22141
542	5	22142
542	5	22143
542	5	22144
542	5	22145
542	6	22146
543	1	22147
543	3	22148
543	4	22149
543	4	22150
543	4	22151
543	4	22152
543	4	22153
543	4	22154
543	4	22155
543	4	22156
543	4	22157
543	4	22158
543	4	22159
543	4	22160
543	4	22161
543	4	22162
543	4	22163
543	4	22164
543	4	22165
543	4	22166
543	4	22167
543	4	22168
543	4	22169
543	4	22170
543	4	22171
543	4	22172
543	4	22173
543	5	22174
543	5	22175
543	5	22176
543	6	22177
543	6	22178
544	0	22179
544	0	22180
544	1	22181
544	2	22182
544	2	22183
544	3	22184
544	4	22185
544	4	22186
544	4	22187
544	4	22188
544	4	22189
544	4	22190
544	4	22191
544	4	22192
544	4	22193
544	4	22194
544	4	22195
544	4	22196
544	4	22197
544	4	22198
544	4	22199
544	4	22200
544	4	22201
544	4	22202
544	4	22203
544	4	22204
544	4	22205
544	4	22206
544	4	22207
544	4	22208
544	4	22209
544	4	22210
544	4	22211
544	4	22212
544	4	22213
544	4	22214
544	4	22215
544	4	22216
544	4	22217
544	4	22218
544	5	22219
544	5	22220
544	5	22221
544	5	22222
544	5	22223
544	5	22224
544	6	22225
545	1	22226
545	4	22227
545	4	22228
545	4	22229
545	4	22230
545	4	22231
545	4	22232
545	4	22233
545	4	22234
545	4	22235
545	4	22236
545	4	22237
545	4	22238
545	4	22239
545	4	22240
545	4	22241
545	4	22242
545	4	22243
545	4	22244
545	5	22245
545	5	22246
545	5	22247
545	5	22248
545	5	22249
545	5	22250
545	6	22251
546	1	22252
546	2	22253
546	4	22254
546	4	22255
546	4	22256
546	4	22257
546	4	22258
546	4	22259
546	4	22260
546	4	22261
546	4	22262
546	4	22263
546	4	22264
546	4	22265
546	4	22266
546	4	22267
546	4	22268
546	5	22269
546	5	22270
546	5	22271
546	5	22272
546	5	22273
546	5	22274
546	6	22275
547	0	22276
547	1	22277
547	1	22278
547	2	22279
547	3	22280
547	4	22281
547	4	22282
547	4	22283
547	4	22284
547	4	22285
547	4	22286
547	4	22287
547	4	22288
547	4	22289
547	4	22290
547	4	22291
547	4	22292
547	4	22293
547	4	22294
547	4	22295
547	4	22296
547	4	22297
547	4	22298
547	4	22299
547	5	22300
547	5	22301
547	5	22302
547	5	22303
547	5	22304
547	6	22305
548	0	22306
548	1	22307
548	2	22308
548	2	22309
548	2	22310
548	2	22311
548	2	22312
548	4	22313
548	4	22314
548	4	22315
548	4	22316
548	4	22317
548	4	22318
548	4	22319
548	4	22320
548	4	22321
548	4	22322
548	4	22323
548	4	22324
548	4	22325
548	4	22326
548	4	22327
548	4	22328
548	4	22329
548	4	22330
548	4	22331
548	4	22332
548	4	22333
548	4	22334
548	4	22335
548	4	22336
548	4	22337
548	4	22338
548	4	22339
548	4	22340
548	4	22341
548	4	22342
548	4	22343
548	4	22344
548	4	22345
548	4	22346
548	4	22347
548	4	22348
548	4	22349
548	4	22350
548	4	22351
548	4	22352
548	5	22353
548	5	22354
548	5	22355
548	5	22356
548	5	22357
548	5	22358
548	5	22359
548	5	22360
548	5	22361
548	6	22362
548	6	22363
549	4	22364
549	4	22365
549	4	22366
549	4	22367
549	4	22368
549	4	22369
549	4	22370
549	4	22371
549	4	22372
549	4	22373
549	4	22374
549	4	22375
549	4	22376
549	4	22377
549	4	22378
549	4	22379
549	4	22380
549	4	22381
549	4	22382
549	4	22383
549	4	22384
550	0	22385
550	1	22386
550	2	22387
550	3	22388
550	4	22389
550	4	22390
550	4	22391
550	4	22392
550	4	22393
550	4	22394
550	4	22395
550	4	22396
550	4	22397
550	4	22398
550	4	22399
550	4	22400
550	4	22401
550	4	22402
550	4	22403
550	4	22404
550	4	22405
550	5	22406
550	5	22407
550	5	22408
550	5	22409
550	5	22410
550	6	22411
551	0	22412
551	1	22413
551	2	22414
551	3	22415
551	3	22416
551	4	22417
551	4	22418
551	4	22419
551	4	22420
551	4	22421
551	4	22422
551	4	22423
551	4	22424
551	4	22425
551	4	22426
551	4	22427
551	4	22428
551	4	22429
551	4	22430
551	4	22431
551	4	22432
551	4	22433
551	4	22434
551	4	22435
551	4	22436
551	4	22437
551	4	22438
551	4	22439
551	4	22440
551	4	22441
551	4	22442
551	4	22443
551	4	22444
551	4	22445
551	4	22446
551	5	22447
551	5	22448
551	5	22449
551	5	22450
551	5	22451
551	6	22452
552	0	22453
552	1	22454
552	2	22455
552	3	22456
552	4	22457
552	4	22458
552	4	22459
552	4	22460
552	4	22461
552	4	22462
552	4	22463
552	4	22464
552	4	22465
552	4	22466
552	4	22467
552	4	22468
552	4	22469
552	4	22470
552	4	22471
552	4	22472
552	4	22473
552	4	22474
552	4	22475
552	4	22476
552	4	22477
552	4	22478
552	4	22479
552	5	22480
552	5	22481
552	5	22482
552	5	22483
552	5	22484
552	6	22485
553	1	22486
553	2	22487
553	3	22488
553	4	22489
553	4	22490
553	4	22491
553	4	22492
553	4	22493
553	4	22494
553	4	22495
553	4	22496
553	4	22497
553	4	22498
553	4	22499
553	4	22500
553	4	22501
553	4	22502
553	4	22503
553	4	22504
553	4	22505
553	4	22506
553	4	22507
553	4	22508
553	4	22509
553	4	22510
553	4	22511
553	4	22512
553	4	22513
553	4	22514
553	4	22515
553	4	22516
553	6	22517
554	0	22518
554	1	22519
554	2	22520
554	2	22521
554	3	22522
554	4	22523
554	4	22524
554	4	22525
554	4	22526
554	4	22527
554	4	22528
554	4	22529
554	4	22530
554	4	22531
554	4	22532
554	4	22533
554	4	22534
554	4	22535
554	4	22536
554	4	22537
554	4	22538
554	4	22539
554	4	22540
554	4	22541
554	4	22542
554	4	22543
554	4	22544
554	4	22545
554	4	22546
554	4	22547
554	4	22548
554	4	22549
554	5	22550
554	5	22551
554	5	22552
554	5	22553
554	5	22554
554	5	22555
554	6	22556
555	0	22557
555	1	22558
555	2	22559
555	3	22560
555	4	22561
555	4	22562
555	4	22563
555	4	22564
555	4	22565
555	4	22566
555	4	22567
555	4	22568
555	4	22569
555	4	22570
555	4	22571
555	4	22572
555	4	22573
555	4	22574
555	4	22575
555	4	22576
555	4	22577
555	4	22578
555	4	22579
555	4	22580
555	4	22581
555	4	22582
555	4	22583
555	4	22584
555	4	22585
555	4	22586
555	4	22587
555	4	22588
555	4	22589
555	5	22590
555	5	22591
555	5	22592
555	5	22593
555	5	22594
555	6	22595
556	0	22596
556	1	22597
556	2	22598
556	2	22599
556	2	22600
556	2	22601
556	3	22602
556	4	22603
556	4	22604
556	4	22605
556	4	22606
556	4	22607
556	4	22608
556	4	22609
556	4	22610
556	4	22611
556	4	22612
556	4	22613
556	4	22614
556	4	22615
556	4	22616
556	4	22617
556	4	22618
556	4	22619
556	4	22620
556	4	22621
556	4	22622
556	4	22623
556	4	22624
556	4	22625
556	4	22626
556	4	22627
556	4	22628
556	4	22629
556	4	22630
556	4	22631
556	5	22632
556	5	22633
556	5	22634
556	5	22635
556	5	22636
556	5	22637
556	5	22638
556	6	22639
557	0	22640
557	1	22641
557	3	22642
557	4	22643
557	4	22644
557	4	22645
557	4	22646
557	4	22647
557	4	22648
557	4	22649
557	4	22650
557	4	22651
557	4	22652
557	4	22653
557	4	22654
557	4	22655
557	4	22656
557	4	22657
557	4	22658
557	4	22659
557	4	22660
557	4	22661
557	4	22662
557	4	22663
557	4	22664
557	4	22665
557	4	22666
557	4	22667
557	4	22668
557	4	22669
557	5	22670
557	5	22671
557	5	22672
557	6	22673
558	0	22674
558	1	22675
558	2	22676
558	2	22677
558	3	22678
558	4	22679
558	4	22680
558	4	22681
558	4	22682
558	4	22683
558	4	22684
558	4	22685
558	4	22686
558	4	22687
558	4	22688
558	4	22689
558	4	22690
558	4	22691
558	4	22692
558	4	22693
558	4	22694
558	4	22695
558	5	22696
558	5	22697
558	5	22698
558	5	22699
558	5	22700
558	5	22701
558	5	22702
558	5	22703
558	6	22704
559	0	22705
559	1	22706
559	2	22707
559	3	22708
559	4	22709
559	4	22710
559	4	22711
559	4	22712
559	4	22713
559	4	22714
559	4	22715
559	4	22716
559	4	22717
559	4	22718
559	4	22719
559	4	22720
559	4	22721
559	4	22722
559	4	22723
559	4	22724
559	4	22725
559	4	22726
559	4	22727
559	4	22728
559	4	22729
559	4	22730
559	4	22731
559	4	22732
559	4	22733
559	4	22734
559	4	22735
559	4	22736
559	4	22737
559	4	22738
559	4	22739
559	4	22740
559	4	22741
559	4	22742
559	4	22743
559	4	22744
559	4	22745
559	4	22746
559	4	22747
559	6	22748
560	0	22749
560	1	22750
560	2	22751
560	2	22752
560	2	22753
560	2	22754
560	3	22755
560	4	22756
560	4	22757
560	4	22758
560	4	22759
560	4	22760
560	4	22761
560	4	22762
560	4	22763
560	4	22764
560	4	22765
560	4	22766
560	4	22767
560	4	22768
560	4	22769
560	4	22770
560	4	22771
560	4	22772
560	4	22773
560	4	22774
560	4	22775
560	4	22776
560	4	22777
560	4	22778
560	5	22779
560	5	22780
560	5	22781
560	5	22782
560	5	22783
560	6	22784
561	0	22785
561	1	22786
561	2	22787
561	3	22788
561	3	22789
561	4	22790
561	4	22791
561	4	22792
561	4	22793
561	4	22794
561	4	22795
561	4	22796
561	4	22797
561	4	22798
561	4	22799
561	4	22800
561	4	22801
561	4	22802
561	4	22803
561	4	22804
561	4	22805
561	4	22806
561	4	22807
561	4	22808
561	4	22809
561	4	22810
561	4	22811
561	4	22812
561	4	22813
561	5	22814
561	6	22815
562	0	22816
562	1	22817
562	2	22818
562	2	22819
562	2	22820
562	3	22821
562	4	22822
562	4	22823
562	4	22824
562	4	22825
562	4	22826
562	4	22827
562	4	22828
562	4	22829
562	4	22830
562	4	22831
562	4	22832
562	4	22833
562	4	22834
562	4	22835
562	4	22836
562	4	22837
562	4	22838
562	4	22839
562	5	22840
562	5	22841
562	6	22842
563	0	22843
563	0	22844
563	1	22845
563	2	22846
563	2	22847
563	3	22848
563	4	22849
563	4	22850
563	4	22851
563	4	22852
563	4	22853
563	4	22854
563	4	22855
563	4	22856
563	4	22857
563	4	22858
563	4	22859
563	4	22860
563	4	22861
563	4	22862
563	4	22863
563	4	22864
563	4	22865
563	4	22866
563	4	22867
563	4	22868
563	4	22869
563	4	22870
563	4	22871
563	4	22872
563	4	22873
563	4	22874
563	4	22875
563	5	22876
563	5	22877
563	5	22878
563	5	22879
563	5	22880
563	5	22881
563	5	22882
563	5	22883
563	5	22884
563	5	22885
563	5	22886
563	6	22887
564	0	22888
564	2	22889
564	2	22890
564	3	22891
564	4	22892
564	4	22893
564	4	22894
564	4	22895
564	4	22896
564	4	22897
564	4	22898
564	4	22899
564	4	22900
564	4	22901
564	4	22902
564	4	22903
564	4	22904
564	4	22905
564	4	22906
564	4	22907
564	4	22908
564	4	22909
564	4	22910
564	4	22911
564	5	22912
564	5	22913
564	5	22914
564	5	22915
564	6	22916
565	0	22917
565	1	22918
565	2	22919
565	2	22920
565	3	22921
565	4	22922
565	4	22923
565	4	22924
565	4	22925
565	4	22926
565	4	22927
565	4	22928
565	4	22929
565	4	22930
565	4	22931
565	4	22932
565	4	22933
565	4	22934
565	4	22935
565	4	22936
565	4	22937
565	4	22938
565	4	22939
565	4	22940
565	4	22941
565	4	22942
565	4	22943
565	4	22944
565	4	22945
565	4	22946
565	4	22947
565	5	22948
565	5	22949
565	5	22950
565	5	22951
565	6	22952
566	0	22953
566	1	22954
566	2	22955
566	2	22956
566	2	22957
566	2	22958
566	3	22959
566	4	22960
566	4	22961
566	4	22962
566	4	22963
566	4	22964
566	4	22965
566	4	22966
566	4	22967
566	4	22968
566	4	22969
566	4	22970
566	4	22971
566	4	22972
566	4	22973
566	4	22974
566	4	22975
566	4	22976
566	4	22977
566	4	22978
566	4	22979
566	4	22980
566	4	22981
566	4	22982
566	4	22983
566	4	22984
566	4	22985
566	5	22986
566	5	22987
566	5	22988
566	6	22989
567	0	22990
567	1	22991
567	2	22992
567	3	22993
567	4	22994
567	4	22995
567	4	22996
567	4	22997
567	4	22998
567	4	22999
567	4	23000
567	4	23001
567	4	23002
567	4	23003
567	4	23004
567	4	23005
567	4	23006
567	4	23007
567	4	23008
567	4	23009
567	4	23010
567	4	23011
567	4	23012
567	4	23013
567	4	23014
567	5	23015
567	5	23016
567	5	23017
567	5	23018
567	6	23019
568	0	23020
568	1	23021
568	2	23022
568	3	23023
568	4	23024
568	4	23025
568	4	23026
568	4	23027
568	4	23028
568	4	23029
568	4	23030
568	4	23031
568	4	23032
568	4	23033
568	4	23034
568	4	23035
568	4	23036
568	4	23037
568	4	23038
568	4	23039
568	4	23040
568	4	23041
568	4	23042
568	4	23043
568	4	23044
568	4	23045
568	5	23046
568	5	23047
568	5	23048
568	5	23049
568	5	23050
568	5	23051
568	6	23052
569	0	23053
569	0	23054
569	0	23055
569	1	23056
569	2	23057
569	2	23058
569	3	23059
569	4	23060
569	4	23061
569	4	23062
569	4	23063
569	4	23064
569	4	23065
569	4	23066
569	4	23067
569	4	23068
569	4	23069
569	4	23070
569	4	23071
569	4	23072
569	4	23073
569	4	23074
569	4	23075
569	4	23076
569	4	23077
569	4	23078
569	4	23079
569	4	23080
569	5	23081
569	5	23082
569	5	23083
569	5	23084
569	5	23085
569	5	23086
569	5	23087
569	6	23088
570	1	23089
570	2	23090
570	3	23091
570	4	23092
570	4	23093
570	4	23094
570	4	23095
570	4	23096
570	4	23097
570	4	23098
570	4	23099
570	4	23100
570	4	23101
570	4	23102
570	4	23103
570	4	23104
570	4	23105
570	4	23106
570	4	23107
570	4	23108
570	4	23109
570	4	23110
570	4	23111
570	4	23112
570	4	23113
570	6	23114
571	0	23115
571	0	23116
571	1	23117
571	2	23118
571	3	23119
571	4	23120
571	4	23121
571	4	23122
571	4	23123
571	4	23124
571	4	23125
571	4	23126
571	4	23127
571	4	23128
571	4	23129
571	4	23130
571	4	23131
571	4	23132
571	4	23133
571	4	23134
571	4	23135
571	4	23136
571	4	23137
571	4	23138
571	4	23139
571	4	23140
571	4	23141
571	4	23142
571	4	23143
571	5	23144
571	5	23145
571	5	23146
571	5	23147
571	5	23148
571	5	23149
571	6	23150
572	0	23151
572	1	23152
572	2	23153
572	4	23154
572	4	23155
572	4	23156
572	4	23157
572	4	23158
572	4	23159
572	4	23160
572	4	23161
572	4	23162
572	4	23163
572	4	23164
572	4	23165
572	4	23166
572	4	23167
572	4	23168
572	4	23169
572	4	23170
572	4	23171
572	4	23172
572	4	23173
572	4	23174
572	4	23175
572	4	23176
572	4	23177
572	4	23178
572	4	23179
572	4	23180
572	4	23181
572	4	23182
572	4	23183
572	4	23184
572	4	23185
572	4	23186
572	4	23187
572	4	23188
572	4	23189
572	4	23190
572	4	23191
572	4	23192
572	4	23193
572	4	23194
572	4	23195
572	4	23196
572	4	23197
572	4	23198
572	4	23199
572	4	23200
572	4	23201
572	4	23202
572	5	23203
572	5	23204
572	5	23205
572	5	23206
572	5	23207
572	5	23208
572	6	23209
573	1	23210
573	2	23211
573	3	23212
573	4	23213
573	4	23214
573	4	23215
573	4	23216
573	4	23217
573	4	23218
573	4	23219
573	4	23220
573	4	23221
573	4	23222
573	4	23223
573	4	23224
573	4	23225
573	4	23226
573	4	23227
573	4	23228
573	4	23229
573	4	23230
573	4	23231
573	4	23232
573	4	23233
573	4	23234
573	4	23235
573	4	23236
573	4	23237
573	5	23238
573	5	23239
573	5	23240
573	5	23241
573	5	23242
573	5	23243
573	5	23244
573	5	23245
573	5	23246
573	6	23247
574	0	23248
574	0	23249
574	1	23250
574	1	23251
574	2	23252
574	3	23253
574	4	23254
574	4	23255
574	4	23256
574	4	23257
574	4	23258
574	4	23259
574	4	23260
574	4	23261
574	4	23262
574	4	23263
574	4	23264
574	4	23265
574	4	23266
574	4	23267
574	4	23268
574	4	23269
574	4	23270
574	4	23271
574	4	23272
574	4	23273
574	4	23274
574	4	23275
574	4	23276
574	4	23277
574	4	23278
574	4	23279
574	4	23280
574	4	23281
574	4	23282
574	4	23283
574	4	23284
574	4	23285
574	4	23286
574	4	23287
574	4	23288
574	4	23289
574	4	23290
574	4	23291
574	4	23292
574	4	23293
574	4	23294
574	4	23295
574	5	23296
574	5	23297
574	5	23298
574	5	23299
574	5	23300
574	6	23301
575	0	23302
575	1	23303
575	2	23304
575	2	23305
575	3	23306
575	4	23307
575	4	23308
575	4	23309
575	4	23310
575	4	23311
575	4	23312
575	4	23313
575	4	23314
575	4	23315
575	4	23316
575	4	23317
575	4	23318
575	4	23319
575	4	23320
575	4	23321
575	4	23322
575	4	23323
575	4	23324
575	4	23325
575	4	23326
575	5	23327
575	5	23328
575	5	23329
575	5	23330
575	5	23331
575	5	23332
575	5	23333
575	6	23334
576	0	23335
576	1	23336
576	2	23337
576	3	23338
576	4	23339
576	4	23340
576	4	23341
576	4	23342
576	4	23343
576	4	23344
576	4	23345
576	4	23346
576	4	23347
576	4	23348
576	4	23349
576	4	23350
576	4	23351
576	4	23352
576	4	23353
576	4	23354
576	4	23355
576	4	23356
576	4	23357
576	4	23358
576	4	23359
576	4	23360
576	4	23361
576	4	23362
576	4	23363
576	4	23364
576	4	23365
576	4	23366
576	4	23367
576	4	23368
576	4	23369
576	4	23370
576	4	23371
576	4	23372
576	4	23373
576	4	23374
576	4	23375
576	4	23376
576	4	23377
576	5	23378
576	5	23379
576	5	23380
576	5	23381
576	6	23382
577	1	23383
577	1	23384
577	2	23385
577	3	23386
577	4	23387
577	4	23388
577	4	23389
577	4	23390
577	4	23391
577	4	23392
577	4	23393
577	4	23394
577	4	23395
577	4	23396
577	4	23397
577	4	23398
577	4	23399
577	4	23400
577	4	23401
577	4	23402
577	4	23403
577	4	23404
577	4	23405
577	4	23406
577	4	23407
577	4	23408
577	5	23409
577	5	23410
577	5	23411
577	6	23412
578	0	23413
578	1	23414
578	2	23415
578	3	23416
578	4	23417
578	4	23418
578	4	23419
578	4	23420
578	4	23421
578	4	23422
578	4	23423
578	4	23424
578	4	23425
578	4	23426
578	4	23427
578	4	23428
578	4	23429
578	4	23430
578	4	23431
578	4	23432
578	4	23433
578	4	23434
578	5	23435
578	5	23436
578	5	23437
578	5	23438
578	5	23439
578	5	23440
578	6	23441
579	0	23442
579	0	23443
579	1	23444
579	4	23445
579	4	23446
579	4	23447
579	4	23448
579	4	23449
579	4	23450
579	4	23451
579	4	23452
579	4	23453
579	4	23454
579	4	23455
579	4	23456
579	4	23457
579	4	23458
579	4	23459
579	4	23460
580	0	23461
580	1	23462
580	2	23463
580	2	23464
580	3	23465
580	4	23466
580	4	23467
580	4	23468
580	4	23469
580	4	23470
580	4	23471
580	4	23472
580	4	23473
580	4	23474
580	4	23475
580	4	23476
580	4	23477
580	4	23478
580	4	23479
580	4	23480
580	4	23481
580	4	23482
580	4	23483
580	4	23484
580	4	23485
580	4	23486
580	4	23487
580	4	23488
580	4	23489
580	5	23490
580	5	23491
580	5	23492
580	5	23493
580	5	23494
580	5	23495
580	5	23496
580	5	23497
580	6	23498
581	0	23499
581	0	23500
581	1	23501
581	2	23502
581	2	23503
581	3	23504
581	4	23505
581	4	23506
581	4	23507
581	4	23508
581	4	23509
581	4	23510
581	4	23511
581	4	23512
581	4	23513
581	4	23514
581	4	23515
581	4	23516
581	4	23517
581	4	23518
581	4	23519
581	4	23520
581	4	23521
581	4	23522
581	4	23523
581	4	23524
581	4	23525
581	4	23526
581	4	23527
581	4	23528
581	4	23529
581	4	23530
581	4	23531
581	4	23532
581	4	23533
581	4	23534
581	4	23535
581	5	23536
581	5	23537
581	5	23538
581	5	23539
581	5	23540
581	5	23541
581	5	23542
581	6	23543
582	4	23544
582	4	23545
582	4	23546
582	4	23547
582	4	23548
582	4	23549
582	4	23550
582	4	23551
582	4	23552
582	4	23553
582	4	23554
582	4	23555
582	4	23556
582	4	23557
582	4	23558
582	4	23559
582	4	23560
582	4	23561
582	4	23562
582	4	23563
582	4	23564
582	4	23565
583	1	23566
583	2	23567
583	2	23568
583	4	23569
583	4	23570
583	4	23571
583	4	23572
583	4	23573
583	4	23574
583	4	23575
583	4	23576
583	4	23577
583	4	23578
583	4	23579
583	5	23580
583	5	23581
584	0	23582
584	0	23583
584	1	23584
584	2	23585
584	2	23586
584	2	23587
584	4	23588
584	4	23589
584	4	23590
584	4	23591
584	4	23592
584	4	23593
584	4	23594
584	4	23595
584	4	23596
584	4	23597
584	4	23598
584	4	23599
584	4	23600
584	4	23601
584	4	23602
584	4	23603
584	4	23604
584	4	23605
584	4	23606
584	4	23607
584	4	23608
584	4	23609
584	4	23610
584	4	23611
584	4	23612
584	4	23613
584	4	23614
584	4	23615
584	4	23616
584	4	23617
584	4	23618
584	4	23619
584	4	23620
584	4	23621
584	4	23622
584	4	23623
584	4	23624
584	4	23625
584	4	23626
584	4	23627
584	4	23628
584	4	23629
584	4	23630
584	4	23631
584	4	23632
584	4	23633
584	4	23634
584	4	23635
584	4	23636
584	4	23637
584	4	23638
584	4	23639
584	4	23640
584	4	23641
584	4	23642
584	5	23643
584	5	23644
584	5	23645
584	5	23646
584	5	23647
584	5	23648
584	6	23649
585	0	23650
585	1	23651
585	2	23652
585	3	23653
585	4	23654
585	4	23655
585	4	23656
585	4	23657
585	4	23658
585	4	23659
585	4	23660
585	4	23661
585	4	23662
585	4	23663
585	4	23664
585	4	23665
585	4	23666
585	4	23667
585	4	23668
585	4	23669
585	4	23670
585	4	23671
585	4	23672
585	5	23673
585	5	23674
585	5	23675
585	5	23676
585	6	23677
586	0	23678
586	1	23679
586	2	23680
586	2	23681
586	2	23682
586	3	23683
586	4	23684
586	4	23685
586	4	23686
586	4	23687
586	4	23688
586	4	23689
586	4	23690
586	4	23691
586	4	23692
586	4	23693
586	4	23694
586	4	23695
586	4	23696
586	4	23697
586	4	23698
586	4	23699
586	4	23700
586	4	23701
586	4	23702
586	4	23703
586	4	23704
586	4	23705
586	4	23706
586	5	23707
586	5	23708
586	5	23709
586	5	23710
586	5	23711
586	5	23712
586	6	23713
587	1	23714
587	2	23715
587	3	23716
587	4	23717
587	4	23718
587	4	23719
587	4	23720
587	4	23721
587	4	23722
587	4	23723
587	4	23724
587	4	23725
587	4	23726
587	4	23727
587	4	23728
587	4	23729
587	4	23730
587	4	23731
587	4	23732
587	4	23733
587	4	23734
587	4	23735
587	4	23736
587	4	23737
587	4	23738
587	5	23739
587	5	23740
587	5	23741
587	5	23742
587	5	23743
587	5	23744
587	5	23745
587	6	23746
588	1	23747
588	4	23748
588	4	23749
588	4	23750
588	4	23751
588	4	23752
588	4	23753
588	4	23754
588	4	23755
588	4	23756
588	4	23757
588	5	23758
588	5	23759
588	5	23760
588	6	23761
589	1	23762
589	2	23763
589	3	23764
589	3	23765
589	4	23766
589	4	23767
589	4	23768
589	4	23769
589	4	23770
589	4	23771
589	4	23772
589	4	23773
589	4	23774
589	4	23775
589	4	23776
589	4	23777
589	4	23778
589	4	23779
589	4	23780
589	4	23781
589	4	23782
589	5	23783
589	6	23784
590	0	23785
590	4	23786
590	4	23787
590	4	23788
590	4	23789
590	4	23790
590	4	23791
590	4	23792
590	4	23793
590	4	23794
590	4	23795
590	4	23796
590	4	23797
590	4	23798
590	4	23799
590	4	23800
590	4	23801
590	4	23802
590	4	23803
590	4	23804
590	4	23805
590	4	23806
590	4	23807
590	4	23808
590	4	23809
590	4	23810
590	4	23811
590	5	23812
590	5	23813
590	5	23814
590	5	23815
590	5	23816
590	5	23817
590	5	23818
590	6	23819
591	2	23820
591	4	23821
591	4	23822
591	4	23823
591	4	23824
591	4	23825
591	5	23826
591	5	23827
591	5	23828
591	6	23829
592	4	23830
592	4	23831
592	4	23832
592	4	23833
592	4	23834
592	4	23835
592	4	23836
592	4	23837
592	4	23838
592	4	23839
592	4	23840
592	4	23841
592	4	23842
592	4	23843
592	4	23844
592	4	23845
592	4	23846
592	4	23847
592	4	23848
592	4	23849
592	4	23850
592	4	23851
593	0	23852
593	1	23853
593	1	23854
593	2	23855
593	2	23856
593	2	23857
593	2	23858
593	2	23859
593	2	23860
593	3	23861
593	4	23862
593	4	23863
593	4	23864
593	4	23865
593	4	23866
593	4	23867
593	4	23868
593	4	23869
593	4	23870
593	4	23871
593	4	23872
593	4	23873
593	4	23874
593	4	23875
593	4	23876
593	4	23877
593	4	23878
593	4	23879
593	4	23880
593	4	23881
593	4	23882
593	4	23883
593	4	23884
593	4	23885
593	4	23886
593	4	23887
593	4	23888
593	4	23889
593	4	23890
593	4	23891
593	4	23892
593	4	23893
593	4	23894
593	4	23895
593	4	23896
593	4	23897
593	4	23898
593	5	23899
593	5	23900
593	5	23901
593	5	23902
593	5	23903
593	5	23904
593	5	23905
593	6	23906
594	0	23907
594	1	23908
594	2	23909
594	3	23910
594	4	23911
594	4	23912
594	4	23913
594	4	23914
594	4	23915
594	4	23916
594	4	23917
594	4	23918
594	4	23919
594	4	23920
594	4	23921
594	4	23922
594	4	23923
594	4	23924
594	4	23925
594	4	23926
594	4	23927
594	4	23928
594	4	23929
594	4	23930
594	4	23931
594	4	23932
594	4	23933
594	4	23934
594	4	23935
594	4	23936
594	4	23937
594	4	23938
594	5	23939
594	5	23940
594	5	23941
594	5	23942
594	5	23943
594	5	23944
594	5	23945
594	6	23946
595	0	23947
595	1	23948
595	2	23949
595	3	23950
595	4	23951
595	4	23952
595	4	23953
595	4	23954
595	4	23955
595	4	23956
595	4	23957
595	4	23958
595	4	23959
595	4	23960
595	4	23961
595	4	23962
595	4	23963
595	4	23964
595	4	23965
595	4	23966
595	4	23967
595	4	23968
595	4	23969
595	4	23970
595	4	23971
595	4	23972
595	4	23973
595	4	23974
595	4	23975
595	4	23976
595	4	23977
595	4	23978
595	5	23979
595	5	23980
595	5	23981
595	5	23982
595	6	23983
596	0	23984
596	1	23985
596	2	23986
596	3	23987
596	4	23988
596	4	23989
596	4	23990
596	4	23991
596	4	23992
596	4	23993
596	4	23994
596	4	23995
596	4	23996
596	4	23997
596	4	23998
596	4	23999
596	4	24000
596	4	24001
596	4	24002
596	4	24003
596	4	24004
596	4	24005
596	4	24006
596	4	24007
596	5	24008
596	5	24009
596	5	24010
596	5	24011
596	5	24012
596	5	24013
596	5	24014
596	5	24015
596	6	24016
597	0	24017
597	1	24018
597	2	24019
597	3	24020
597	4	24021
597	4	24022
597	4	24023
597	4	24024
597	4	24025
597	4	24026
597	4	24027
597	4	24028
597	4	24029
597	4	24030
597	4	24031
597	4	24032
597	4	24033
597	4	24034
597	4	24035
597	4	24036
597	4	24037
597	4	24038
597	4	24039
597	4	24040
597	4	24041
597	4	24042
597	4	24043
597	4	24044
597	5	24045
597	5	24046
597	5	24047
597	5	24048
597	5	24049
597	5	24050
597	5	24051
597	6	24052
598	0	24053
598	1	24054
598	2	24055
598	3	24056
598	4	24057
598	4	24058
598	4	24059
598	4	24060
598	4	24061
598	4	24062
598	4	24063
598	4	24064
598	4	24065
598	4	24066
598	4	24067
598	4	24068
598	4	24069
598	4	24070
598	4	24071
598	4	24072
598	4	24073
598	4	24074
598	4	24075
598	4	24076
598	4	24077
598	4	24078
598	4	24079
598	4	24080
598	4	24081
598	4	24082
598	4	24083
598	4	24084
598	4	24085
598	4	24086
598	4	24087
598	5	24088
598	5	24089
598	5	24090
598	5	24091
598	5	24092
598	5	24093
598	6	24094
599	0	24095
599	0	24096
599	1	24097
599	2	24098
599	3	24099
599	4	24100
599	4	24101
599	4	24102
599	4	24103
599	4	24104
599	4	24105
599	4	24106
599	4	24107
599	4	24108
599	4	24109
599	4	24110
599	4	24111
599	4	24112
599	4	24113
599	4	24114
599	4	24115
599	4	24116
599	4	24117
599	4	24118
599	4	24119
599	4	24120
599	4	24121
599	4	24122
599	4	24123
599	4	24124
599	5	24125
599	5	24126
599	5	24127
599	5	24128
599	5	24129
599	6	24130
600	0	24131
600	1	24132
600	2	24133
600	2	24134
600	2	24135
600	3	24136
600	4	24137
600	4	24138
600	4	24139
600	4	24140
600	4	24141
600	4	24142
600	4	24143
600	4	24144
600	4	24145
600	4	24146
600	5	24147
600	5	24148
600	5	24149
600	5	24150
600	5	24151
600	5	24152
600	6	24153
601	0	24154
601	0	24155
601	1	24156
601	2	24157
601	3	24158
601	4	24159
601	4	24160
601	4	24161
601	4	24162
601	4	24163
601	4	24164
601	4	24165
601	4	24166
601	4	24167
601	4	24168
601	4	24169
601	4	24170
601	4	24171
601	4	24172
601	4	24173
601	4	24174
601	4	24175
601	4	24176
601	4	24177
601	4	24178
601	4	24179
601	4	24180
601	4	24181
601	4	24182
601	4	24183
601	4	24184
601	4	24185
601	4	24186
601	4	24187
601	4	24188
601	4	24189
601	4	24190
601	5	24191
601	5	24192
601	5	24193
601	5	24194
601	5	24195
601	5	24196
601	6	24197
602	0	24198
602	1	24199
602	2	24200
602	4	24201
602	4	24202
602	4	24203
602	4	24204
602	4	24205
602	4	24206
602	4	24207
602	4	24208
602	4	24209
602	4	24210
602	4	24211
602	4	24212
602	4	24213
602	4	24214
602	5	24215
602	5	24216
602	5	24217
602	5	24218
602	6	24219
603	0	24220
603	0	24221
603	1	24222
603	2	24223
603	2	24224
603	3	24225
603	4	24226
603	4	24227
603	4	24228
603	4	24229
603	4	24230
603	4	24231
603	4	24232
603	4	24233
603	4	24234
603	4	24235
603	4	24236
603	4	24237
603	4	24238
603	4	24239
603	4	24240
603	4	24241
603	4	24242
603	4	24243
603	4	24244
603	4	24245
603	4	24246
603	4	24247
603	4	24248
603	4	24249
603	4	24250
603	5	24251
603	5	24252
603	5	24253
603	5	24254
603	5	24255
603	5	24256
603	5	24257
603	6	24258
604	0	24259
604	0	24260
604	1	24261
604	2	24262
604	2	24263
604	3	24264
604	4	24265
604	4	24266
604	4	24267
604	4	24268
604	4	24269
604	4	24270
604	4	24271
604	4	24272
604	4	24273
604	4	24274
604	4	24275
604	4	24276
604	4	24277
604	4	24278
604	4	24279
604	4	24280
604	4	24281
604	4	24282
604	4	24283
604	4	24284
604	4	24285
604	4	24286
604	4	24287
604	4	24288
604	4	24289
604	4	24290
604	4	24291
604	5	24292
604	5	24293
604	5	24294
604	5	24295
604	5	24296
604	6	24297
605	0	24298
605	1	24299
605	2	24300
605	3	24301
605	4	24302
605	4	24303
605	4	24304
605	4	24305
605	4	24306
605	4	24307
605	4	24308
605	4	24309
605	4	24310
605	4	24311
605	4	24312
605	4	24313
605	4	24314
605	4	24315
605	4	24316
605	4	24317
605	4	24318
605	4	24319
605	4	24320
605	4	24321
605	4	24322
605	4	24323
605	4	24324
605	4	24325
605	4	24326
605	4	24327
605	5	24328
605	5	24329
605	5	24330
605	5	24331
605	5	24332
605	5	24333
605	5	24334
605	5	24335
605	6	24336
606	0	24337
606	0	24338
606	1	24339
606	2	24340
606	3	24341
606	4	24342
606	4	24343
606	4	24344
606	4	24345
606	4	24346
606	4	24347
606	4	24348
606	4	24349
606	4	24350
606	4	24351
606	4	24352
606	4	24353
606	4	24354
606	4	24355
606	4	24356
606	4	24357
606	4	24358
606	4	24359
606	4	24360
606	4	24361
606	4	24362
606	4	24363
606	4	24364
606	4	24365
606	4	24366
606	4	24367
606	4	24368
606	4	24369
606	4	24370
606	5	24371
606	5	24372
606	5	24373
606	5	24374
606	6	24375
607	1	24376
607	2	24377
607	3	24378
607	4	24379
607	4	24380
607	4	24381
607	4	24382
607	4	24383
607	4	24384
607	4	24385
607	4	24386
607	4	24387
607	4	24388
607	4	24389
607	4	24390
607	4	24391
607	4	24392
607	4	24393
607	4	24394
607	4	24395
607	4	24396
607	4	24397
607	4	24398
607	4	24399
607	4	24400
607	4	24401
607	5	24402
607	5	24403
607	5	24404
607	5	24405
607	5	24406
607	5	24407
607	6	24408
608	0	24409
608	0	24410
608	0	24411
608	1	24412
608	2	24413
608	2	24414
608	2	24415
608	2	24416
608	3	24417
608	4	24418
608	4	24419
608	4	24420
608	4	24421
608	4	24422
608	4	24423
608	4	24424
608	4	24425
608	4	24426
608	4	24427
608	4	24428
608	4	24429
608	4	24430
608	4	24431
608	4	24432
608	4	24433
608	4	24434
608	4	24435
608	4	24436
608	4	24437
608	4	24438
608	4	24439
608	4	24440
608	4	24441
608	4	24442
608	4	24443
608	4	24444
608	4	24445
608	4	24446
608	4	24447
608	4	24448
608	4	24449
608	4	24450
608	4	24451
608	4	24452
608	4	24453
608	5	24454
608	5	24455
608	5	24456
608	5	24457
608	6	24458
609	0	24459
609	2	24460
609	3	24461
609	4	24462
609	4	24463
609	4	24464
609	4	24465
609	4	24466
609	4	24467
609	4	24468
609	4	24469
609	4	24470
609	4	24471
609	4	24472
609	4	24473
609	4	24474
609	4	24475
609	4	24476
609	4	24477
609	4	24478
609	4	24479
609	4	24480
609	4	24481
609	4	24482
609	4	24483
609	4	24484
609	4	24485
609	4	24486
609	4	24487
609	4	24488
609	5	24489
609	5	24490
609	5	24491
609	5	24492
609	6	24493
610	0	24494
610	0	24495
610	1	24496
610	2	24497
610	3	24498
610	4	24499
610	4	24500
610	4	24501
610	4	24502
610	4	24503
610	4	24504
610	4	24505
610	4	24506
610	4	24507
610	4	24508
610	4	24509
610	4	24510
610	4	24511
610	4	24512
610	4	24513
610	4	24514
610	5	24515
610	5	24516
610	5	24517
610	6	24518
611	0	24519
611	1	24520
611	2	24521
611	3	24522
611	4	24523
611	4	24524
611	4	24525
611	4	24526
611	4	24527
611	4	24528
611	4	24529
611	4	24530
611	4	24531
611	4	24532
611	4	24533
611	4	24534
611	4	24535
611	4	24536
611	4	24537
611	5	24538
611	5	24539
611	5	24540
611	5	24541
611	5	24542
611	6	24543
612	0	24544
612	1	24545
612	2	24546
612	2	24547
612	2	24548
612	3	24549
612	4	24550
612	4	24551
612	4	24552
612	4	24553
612	4	24554
612	4	24555
612	4	24556
612	4	24557
612	4	24558
612	4	24559
612	4	24560
612	4	24561
612	4	24562
612	4	24563
612	4	24564
612	4	24565
612	5	24566
612	6	24567
613	0	24568
613	1	24569
613	2	24570
613	2	24571
613	2	24572
613	2	24573
613	3	24574
613	4	24575
613	4	24576
613	4	24577
613	4	24578
613	4	24579
613	4	24580
613	4	24581
613	4	24582
613	4	24583
613	4	24584
613	4	24585
613	4	24586
613	4	24587
613	4	24588
613	4	24589
613	4	24590
613	4	24591
613	4	24592
613	4	24593
613	5	24594
613	5	24595
613	5	24596
613	5	24597
613	5	24598
613	6	24599
614	0	24600
614	1	24601
614	2	24602
614	3	24603
614	4	24604
614	4	24605
614	4	24606
614	4	24607
614	4	24608
614	4	24609
614	4	24610
614	4	24611
614	4	24612
614	4	24613
614	4	24614
614	4	24615
614	4	24616
614	4	24617
614	4	24618
614	4	24619
614	4	24620
614	4	24621
614	4	24622
614	4	24623
614	4	24624
614	4	24625
614	4	24626
614	4	24627
614	4	24628
614	4	24629
614	4	24630
614	5	24631
614	5	24632
614	5	24633
614	5	24634
614	5	24635
614	5	24636
614	6	24637
615	0	24638
615	0	24639
615	0	24640
615	1	24641
615	2	24642
615	3	24643
615	4	24644
615	4	24645
615	4	24646
615	4	24647
615	4	24648
615	4	24649
615	4	24650
615	4	24651
615	4	24652
615	4	24653
615	4	24654
615	4	24655
615	4	24656
615	4	24657
615	4	24658
615	4	24659
615	4	24660
615	4	24661
615	4	24662
615	4	24663
615	4	24664
615	4	24665
615	4	24666
615	4	24667
615	4	24668
615	4	24669
615	4	24670
615	4	24671
615	5	24672
615	5	24673
615	5	24674
615	5	24675
615	6	24676
616	0	24677
616	1	24678
616	2	24679
616	3	24680
616	4	24681
616	4	24682
616	4	24683
616	4	24684
616	4	24685
616	4	24686
616	4	24687
616	4	24688
616	4	24689
616	4	24690
616	4	24691
616	4	24692
616	4	24693
616	4	24694
616	4	24695
616	4	24696
616	4	24697
616	4	24698
616	4	24699
616	4	24700
616	4	24701
616	4	24702
616	4	24703
616	4	24704
616	4	24705
616	4	24706
616	4	24707
616	5	24708
616	5	24709
616	5	24710
616	5	24711
616	5	24712
616	5	24713
616	5	24714
616	5	24715
616	6	24716
617	0	24717
617	1	24718
617	2	24719
617	2	24720
617	3	24721
617	4	24722
617	4	24723
617	4	24724
617	4	24725
617	4	24726
617	4	24727
617	4	24728
617	4	24729
617	4	24730
617	4	24731
617	4	24732
617	4	24733
617	4	24734
617	4	24735
617	4	24736
617	4	24737
617	4	24738
617	4	24739
617	4	24740
617	4	24741
617	4	24742
617	4	24743
617	4	24744
617	4	24745
617	4	24746
617	4	24747
617	4	24748
617	4	24749
617	5	24750
617	5	24751
617	5	24752
617	5	24753
617	6	24754
618	0	24755
618	2	24756
618	3	24757
618	3	24758
618	4	24759
618	4	24760
618	4	24761
618	4	24762
618	4	24763
618	4	24764
618	4	24765
618	4	24766
618	4	24767
618	4	24768
618	4	24769
618	4	24770
618	4	24771
618	4	24772
618	4	24773
618	4	24774
618	4	24775
618	4	24776
618	4	24777
618	4	24778
618	4	24779
618	4	24780
618	4	24781
618	4	24782
618	4	24783
618	4	24784
618	4	24785
618	4	24786
618	5	24787
618	5	24788
618	5	24789
618	5	24790
618	5	24791
618	5	24792
618	6	24793
619	1	24794
619	2	24795
619	3	24796
619	4	24797
619	4	24798
619	4	24799
619	4	24800
619	4	24801
619	4	24802
619	4	24803
619	4	24804
619	4	24805
619	4	24806
619	4	24807
619	4	24808
619	4	24809
619	4	24810
619	4	24811
619	4	24812
619	4	24813
619	4	24814
619	4	24815
619	4	24816
619	4	24817
619	4	24818
619	4	24819
619	4	24820
619	5	24821
619	5	24822
619	5	24823
619	5	24824
619	5	24825
619	5	24826
619	5	24827
619	5	24828
619	6	24829
620	4	24830
620	4	24831
620	4	24832
620	4	24833
620	4	24834
620	4	24835
620	4	24836
621	1	24837
621	4	24838
621	4	24839
621	4	24840
621	4	24841
621	4	24842
621	4	24843
621	4	24844
621	4	24845
621	4	24846
621	4	24847
621	4	24848
621	5	24849
621	5	24850
621	5	24851
621	6	24852
622	0	24853
622	1	24854
622	2	24855
622	4	24856
622	4	24857
622	4	24858
622	4	24859
622	4	24860
622	4	24861
622	4	24862
622	4	24863
622	4	24864
622	4	24865
622	4	24866
622	4	24867
622	4	24868
622	4	24869
622	4	24870
622	4	24871
622	4	24872
622	4	24873
622	4	24874
622	5	24875
622	5	24876
622	5	24877
622	5	24878
622	5	24879
622	5	24880
622	6	24881
623	0	24882
623	0	24883
623	0	24884
623	1	24885
623	3	24886
623	4	24887
623	4	24888
623	4	24889
623	4	24890
623	4	24891
623	4	24892
623	4	24893
623	4	24894
623	4	24895
623	4	24896
623	4	24897
623	4	24898
623	4	24899
623	4	24900
623	4	24901
623	4	24902
623	4	24903
623	5	24904
623	5	24905
623	5	24906
623	5	24907
623	5	24908
623	6	24909
624	0	24910
624	0	24911
624	1	24912
624	2	24913
624	3	24914
624	4	24915
624	4	24916
624	4	24917
624	4	24918
624	4	24919
624	4	24920
624	4	24921
624	4	24922
624	4	24923
624	4	24924
624	4	24925
624	4	24926
624	4	24927
624	4	24928
624	4	24929
624	4	24930
624	4	24931
624	4	24932
624	4	24933
624	4	24934
624	4	24935
624	4	24936
624	4	24937
624	4	24938
624	4	24939
624	4	24940
624	4	24941
624	4	24942
624	4	24943
624	4	24944
624	4	24945
624	4	24946
624	4	24947
624	4	24948
624	4	24949
624	5	24950
624	5	24951
624	5	24952
624	5	24953
624	5	24954
624	5	24955
624	6	24956
625	0	24957
625	1	24958
625	2	24959
625	3	24960
625	4	24961
625	4	24962
625	4	24963
625	4	24964
625	4	24965
625	4	24966
625	4	24967
625	4	24968
625	4	24969
625	4	24970
625	4	24971
625	4	24972
625	4	24973
625	4	24974
625	4	24975
625	4	24976
625	5	24977
625	5	24978
625	5	24979
625	5	24980
625	5	24981
625	6	24982
626	1	24983
626	2	24984
626	3	24985
626	4	24986
626	4	24987
626	4	24988
626	4	24989
626	4	24990
626	4	24991
626	4	24992
626	4	24993
626	4	24994
626	4	24995
626	4	24996
626	4	24997
626	4	24998
626	4	24999
626	4	25000
626	4	25001
626	4	25002
626	4	25003
626	4	25004
626	4	25005
626	5	25006
626	5	25007
626	5	25008
626	5	25009
626	5	25010
626	5	25011
626	5	25012
626	6	25013
627	0	25014
627	1	25015
627	2	25016
627	2	25017
627	3	25018
627	4	25019
627	4	25020
627	4	25021
627	4	25022
627	4	25023
627	4	25024
627	4	25025
627	4	25026
627	4	25027
627	4	25028
627	4	25029
627	4	25030
627	4	25031
627	4	25032
627	4	25033
627	4	25034
627	4	25035
627	4	25036
627	4	25037
627	4	25038
627	4	25039
627	4	25040
627	4	25041
627	4	25042
627	4	25043
627	4	25044
627	4	25045
627	4	25046
627	4	25047
627	4	25048
627	4	25049
627	5	25050
627	5	25051
627	5	25052
627	5	25053
627	5	25054
627	5	25055
627	5	25056
627	5	25057
627	6	25058
628	0	25059
628	0	25060
628	1	25061
628	2	25062
628	3	25063
628	4	25064
628	4	25065
628	4	25066
628	4	25067
628	4	25068
628	4	25069
628	4	25070
628	4	25071
628	4	25072
628	4	25073
628	4	25074
628	4	25075
628	4	25076
628	4	25077
628	4	25078
628	4	25079
628	4	25080
628	4	25081
628	4	25082
628	4	25083
628	5	25084
628	5	25085
628	5	25086
628	6	25087
629	4	25088
629	4	25089
629	4	25090
629	4	25091
629	4	25092
629	4	25093
629	4	25094
629	4	25095
629	4	25096
629	4	25097
629	4	25098
629	4	25099
629	4	25100
630	0	25101
630	1	25102
630	2	25103
630	3	25104
630	4	25105
630	4	25106
630	4	25107
630	4	25108
630	4	25109
630	4	25110
630	4	25111
630	4	25112
630	4	25113
630	4	25114
630	4	25115
630	5	25116
630	5	25117
630	5	25118
630	5	25119
630	5	25120
630	6	25121
631	0	25122
631	0	25123
631	0	25124
631	0	25125
631	1	25126
631	2	25127
631	3	25128
631	4	25129
631	4	25130
631	4	25131
631	4	25132
631	4	25133
631	4	25134
631	4	25135
631	4	25136
631	4	25137
631	4	25138
631	4	25139
631	4	25140
631	4	25141
631	4	25142
631	4	25143
631	4	25144
631	4	25145
631	4	25146
631	4	25147
631	4	25148
631	4	25149
631	4	25150
631	4	25151
631	4	25152
631	4	25153
631	4	25154
631	4	25155
631	4	25156
631	4	25157
631	4	25158
631	4	25159
631	4	25160
631	4	25161
631	4	25162
631	4	25163
631	4	25164
631	4	25165
631	4	25166
631	4	25167
631	5	25168
631	5	25169
631	5	25170
631	5	25171
631	6	25172
632	0	25173
632	0	25174
632	0	25175
632	1	25176
632	1	25177
632	2	25178
632	3	25179
632	4	25180
632	4	25181
632	4	25182
632	4	25183
632	4	25184
632	4	25185
632	4	25186
632	4	25187
632	4	25188
632	4	25189
632	4	25190
632	4	25191
632	4	25192
632	4	25193
632	4	25194
632	4	25195
632	4	25196
632	4	25197
632	4	25198
632	4	25199
632	4	25200
632	4	25201
632	4	25202
632	4	25203
632	4	25204
632	4	25205
632	4	25206
632	4	25207
632	4	25208
632	4	25209
632	4	25210
632	4	25211
632	4	25212
632	4	25213
632	4	25214
632	4	25215
632	4	25216
632	4	25217
632	4	25218
632	4	25219
632	4	25220
632	4	25221
632	4	25222
632	5	25223
632	5	25224
632	5	25225
632	5	25226
632	5	25227
632	5	25228
632	5	25229
632	5	25230
632	6	25231
633	0	25232
633	1	25233
633	2	25234
633	2	25235
633	2	25236
633	3	25237
633	4	25238
633	4	25239
633	4	25240
633	4	25241
633	4	25242
633	4	25243
633	4	25244
633	4	25245
633	4	25246
633	4	25247
633	4	25248
633	4	25249
633	4	25250
633	4	25251
633	4	25252
633	4	25253
633	4	25254
633	4	25255
633	4	25256
633	4	25257
633	4	25258
633	4	25259
633	5	25260
633	5	25261
633	5	25262
633	5	25263
633	5	25264
633	5	25265
633	6	25266
634	0	25267
634	1	25268
634	1	25269
634	2	25270
634	3	25271
634	4	25272
634	4	25273
634	4	25274
634	4	25275
634	4	25276
634	4	25277
634	4	25278
634	4	25279
634	4	25280
634	4	25281
634	4	25282
634	4	25283
634	4	25284
634	4	25285
634	4	25286
634	4	25287
634	4	25288
634	4	25289
634	4	25290
634	5	25291
634	5	25292
634	5	25293
634	5	25294
634	5	25295
634	5	25296
634	6	25297
635	0	25298
635	1	25299
635	2	25300
635	2	25301
635	3	25302
635	4	25303
635	4	25304
635	4	25305
635	4	25306
635	4	25307
635	4	25308
635	4	25309
635	4	25310
635	4	25311
635	4	25312
635	4	25313
635	4	25314
635	4	25315
635	4	25316
635	4	25317
635	4	25318
635	4	25319
635	4	25320
635	4	25321
635	4	25322
635	4	25323
635	4	25324
635	4	25325
635	4	25326
635	4	25327
635	4	25328
635	4	25329
635	4	25330
635	4	25331
635	4	25332
635	4	25333
635	4	25334
635	5	25335
635	5	25336
635	5	25337
635	5	25338
635	5	25339
635	5	25340
635	6	25341
636	0	25342
636	1	25343
636	2	25344
636	4	25345
636	4	25346
636	4	25347
636	4	25348
636	4	25349
636	4	25350
636	4	25351
636	4	25352
636	4	25353
636	4	25354
636	4	25355
636	4	25356
636	4	25357
636	4	25358
636	4	25359
636	4	25360
636	5	25361
636	5	25362
636	6	25363
637	1	25364
637	2	25365
637	3	25366
637	4	25367
637	4	25368
637	4	25369
637	4	25370
637	4	25371
637	4	25372
637	4	25373
637	4	25374
637	4	25375
637	4	25376
637	4	25377
637	5	25378
637	5	25379
637	5	25380
637	5	25381
637	5	25382
637	5	25383
637	5	25384
637	5	25385
637	5	25386
637	6	25387
638	0	25388
638	0	25389
638	0	25390
638	1	25391
638	2	25392
638	2	25393
638	2	25394
638	2	25395
638	3	25396
638	4	25397
638	4	25398
638	4	25399
638	4	25400
638	4	25401
638	4	25402
638	4	25403
638	4	25404
638	4	25405
638	4	25406
638	4	25407
638	4	25408
638	4	25409
638	4	25410
638	5	25411
638	5	25412
638	5	25413
638	5	25414
638	5	25415
638	5	25416
638	6	25417
639	0	25418
639	1	25419
639	3	25420
639	4	25421
639	4	25422
639	4	25423
639	4	25424
639	4	25425
639	4	25426
639	4	25427
639	4	25428
639	4	25429
639	4	25430
639	4	25431
639	4	25432
639	4	25433
639	4	25434
639	4	25435
639	4	25436
639	4	25437
639	4	25438
639	4	25439
639	4	25440
639	4	25441
639	4	25442
639	4	25443
639	4	25444
639	4	25445
639	4	25446
639	4	25447
639	4	25448
639	5	25449
639	5	25450
639	5	25451
639	5	25452
639	5	25453
639	5	25454
639	5	25455
639	5	25456
639	6	25457
640	0	25458
640	1	25459
640	2	25460
640	4	25461
640	4	25462
640	4	25463
640	4	25464
640	4	25465
640	4	25466
640	4	25467
640	4	25468
640	4	25469
640	4	25470
640	4	25471
640	4	25472
640	4	25473
640	4	25474
640	5	25475
640	5	25476
640	5	25477
640	6	25478
641	0	25479
641	1	25480
641	2	25481
641	3	25482
641	4	25483
641	4	25484
641	4	25485
641	4	25486
641	4	25487
641	4	25488
641	4	25489
641	4	25490
641	4	25491
641	4	25492
641	4	25493
641	4	25494
641	4	25495
641	4	25496
641	4	25497
641	4	25498
641	4	25499
641	4	25500
641	4	25501
641	4	25502
641	4	25503
641	4	25504
641	4	25505
641	4	25506
641	4	25507
641	4	25508
641	5	25509
641	5	25510
641	5	25511
641	5	25512
641	5	25513
641	5	25514
641	5	25515
641	5	25516
641	5	25517
641	5	25518
641	6	25519
642	0	25520
642	0	25521
642	0	25522
642	1	25523
642	2	25524
642	4	25525
642	4	25526
642	4	25527
642	4	25528
642	4	25529
642	4	25530
642	4	25531
642	4	25532
642	4	25533
642	4	25534
642	4	25535
642	5	25536
642	5	25537
642	5	25538
642	5	25539
642	5	25540
642	5	25541
642	5	25542
642	6	25543
643	0	25544
643	1	25545
643	4	25546
643	4	25547
643	4	25548
643	4	25549
643	4	25550
643	4	25551
643	5	25552
644	0	25553
644	1	25554
644	2	25555
644	4	25556
644	4	25557
644	4	25558
644	4	25559
644	4	25560
644	4	25561
644	4	25562
644	4	25563
644	4	25564
644	4	25565
644	4	25566
644	4	25567
644	4	25568
644	4	25569
644	4	25570
644	4	25571
644	5	25572
644	5	25573
644	5	25574
644	5	25575
644	5	25576
644	5	25577
644	6	25578
645	1	25579
645	2	25580
645	3	25581
645	4	25582
645	4	25583
645	4	25584
645	4	25585
645	4	25586
645	4	25587
645	4	25588
645	4	25589
645	4	25590
645	4	25591
645	4	25592
645	4	25593
645	4	25594
645	4	25595
645	4	25596
645	5	25597
645	5	25598
645	5	25599
645	5	25600
645	5	25601
645	6	25602
646	0	25603
646	1	25604
646	1	25605
646	1	25606
646	2	25607
646	4	25608
646	4	25609
646	4	25610
646	4	25611
646	4	25612
646	4	25613
646	4	25614
646	4	25615
646	4	25616
646	4	25617
646	4	25618
646	4	25619
646	4	25620
646	4	25621
646	4	25622
646	4	25623
646	4	25624
646	4	25625
646	4	25626
646	4	25627
646	4	25628
646	4	25629
646	4	25630
646	4	25631
646	4	25632
646	4	25633
646	4	25634
646	4	25635
646	4	25636
646	4	25637
646	4	25638
646	4	25639
646	5	25640
646	5	25641
646	5	25642
646	5	25643
646	5	25644
646	5	25645
646	5	25646
646	5	25647
646	5	25648
646	6	25649
647	0	25650
647	1	25651
647	2	25652
647	2	25653
647	3	25654
647	4	25655
647	4	25656
647	4	25657
647	4	25658
647	4	25659
647	4	25660
647	4	25661
647	4	25662
647	4	25663
647	4	25664
647	4	25665
647	4	25666
647	4	25667
647	4	25668
647	4	25669
647	4	25670
647	4	25671
647	4	25672
647	4	25673
647	4	25674
647	4	25675
647	4	25676
647	4	25677
647	4	25678
647	4	25679
647	4	25680
647	5	25681
647	5	25682
647	5	25683
647	5	25684
647	5	25685
647	5	25686
647	6	25687
647	6	25688
648	0	25689
648	1	25690
648	2	25691
648	3	25692
648	4	25693
648	4	25694
648	4	25695
648	4	25696
648	4	25697
648	4	25698
648	4	25699
648	4	25700
648	4	25701
648	4	25702
648	4	25703
648	4	25704
648	4	25705
648	4	25706
648	4	25707
648	4	25708
648	4	25709
648	5	25710
648	5	25711
648	6	25712
649	0	25713
649	0	25714
649	2	25715
649	4	25716
649	4	25717
649	4	25718
649	4	25719
649	4	25720
649	4	25721
649	4	25722
649	4	25723
649	4	25724
649	4	25725
649	4	25726
649	4	25727
649	4	25728
649	4	25729
649	4	25730
649	5	25731
649	5	25732
649	5	25733
649	5	25734
649	5	25735
649	5	25736
649	5	25737
649	6	25738
650	0	25739
650	2	25740
650	2	25741
650	2	25742
650	4	25743
650	4	25744
650	4	25745
650	4	25746
650	4	25747
650	4	25748
650	4	25749
650	4	25750
650	4	25751
650	4	25752
650	4	25753
650	4	25754
650	4	25755
650	4	25756
650	4	25757
650	4	25758
650	4	25759
650	4	25760
650	4	25761
650	4	25762
650	4	25763
650	4	25764
650	5	25765
650	5	25766
650	5	25767
650	5	25768
650	5	25769
650	5	25770
650	5	25771
650	6	25772
651	0	25773
651	1	25774
651	2	25775
651	3	25776
651	4	25777
651	4	25778
651	4	25779
651	4	25780
651	4	25781
651	4	25782
651	4	25783
651	4	25784
651	4	25785
651	4	25786
651	4	25787
651	4	25788
651	4	25789
651	4	25790
651	4	25791
651	4	25792
651	4	25793
651	4	25794
651	4	25795
651	4	25796
651	4	25797
651	4	25798
651	4	25799
651	4	25800
651	5	25801
651	5	25802
651	5	25803
651	5	25804
651	5	25805
651	6	25806
652	0	25807
652	1	25808
652	2	25809
652	3	25810
652	4	25811
652	4	25812
652	4	25813
652	4	25814
652	4	25815
652	4	25816
652	4	25817
652	4	25818
652	4	25819
652	4	25820
652	4	25821
652	4	25822
652	4	25823
652	4	25824
652	5	25825
652	5	25826
652	5	25827
652	6	25828
653	0	25829
653	1	25830
653	1	25831
653	1	25832
653	2	25833
653	4	25834
653	4	25835
653	4	25836
653	4	25837
653	4	25838
653	4	25839
653	4	25840
653	4	25841
653	4	25842
653	4	25843
653	4	25844
653	4	25845
653	4	25846
653	4	25847
653	4	25848
653	4	25849
653	4	25850
653	4	25851
653	5	25852
653	5	25853
653	5	25854
653	6	25855
654	1	25856
654	2	25857
654	3	25858
654	4	25859
654	4	25860
654	4	25861
654	4	25862
654	4	25863
654	4	25864
654	4	25865
654	4	25866
654	4	25867
654	4	25868
654	4	25869
654	4	25870
654	4	25871
654	4	25872
654	4	25873
654	4	25874
654	4	25875
654	4	25876
654	4	25877
654	4	25878
654	4	25879
654	4	25880
654	4	25881
654	4	25882
654	4	25883
654	4	25884
654	4	25885
654	4	25886
654	4	25887
654	4	25888
654	5	25889
654	5	25890
654	5	25891
654	5	25892
654	5	25893
654	5	25894
654	6	25895
655	0	25896
655	1	25897
655	2	25898
655	4	25899
655	4	25900
655	4	25901
655	4	25902
655	4	25903
655	4	25904
655	4	25905
655	4	25906
655	4	25907
655	4	25908
655	4	25909
655	4	25910
655	4	25911
655	4	25912
655	4	25913
655	4	25914
655	4	25915
655	4	25916
655	4	25917
655	4	25918
655	4	25919
655	4	25920
655	4	25921
655	4	25922
655	4	25923
655	5	25924
655	5	25925
655	5	25926
655	6	25927
656	0	25928
656	0	25929
656	1	25930
656	1	25931
656	2	25932
656	3	25933
656	4	25934
656	4	25935
656	4	25936
656	4	25937
656	4	25938
656	4	25939
656	4	25940
656	4	25941
656	4	25942
656	4	25943
656	4	25944
656	4	25945
656	4	25946
656	4	25947
656	4	25948
656	4	25949
656	4	25950
656	4	25951
656	4	25952
656	4	25953
656	5	25954
656	5	25955
656	5	25956
656	5	25957
656	5	25958
656	5	25959
656	5	25960
656	5	25961
656	5	25962
656	6	25963
657	0	25964
657	1	25965
657	2	25966
657	3	25967
657	4	25968
657	4	25969
657	4	25970
657	4	25971
657	4	25972
657	4	25973
657	4	25974
657	4	25975
657	4	25976
657	4	25977
657	4	25978
657	4	25979
657	4	25980
657	4	25981
657	4	25982
657	4	25983
657	4	25984
657	4	25985
657	4	25986
657	4	25987
657	4	25988
657	4	25989
657	4	25990
657	4	25991
657	5	25992
657	5	25993
657	5	25994
657	5	25995
657	6	25996
658	0	25997
658	1	25998
658	1	25999
658	2	26000
658	4	26001
658	4	26002
658	4	26003
658	4	26004
658	4	26005
658	4	26006
658	4	26007
658	4	26008
658	4	26009
658	4	26010
658	4	26011
658	5	26012
658	5	26013
658	5	26014
658	5	26015
658	5	26016
658	5	26017
658	5	26018
658	5	26019
658	6	26020
659	0	26021
659	0	26022
659	1	26023
659	2	26024
659	2	26025
659	3	26026
659	4	26027
659	4	26028
659	4	26029
659	4	26030
659	4	26031
659	4	26032
659	4	26033
659	4	26034
659	4	26035
659	4	26036
659	4	26037
659	4	26038
659	4	26039
659	4	26040
659	4	26041
659	4	26042
659	4	26043
659	4	26044
659	4	26045
659	4	26046
659	4	26047
659	4	26048
659	4	26049
659	4	26050
659	4	26051
659	5	26052
659	5	26053
659	5	26054
659	5	26055
659	6	26056
660	0	26057
660	0	26058
660	0	26059
660	1	26060
660	2	26061
660	3	26062
660	4	26063
660	4	26064
660	4	26065
660	4	26066
660	4	26067
660	4	26068
660	4	26069
660	4	26070
660	4	26071
660	4	26072
660	4	26073
660	4	26074
660	4	26075
660	4	26076
660	4	26077
660	4	26078
660	4	26079
660	4	26080
660	4	26081
660	4	26082
660	4	26083
660	4	26084
660	4	26085
660	4	26086
660	5	26087
660	5	26088
660	5	26089
660	5	26090
660	5	26091
660	5	26092
660	5	26093
660	6	26094
661	0	26095
661	0	26096
661	1	26097
661	2	26098
661	3	26099
661	4	26100
661	4	26101
661	4	26102
661	4	26103
661	4	26104
661	4	26105
661	4	26106
661	4	26107
661	4	26108
661	4	26109
661	4	26110
661	4	26111
661	4	26112
661	4	26113
661	4	26114
661	4	26115
661	4	26116
661	5	26117
661	5	26118
661	5	26119
661	5	26120
661	5	26121
661	5	26122
661	6	26123
662	0	26124
662	0	26125
662	1	26126
662	2	26127
662	3	26128
662	4	26129
662	4	26130
662	4	26131
662	4	26132
662	4	26133
662	4	26134
662	4	26135
662	4	26136
662	4	26137
662	4	26138
662	4	26139
662	4	26140
662	4	26141
662	4	26142
662	4	26143
662	4	26144
662	4	26145
662	4	26146
662	4	26147
662	4	26148
662	4	26149
662	4	26150
662	4	26151
662	4	26152
662	4	26153
662	4	26154
662	5	26155
662	5	26156
662	5	26157
662	6	26158
663	1	26159
663	1	26160
663	1	26161
663	2	26162
663	4	26163
663	4	26164
663	4	26165
663	4	26166
663	4	26167
663	4	26168
663	4	26169
663	4	26170
663	4	26171
663	4	26172
663	4	26173
663	5	26174
663	5	26175
663	5	26176
663	5	26177
663	5	26178
663	6	26179
664	0	26180
664	0	26181
664	1	26182
664	2	26183
664	3	26184
664	4	26185
664	4	26186
664	4	26187
664	4	26188
664	4	26189
664	4	26190
664	4	26191
664	4	26192
664	4	26193
664	4	26194
664	4	26195
664	4	26196
664	4	26197
664	4	26198
664	4	26199
664	4	26200
664	4	26201
664	4	26202
664	4	26203
664	4	26204
664	4	26205
664	4	26206
664	4	26207
664	5	26208
664	5	26209
664	5	26210
664	5	26211
664	5	26212
664	5	26213
664	5	26214
664	6	26215
665	0	26216
665	0	26217
665	0	26218
665	1	26219
665	2	26220
665	2	26221
665	3	26222
665	4	26223
665	4	26224
665	4	26225
665	4	26226
665	4	26227
665	4	26228
665	4	26229
665	4	26230
665	4	26231
665	4	26232
665	4	26233
665	4	26234
665	4	26235
665	5	26236
665	5	26237
665	5	26238
665	5	26239
665	5	26240
665	5	26241
665	6	26242
666	0	26243
666	0	26244
666	1	26245
666	1	26246
666	2	26247
666	4	26248
666	4	26249
666	4	26250
666	4	26251
666	4	26252
666	4	26253
666	4	26254
666	4	26255
666	4	26256
666	4	26257
666	4	26258
666	4	26259
666	4	26260
666	4	26261
666	4	26262
666	4	26263
666	4	26264
666	4	26265
666	4	26266
666	4	26267
666	4	26268
666	4	26269
666	5	26270
666	5	26271
666	5	26272
666	5	26273
666	5	26274
666	6	26275
667	0	26276
667	0	26277
667	1	26278
667	2	26279
667	2	26280
667	3	26281
667	4	26282
667	4	26283
667	4	26284
667	4	26285
667	4	26286
667	4	26287
667	4	26288
667	4	26289
667	4	26290
667	4	26291
667	4	26292
667	4	26293
667	4	26294
667	4	26295
667	4	26296
667	4	26297
667	4	26298
667	4	26299
667	5	26300
667	5	26301
667	5	26302
667	5	26303
667	6	26304
668	0	26305
668	1	26306
668	2	26307
668	2	26308
668	3	26309
668	4	26310
668	4	26311
668	4	26312
668	4	26313
668	4	26314
668	4	26315
668	4	26316
668	4	26317
668	4	26318
668	4	26319
668	4	26320
668	4	26321
668	4	26322
668	4	26323
668	4	26324
668	4	26325
668	4	26326
668	4	26327
668	4	26328
668	4	26329
668	4	26330
668	4	26331
668	4	26332
668	4	26333
668	4	26334
668	4	26335
668	4	26336
668	4	26337
668	4	26338
668	4	26339
668	4	26340
668	4	26341
668	4	26342
668	4	26343
668	4	26344
668	4	26345
668	5	26346
668	5	26347
668	5	26348
668	5	26349
668	5	26350
668	6	26351
669	0	26352
669	0	26353
669	1	26354
669	2	26355
669	3	26356
669	4	26357
669	4	26358
669	4	26359
669	4	26360
669	4	26361
669	4	26362
669	4	26363
669	4	26364
669	4	26365
669	4	26366
669	4	26367
669	4	26368
669	4	26369
669	4	26370
669	4	26371
669	5	26372
669	5	26373
669	5	26374
669	5	26375
669	5	26376
669	5	26377
669	5	26378
669	6	26379
670	0	26380
670	0	26381
670	1	26382
670	2	26383
670	3	26384
670	4	26385
670	4	26386
670	4	26387
670	4	26388
670	4	26389
670	4	26390
670	4	26391
670	4	26392
670	4	26393
670	4	26394
670	4	26395
670	4	26396
670	4	26397
670	4	26398
670	4	26399
670	4	26400
670	4	26401
670	4	26402
670	4	26403
670	4	26404
670	4	26405
670	5	26406
670	5	26407
670	5	26408
670	5	26409
670	5	26410
670	5	26411
670	6	26412
671	0	26413
671	0	26414
671	1	26415
671	2	26416
671	2	26417
671	3	26418
671	4	26419
671	4	26420
671	4	26421
671	4	26422
671	4	26423
671	4	26424
671	4	26425
671	4	26426
671	4	26427
671	4	26428
671	4	26429
671	4	26430
671	4	26431
671	4	26432
671	4	26433
671	4	26434
671	4	26435
671	5	26436
671	5	26437
671	5	26438
671	5	26439
671	6	26440
672	0	26441
672	0	26442
672	1	26443
672	2	26444
672	3	26445
672	4	26446
672	4	26447
672	4	26448
672	4	26449
672	4	26450
672	4	26451
672	4	26452
672	4	26453
672	4	26454
672	4	26455
672	4	26456
672	4	26457
672	4	26458
672	4	26459
672	4	26460
672	4	26461
672	4	26462
672	4	26463
672	4	26464
672	4	26465
672	4	26466
672	4	26467
672	4	26468
672	4	26469
672	5	26470
672	5	26471
672	5	26472
672	5	26473
672	5	26474
672	5	26475
672	6	26476
673	0	26477
673	0	26478
673	1	26479
673	2	26480
673	3	26481
673	4	26482
673	4	26483
673	4	26484
673	4	26485
673	4	26486
673	4	26487
673	4	26488
673	4	26489
673	4	26490
673	4	26491
673	4	26492
673	4	26493
673	4	26494
673	4	26495
673	4	26496
673	4	26497
673	4	26498
673	4	26499
673	4	26500
673	4	26501
673	4	26502
673	5	26503
673	5	26504
673	6	26505
674	0	26506
674	1	26507
674	1	26508
674	1	26509
674	2	26510
674	3	26511
674	4	26512
674	4	26513
674	4	26514
674	4	26515
674	4	26516
674	4	26517
674	4	26518
674	4	26519
674	4	26520
674	4	26521
674	4	26522
674	4	26523
674	4	26524
674	4	26525
674	4	26526
674	4	26527
674	4	26528
674	4	26529
674	4	26530
674	5	26531
674	5	26532
674	5	26533
674	5	26534
674	5	26535
674	5	26536
674	5	26537
674	6	26538
675	0	26539
675	1	26540
675	2	26541
675	3	26542
675	4	26543
675	4	26544
675	4	26545
675	4	26546
675	4	26547
675	4	26548
675	4	26549
675	4	26550
675	4	26551
675	4	26552
675	4	26553
675	4	26554
675	4	26555
675	4	26556
675	5	26557
675	5	26558
675	5	26559
675	6	26560
676	0	26561
676	0	26562
676	0	26563
676	1	26564
676	2	26565
676	3	26566
676	4	26567
676	4	26568
676	4	26569
676	4	26570
676	4	26571
676	4	26572
676	4	26573
676	4	26574
676	4	26575
676	4	26576
676	4	26577
676	4	26578
676	4	26579
676	4	26580
676	4	26581
676	4	26582
676	4	26583
676	4	26584
676	4	26585
676	4	26586
676	4	26587
676	4	26588
676	4	26589
676	4	26590
676	4	26591
676	4	26592
676	4	26593
676	4	26594
676	4	26595
676	4	26596
676	4	26597
676	4	26598
676	5	26599
676	5	26600
676	5	26601
676	5	26602
676	5	26603
676	5	26604
676	5	26605
676	6	26606
677	0	26607
677	1	26608
677	1	26609
677	1	26610
677	1	26611
677	2	26612
677	2	26613
677	3	26614
677	4	26615
677	4	26616
677	4	26617
677	4	26618
677	4	26619
677	4	26620
677	4	26621
677	4	26622
677	4	26623
677	4	26624
677	4	26625
677	4	26626
677	4	26627
677	4	26628
677	4	26629
677	5	26630
677	5	26631
677	5	26632
677	5	26633
677	5	26634
677	5	26635
677	5	26636
677	6	26637
678	1	26638
678	2	26639
678	3	26640
678	4	26641
678	4	26642
678	4	26643
678	4	26644
678	4	26645
678	4	26646
678	4	26647
678	4	26648
678	4	26649
678	5	26650
678	5	26651
678	5	26652
678	5	26653
678	5	26654
678	5	26655
678	5	26656
678	5	26657
678	5	26658
678	5	26659
678	5	26660
678	6	26661
679	0	26662
679	0	26663
679	1	26664
679	2	26665
679	3	26666
679	4	26667
679	4	26668
679	4	26669
679	4	26670
679	4	26671
679	4	26672
679	4	26673
679	4	26674
679	4	26675
679	4	26676
679	4	26677
679	4	26678
679	4	26679
679	4	26680
679	4	26681
679	4	26682
679	4	26683
679	4	26684
679	4	26685
679	4	26686
679	4	26687
679	4	26688
679	4	26689
679	4	26690
679	4	26691
679	4	26692
679	5	26693
679	5	26694
679	5	26695
679	5	26696
679	5	26697
679	6	26698
680	0	26699
680	0	26700
680	1	26701
680	2	26702
680	3	26703
680	4	26704
680	4	26705
680	4	26706
680	4	26707
680	4	26708
680	4	26709
680	4	26710
680	4	26711
680	4	26712
680	4	26713
680	4	26714
680	4	26715
680	4	26716
680	4	26717
680	4	26718
680	4	26719
680	4	26720
680	4	26721
680	4	26722
680	4	26723
680	4	26724
680	5	26725
680	5	26726
680	5	26727
680	5	26728
680	5	26729
680	5	26730
680	6	26731
681	0	26732
681	1	26733
681	2	26734
681	3	26735
681	4	26736
681	4	26737
681	4	26738
681	4	26739
681	4	26740
681	4	26741
681	4	26742
681	4	26743
681	4	26744
681	4	26745
681	4	26746
681	4	26747
681	4	26748
681	4	26749
681	4	26750
681	4	26751
681	4	26752
681	4	26753
681	4	26754
681	4	26755
681	4	26756
681	4	26757
681	4	26758
681	4	26759
681	4	26760
681	4	26761
681	4	26762
681	4	26763
681	4	26764
681	4	26765
681	5	26766
681	5	26767
681	5	26768
681	5	26769
681	5	26770
681	5	26771
681	6	26772
682	0	26773
682	0	26774
682	1	26775
682	1	26776
682	2	26777
682	3	26778
682	4	26779
682	4	26780
682	4	26781
682	4	26782
682	4	26783
682	4	26784
682	4	26785
682	4	26786
682	4	26787
682	4	26788
682	4	26789
682	4	26790
682	4	26791
682	4	26792
682	4	26793
682	4	26794
682	4	26795
682	4	26796
682	5	26797
682	5	26798
682	5	26799
682	5	26800
682	6	26801
683	0	26802
683	1	26803
683	3	26804
683	4	26805
683	4	26806
683	4	26807
683	4	26808
683	4	26809
683	4	26810
683	4	26811
683	4	26812
683	4	26813
683	4	26814
683	4	26815
683	4	26816
683	4	26817
683	4	26818
683	4	26819
683	4	26820
683	4	26821
683	4	26822
683	4	26823
683	4	26824
683	4	26825
683	5	26826
683	5	26827
683	5	26828
683	5	26829
683	6	26830
684	1	26831
684	3	26832
684	4	26833
684	4	26834
684	4	26835
684	4	26836
684	4	26837
684	4	26838
684	4	26839
684	4	26840
684	4	26841
684	4	26842
684	4	26843
684	4	26844
684	4	26845
684	4	26846
684	4	26847
684	5	26848
684	5	26849
684	5	26850
684	5	26851
684	5	26852
684	6	26853
685	0	26854
685	0	26855
685	0	26856
685	0	26857
685	1	26858
685	2	26859
685	2	26860
685	3	26861
685	4	26862
685	4	26863
685	4	26864
685	4	26865
685	4	26866
685	4	26867
685	4	26868
685	4	26869
685	4	26870
685	4	26871
685	4	26872
685	4	26873
685	4	26874
685	4	26875
685	4	26876
685	4	26877
685	4	26878
685	4	26879
685	4	26880
685	4	26881
685	4	26882
685	4	26883
685	4	26884
685	4	26885
685	4	26886
685	4	26887
685	5	26888
685	5	26889
685	5	26890
685	6	26891
686	0	26892
686	0	26893
686	1	26894
686	2	26895
686	2	26896
686	4	26897
686	4	26898
686	4	26899
686	4	26900
686	4	26901
686	4	26902
686	4	26903
686	4	26904
686	4	26905
686	4	26906
686	4	26907
686	4	26908
686	4	26909
686	4	26910
686	5	26911
686	5	26912
686	5	26913
686	5	26914
686	6	26915
687	2	26916
687	3	26917
687	4	26918
687	4	26919
687	4	26920
687	4	26921
687	4	26922
687	4	26923
687	4	26924
687	4	26925
687	4	26926
687	4	26927
687	4	26928
687	4	26929
687	4	26930
687	4	26931
687	4	26932
687	4	26933
687	4	26934
687	4	26935
687	4	26936
687	4	26937
687	4	26938
687	4	26939
687	4	26940
687	4	26941
687	4	26942
687	4	26943
687	4	26944
687	4	26945
687	4	26946
687	4	26947
687	4	26948
687	4	26949
687	4	26950
687	4	26951
687	4	26952
687	4	26953
687	4	26954
687	4	26955
687	4	26956
687	4	26957
687	4	26958
687	4	26959
687	5	26960
687	5	26961
687	5	26962
687	5	26963
687	5	26964
687	5	26965
687	5	26966
687	5	26967
687	6	26968
688	0	26969
688	0	26970
688	1	26971
688	1	26972
688	2	26973
688	3	26974
688	4	26975
688	4	26976
688	4	26977
688	4	26978
688	4	26979
688	4	26980
688	4	26981
688	4	26982
688	4	26983
688	4	26984
688	4	26985
688	4	26986
688	4	26987
688	4	26988
688	4	26989
688	4	26990
688	4	26991
688	4	26992
688	4	26993
688	4	26994
688	4	26995
688	4	26996
688	4	26997
688	4	26998
688	4	26999
688	4	27000
688	4	27001
688	4	27002
688	4	27003
688	4	27004
688	4	27005
688	4	27006
688	4	27007
688	4	27008
688	4	27009
688	4	27010
688	4	27011
688	4	27012
688	4	27013
688	5	27014
688	5	27015
688	5	27016
688	5	27017
688	5	27018
688	5	27019
688	6	27020
689	0	27021
689	0	27022
689	1	27023
689	3	27024
689	4	27025
689	4	27026
689	4	27027
689	4	27028
689	4	27029
689	4	27030
689	4	27031
689	4	27032
689	4	27033
689	4	27034
689	4	27035
689	4	27036
689	4	27037
689	4	27038
689	4	27039
689	4	27040
689	5	27041
689	5	27042
689	5	27043
689	5	27044
689	6	27045
690	0	27046
690	0	27047
690	1	27048
690	2	27049
690	2	27050
690	3	27051
690	4	27052
690	4	27053
690	4	27054
690	4	27055
690	4	27056
690	4	27057
690	4	27058
690	4	27059
690	4	27060
690	4	27061
690	4	27062
690	4	27063
690	4	27064
690	4	27065
690	4	27066
690	4	27067
690	4	27068
690	4	27069
690	4	27070
690	4	27071
690	4	27072
690	4	27073
690	4	27074
690	4	27075
690	5	27076
690	5	27077
690	5	27078
690	5	27079
690	6	27080
691	0	27081
691	0	27082
691	1	27083
691	2	27084
691	3	27085
691	4	27086
691	4	27087
691	4	27088
691	4	27089
691	4	27090
691	4	27091
691	4	27092
691	4	27093
691	4	27094
691	4	27095
691	4	27096
691	4	27097
691	4	27098
691	4	27099
691	4	27100
691	4	27101
691	4	27102
691	5	27103
691	5	27104
691	5	27105
691	6	27106
692	0	27107
692	1	27108
692	2	27109
692	2	27110
692	2	27111
692	3	27112
692	4	27113
692	4	27114
692	4	27115
692	4	27116
692	4	27117
692	4	27118
692	4	27119
692	4	27120
692	4	27121
692	4	27122
692	4	27123
692	4	27124
692	4	27125
692	4	27126
692	4	27127
692	4	27128
692	4	27129
692	4	27130
692	4	27131
692	4	27132
692	4	27133
692	4	27134
692	4	27135
692	4	27136
692	4	27137
692	4	27138
692	4	27139
692	4	27140
692	4	27141
692	4	27142
692	4	27143
692	4	27144
692	4	27145
692	4	27146
692	4	27147
692	4	27148
692	4	27149
692	4	27150
692	4	27151
692	4	27152
692	4	27153
692	4	27154
692	4	27155
692	4	27156
692	4	27157
692	5	27158
692	5	27159
692	5	27160
692	5	27161
692	5	27162
692	5	27163
692	6	27164
693	0	27165
693	1	27166
693	2	27167
693	2	27168
693	3	27169
693	4	27170
693	4	27171
693	4	27172
693	4	27173
693	4	27174
693	4	27175
693	4	27176
693	4	27177
693	4	27178
693	4	27179
693	4	27180
693	4	27181
693	4	27182
693	4	27183
693	4	27184
693	4	27185
693	4	27186
693	4	27187
693	4	27188
693	4	27189
693	5	27190
693	5	27191
693	5	27192
693	5	27193
693	5	27194
693	5	27195
693	5	27196
693	5	27197
693	6	27198
694	0	27199
694	1	27200
694	4	27201
694	4	27202
694	4	27203
694	4	27204
694	4	27205
694	4	27206
694	4	27207
694	4	27208
694	4	27209
694	4	27210
694	4	27211
694	4	27212
694	4	27213
694	4	27214
694	4	27215
694	4	27216
694	4	27217
694	6	27218
695	1	27219
695	2	27220
695	3	27221
695	4	27222
695	4	27223
695	4	27224
695	4	27225
695	4	27226
695	4	27227
695	4	27228
695	4	27229
695	4	27230
695	4	27231
695	4	27232
695	4	27233
695	5	27234
695	5	27235
695	5	27236
695	5	27237
695	5	27238
695	6	27239
696	0	27240
696	1	27241
696	2	27242
696	4	27243
696	4	27244
696	4	27245
696	4	27246
696	4	27247
696	4	27248
696	4	27249
696	4	27250
696	4	27251
696	4	27252
696	4	27253
696	4	27254
696	4	27255
696	4	27256
696	4	27257
696	4	27258
696	4	27259
696	5	27260
696	5	27261
696	5	27262
696	5	27263
697	1	27264
697	2	27265
697	4	27266
697	4	27267
697	4	27268
697	4	27269
697	4	27270
697	4	27271
697	4	27272
697	4	27273
697	4	27274
697	4	27275
697	4	27276
697	4	27277
697	4	27278
697	4	27279
697	4	27280
697	4	27281
697	4	27282
697	4	27283
697	4	27284
697	4	27285
697	4	27286
697	4	27287
697	4	27288
697	4	27289
697	4	27290
697	4	27291
697	4	27292
697	4	27293
697	4	27294
697	4	27295
697	4	27296
697	5	27297
697	5	27298
697	5	27299
697	5	27300
697	6	27301
698	0	27302
698	1	27303
698	2	27304
698	3	27305
698	4	27306
698	4	27307
698	4	27308
698	4	27309
698	4	27310
698	4	27311
698	4	27312
698	4	27313
698	4	27314
698	4	27315
698	4	27316
698	4	27317
698	4	27318
698	4	27319
698	4	27320
698	4	27321
698	4	27322
698	4	27323
698	4	27324
698	4	27325
698	5	27326
698	5	27327
698	5	27328
698	5	27329
698	5	27330
698	5	27331
698	5	27332
698	6	27333
699	1	27334
699	2	27335
699	4	27336
699	4	27337
699	4	27338
699	4	27339
699	4	27340
699	4	27341
699	4	27342
699	4	27343
699	4	27344
699	4	27345
699	4	27346
699	4	27347
699	4	27348
699	4	27349
699	4	27350
699	4	27351
699	5	27352
699	5	27353
699	5	27354
699	5	27355
699	5	27356
699	5	27357
699	5	27358
699	5	27359
699	5	27360
699	5	27361
699	5	27362
699	5	27363
699	5	27364
699	6	27365
700	0	27366
700	1	27367
700	2	27368
700	2	27369
700	3	27370
700	4	27371
700	4	27372
700	4	27373
700	4	27374
700	4	27375
700	4	27376
700	4	27377
700	4	27378
700	4	27379
700	4	27380
700	4	27381
700	4	27382
700	4	27383
700	4	27384
700	4	27385
700	4	27386
700	5	27387
700	5	27388
700	5	27389
700	5	27390
700	6	27391
701	0	27392
701	1	27393
701	2	27394
701	2	27395
701	3	27396
701	4	27397
701	4	27398
701	4	27399
701	4	27400
701	4	27401
701	4	27402
701	4	27403
701	4	27404
701	4	27405
701	5	27406
701	5	27407
701	5	27408
701	5	27409
701	5	27410
701	6	27411
702	0	27412
702	0	27413
702	1	27414
702	2	27415
702	2	27416
702	2	27417
702	4	27418
702	4	27419
702	4	27420
702	4	27421
702	4	27422
702	4	27423
702	4	27424
702	4	27425
702	4	27426
702	4	27427
702	4	27428
702	4	27429
702	4	27430
702	4	27431
702	4	27432
702	4	27433
702	4	27434
702	4	27435
702	5	27436
702	5	27437
702	5	27438
702	5	27439
702	5	27440
702	5	27441
702	5	27442
702	5	27443
702	5	27444
702	6	27445
703	0	27446
703	1	27447
703	2	27448
703	3	27449
703	4	27450
703	4	27451
703	4	27452
703	4	27453
703	4	27454
703	4	27455
703	4	27456
703	4	27457
703	4	27458
703	5	27459
703	5	27460
703	6	27461
704	0	27462
704	0	27463
704	1	27464
704	2	27465
704	4	27466
704	4	27467
704	4	27468
704	4	27469
704	4	27470
704	4	27471
704	4	27472
704	4	27473
704	4	27474
704	4	27475
704	4	27476
704	4	27477
704	4	27478
704	5	27479
704	5	27480
704	5	27481
704	5	27482
704	5	27483
704	5	27484
704	5	27485
704	5	27486
704	5	27487
704	6	27488
705	0	27489
705	1	27490
705	2	27491
705	2	27492
705	3	27493
705	4	27494
705	4	27495
705	4	27496
705	4	27497
705	4	27498
705	4	27499
705	4	27500
705	4	27501
705	4	27502
705	4	27503
705	4	27504
705	4	27505
705	4	27506
705	4	27507
705	4	27508
705	4	27509
705	4	27510
705	4	27511
705	4	27512
705	4	27513
705	4	27514
705	4	27515
705	4	27516
705	4	27517
705	4	27518
705	4	27519
705	4	27520
705	4	27521
705	4	27522
705	4	27523
705	4	27524
705	4	27525
705	4	27526
705	4	27527
705	4	27528
705	4	27529
705	4	27530
705	4	27531
705	4	27532
705	4	27533
705	5	27534
705	5	27535
705	5	27536
705	5	27537
705	6	27538
706	0	27539
706	0	27540
706	1	27541
706	2	27542
706	3	27543
706	4	27544
706	4	27545
706	4	27546
706	4	27547
706	4	27548
706	4	27549
706	4	27550
706	4	27551
706	4	27552
706	4	27553
706	4	27554
706	4	27555
706	4	27556
706	4	27557
706	4	27558
706	4	27559
706	4	27560
706	4	27561
706	4	27562
706	4	27563
706	4	27564
706	4	27565
706	4	27566
706	4	27567
706	4	27568
706	4	27569
706	4	27570
706	4	27571
706	5	27572
706	5	27573
706	5	27574
706	5	27575
706	5	27576
706	5	27577
706	5	27578
706	6	27579
707	0	27580
707	0	27581
707	1	27582
707	2	27583
707	3	27584
707	4	27585
707	4	27586
707	4	27587
707	4	27588
707	4	27589
707	4	27590
707	4	27591
707	4	27592
707	4	27593
707	4	27594
707	4	27595
707	4	27596
707	4	27597
707	4	27598
707	4	27599
707	4	27600
707	4	27601
707	4	27602
707	4	27603
707	5	27604
707	5	27605
707	5	27606
707	5	27607
707	5	27608
707	6	27609
708	0	27610
708	1	27611
708	1	27612
708	2	27613
708	3	27614
708	4	27615
708	4	27616
708	4	27617
708	4	27618
708	4	27619
708	4	27620
708	4	27621
708	4	27622
708	4	27623
708	4	27624
708	4	27625
708	4	27626
708	4	27627
708	4	27628
708	4	27629
708	4	27630
708	4	27631
708	4	27632
708	4	27633
708	4	27634
708	4	27635
708	4	27636
708	4	27637
708	4	27638
708	4	27639
708	4	27640
708	4	27641
708	4	27642
708	4	27643
708	4	27644
708	4	27645
708	4	27646
708	4	27647
708	5	27648
708	5	27649
708	5	27650
708	5	27651
708	5	27652
708	6	27653
709	0	27654
709	2	27655
709	4	27656
709	4	27657
709	4	27658
709	4	27659
709	4	27660
709	4	27661
709	4	27662
709	4	27663
709	4	27664
709	4	27665
709	4	27666
709	4	27667
709	4	27668
709	4	27669
709	4	27670
709	4	27671
709	4	27672
709	4	27673
709	4	27674
709	4	27675
709	4	27676
709	4	27677
709	4	27678
709	5	27679
709	5	27680
709	5	27681
709	5	27682
709	6	27683
710	0	27684
710	1	27685
710	2	27686
710	4	27687
710	4	27688
710	4	27689
710	4	27690
710	4	27691
710	4	27692
710	4	27693
710	4	27694
710	4	27695
710	4	27696
710	4	27697
710	4	27698
710	4	27699
710	4	27700
710	4	27701
710	4	27702
710	4	27703
710	4	27704
710	4	27705
710	4	27706
710	4	27707
710	4	27708
710	4	27709
710	4	27710
710	5	27711
710	5	27712
710	5	27713
710	5	27714
710	5	27715
710	5	27716
710	6	27717
711	1	27718
711	2	27719
711	3	27720
711	4	27721
711	4	27722
711	4	27723
711	4	27724
711	4	27725
711	4	27726
711	4	27727
711	4	27728
711	4	27729
711	4	27730
711	4	27731
711	4	27732
711	4	27733
711	4	27734
711	4	27735
711	5	27736
711	5	27737
711	5	27738
711	5	27739
711	5	27740
711	6	27741
712	0	27742
712	1	27743
712	3	27744
712	4	27745
712	4	27746
712	4	27747
712	4	27748
712	4	27749
712	4	27750
712	4	27751
712	4	27752
712	4	27753
712	4	27754
712	4	27755
712	4	27756
712	5	27757
712	5	27758
712	5	27759
712	5	27760
712	5	27761
712	5	27762
712	6	27763
713	1	27764
713	2	27765
713	2	27766
713	3	27767
713	4	27768
713	4	27769
713	4	27770
713	4	27771
713	4	27772
713	4	27773
713	4	27774
713	4	27775
713	4	27776
713	4	27777
713	4	27778
713	4	27779
713	4	27780
713	4	27781
713	4	27782
713	4	27783
713	4	27784
713	4	27785
713	4	27786
713	5	27787
713	5	27788
713	6	27789
714	0	27790
714	0	27791
714	1	27792
714	2	27793
714	3	27794
714	4	27795
714	4	27796
714	4	27797
714	4	27798
714	4	27799
714	4	27800
714	4	27801
714	4	27802
714	4	27803
714	4	27804
714	4	27805
714	4	27806
714	4	27807
714	4	27808
714	4	27809
714	5	27810
714	5	27811
714	5	27812
714	5	27813
714	5	27814
714	5	27815
714	6	27816
715	0	27817
715	1	27818
715	2	27819
715	2	27820
715	2	27821
715	3	27822
715	4	27823
715	4	27824
715	4	27825
715	4	27826
715	4	27827
715	4	27828
715	4	27829
715	4	27830
715	4	27831
715	4	27832
715	4	27833
715	4	27834
715	4	27835
715	4	27836
715	4	27837
715	4	27838
715	4	27839
715	4	27840
715	5	27841
715	5	27842
715	5	27843
715	5	27844
715	6	27845
716	0	27846
716	0	27847
716	1	27848
716	2	27849
716	2	27850
716	3	27851
716	4	27852
716	4	27853
716	4	27854
716	4	27855
716	4	27856
716	4	27857
716	4	27858
716	4	27859
716	4	27860
716	4	27861
716	4	27862
716	4	27863
716	4	27864
716	4	27865
716	4	27866
716	4	27867
716	4	27868
716	4	27869
716	4	27870
716	4	27871
716	4	27872
716	4	27873
716	4	27874
716	4	27875
716	4	27876
716	4	27877
716	5	27878
716	5	27879
716	5	27880
716	5	27881
716	5	27882
716	5	27883
716	5	27884
716	6	27885
717	0	27886
717	0	27887
717	0	27888
717	0	27889
717	1	27890
717	1	27891
717	2	27892
717	3	27893
717	4	27894
717	4	27895
717	4	27896
717	4	27897
717	4	27898
717	4	27899
717	4	27900
717	4	27901
717	4	27902
717	4	27903
717	4	27904
717	4	27905
717	4	27906
717	4	27907
717	4	27908
717	4	27909
717	4	27910
717	4	27911
717	4	27912
717	4	27913
717	4	27914
717	4	27915
717	5	27916
717	5	27917
717	5	27918
717	5	27919
717	5	27920
717	5	27921
717	6	27922
718	0	27923
718	1	27924
718	2	27925
718	3	27926
718	4	27927
718	4	27928
718	4	27929
718	4	27930
718	4	27931
718	4	27932
718	4	27933
718	4	27934
718	4	27935
718	4	27936
718	4	27937
718	4	27938
718	4	27939
718	4	27940
718	4	27941
718	4	27942
718	4	27943
718	4	27944
718	5	27945
718	5	27946
718	5	27947
718	5	27948
718	5	27949
718	6	27950
719	0	27951
719	0	27952
719	1	27953
719	2	27954
719	3	27955
719	4	27956
719	4	27957
719	4	27958
719	4	27959
719	4	27960
719	4	27961
719	4	27962
719	4	27963
719	4	27964
719	4	27965
719	4	27966
719	4	27967
719	4	27968
719	4	27969
719	4	27970
719	4	27971
719	4	27972
719	4	27973
719	4	27974
719	4	27975
719	4	27976
719	4	27977
719	5	27978
719	5	27979
719	6	27980
720	0	27981
720	0	27982
720	0	27983
720	1	27984
720	2	27985
720	3	27986
720	4	27987
720	4	27988
720	4	27989
720	4	27990
720	4	27991
720	4	27992
720	4	27993
720	4	27994
720	4	27995
720	4	27996
720	4	27997
720	4	27998
720	4	27999
720	4	28000
720	4	28001
720	4	28002
720	4	28003
720	4	28004
720	4	28005
720	5	28006
720	5	28007
720	5	28008
720	5	28009
720	5	28010
720	6	28011
721	0	28012
721	1	28013
721	2	28014
721	3	28015
721	4	28016
721	4	28017
721	4	28018
721	4	28019
721	4	28020
721	4	28021
721	4	28022
721	4	28023
721	4	28024
721	4	28025
721	4	28026
721	4	28027
721	4	28028
721	4	28029
721	4	28030
721	5	28031
721	5	28032
721	5	28033
721	5	28034
721	5	28035
721	5	28036
721	6	28037
722	0	28038
722	0	28039
722	1	28040
722	2	28041
722	2	28042
722	3	28043
722	4	28044
722	4	28045
722	4	28046
722	4	28047
722	4	28048
722	4	28049
722	4	28050
722	4	28051
722	4	28052
722	4	28053
722	4	28054
722	4	28055
722	4	28056
722	4	28057
722	5	28058
722	5	28059
722	5	28060
722	5	28061
722	5	28062
722	6	28063
723	0	28064
723	0	28065
723	0	28066
723	1	28067
723	1	28068
723	1	28069
723	1	28070
723	2	28071
723	3	28072
723	4	28073
723	4	28074
723	4	28075
723	4	28076
723	4	28077
723	4	28078
723	4	28079
723	4	28080
723	4	28081
723	4	28082
723	4	28083
723	4	28084
723	5	28085
723	5	28086
723	5	28087
723	6	28088
724	4	28089
724	4	28090
724	4	28091
724	4	28092
724	4	28093
724	4	28094
724	4	28095
724	4	28096
724	4	28097
724	4	28098
724	4	28099
724	4	28100
724	4	28101
724	4	28102
724	4	28103
724	4	28104
724	4	28105
724	4	28106
724	4	28107
724	4	28108
724	4	28109
724	4	28110
724	4	28111
725	0	28112
725	0	28113
725	1	28114
725	3	28115
725	4	28116
725	4	28117
725	4	28118
725	4	28119
725	4	28120
725	4	28121
725	4	28122
725	4	28123
725	4	28124
725	4	28125
725	4	28126
725	4	28127
725	4	28128
725	4	28129
725	4	28130
725	4	28131
725	4	28132
725	4	28133
725	4	28134
725	4	28135
725	4	28136
725	4	28137
725	5	28138
725	5	28139
725	5	28140
725	5	28141
725	5	28142
725	6	28143
726	1	28144
726	3	28145
726	4	28146
726	4	28147
726	4	28148
726	4	28149
726	4	28150
726	4	28151
726	4	28152
726	4	28153
726	4	28154
726	4	28155
726	4	28156
726	4	28157
726	4	28158
726	4	28159
726	4	28160
726	4	28161
726	4	28162
726	4	28163
726	4	28164
726	4	28165
726	4	28166
726	4	28167
726	4	28168
726	4	28169
726	4	28170
726	5	28171
726	5	28172
726	5	28173
726	5	28174
726	5	28175
726	5	28176
726	5	28177
726	5	28178
726	5	28179
726	5	28180
726	5	28181
726	6	28182
727	0	28183
727	1	28184
727	2	28185
727	2	28186
727	2	28187
727	3	28188
727	4	28189
727	4	28190
727	4	28191
727	4	28192
727	4	28193
727	4	28194
727	4	28195
727	4	28196
727	4	28197
727	4	28198
727	4	28199
727	4	28200
727	4	28201
727	4	28202
727	4	28203
727	4	28204
727	4	28205
727	4	28206
727	5	28207
727	5	28208
727	5	28209
727	5	28210
727	6	28211
728	0	28212
728	0	28213
728	1	28214
728	2	28215
728	3	28216
728	4	28217
728	4	28218
728	4	28219
728	4	28220
728	4	28221
728	4	28222
728	4	28223
728	4	28224
728	4	28225
728	4	28226
728	4	28227
728	4	28228
728	4	28229
728	4	28230
728	4	28231
728	4	28232
728	5	28233
728	5	28234
728	5	28235
728	5	28236
728	5	28237
728	5	28238
728	5	28239
728	6	28240
729	0	28241
729	0	28242
729	1	28243
729	2	28244
729	3	28245
729	4	28246
729	4	28247
729	4	28248
729	4	28249
729	4	28250
729	4	28251
729	4	28252
729	4	28253
729	4	28254
729	4	28255
729	4	28256
729	4	28257
729	4	28258
729	4	28259
729	4	28260
729	4	28261
729	4	28262
729	4	28263
729	4	28264
729	4	28265
729	4	28266
729	4	28267
729	4	28268
729	4	28269
729	4	28270
729	4	28271
729	4	28272
729	5	28273
729	5	28274
729	5	28275
729	5	28276
729	5	28277
729	6	28278
730	0	28279
730	0	28280
730	1	28281
730	2	28282
730	3	28283
730	4	28284
730	4	28285
730	4	28286
730	4	28287
730	4	28288
730	4	28289
730	4	28290
730	4	28291
730	4	28292
730	5	28293
730	5	28294
730	5	28295
730	5	28296
730	5	28297
730	5	28298
730	5	28299
730	6	28300
731	0	28301
731	0	28302
731	0	28303
731	1	28304
731	2	28305
731	2	28306
731	3	28307
731	4	28308
731	4	28309
731	4	28310
731	4	28311
731	4	28312
731	4	28313
731	4	28314
731	4	28315
731	4	28316
731	4	28317
731	4	28318
731	4	28319
731	4	28320
731	4	28321
731	4	28322
731	4	28323
731	4	28324
731	4	28325
731	4	28326
731	4	28327
731	4	28328
731	4	28329
731	4	28330
731	4	28331
731	4	28332
731	4	28333
731	4	28334
731	4	28335
731	5	28336
731	5	28337
731	5	28338
731	6	28339
732	0	28340
732	0	28341
732	1	28342
732	2	28343
732	4	28344
732	4	28345
732	4	28346
732	4	28347
732	4	28348
732	4	28349
732	4	28350
732	4	28351
732	4	28352
732	4	28353
732	4	28354
732	4	28355
732	4	28356
732	4	28357
732	5	28358
732	5	28359
732	6	28360
733	4	28361
733	4	28362
733	4	28363
733	4	28364
733	4	28365
733	4	28366
733	4	28367
733	4	28368
734	4	28369
734	4	28370
734	4	28371
734	4	28372
734	4	28373
734	4	28374
734	4	28375
734	4	28376
734	4	28377
734	4	28378
734	4	28379
734	4	28380
734	4	28381
734	4	28382
734	4	28383
734	4	28384
734	4	28385
734	4	28386
735	0	28387
735	1	28388
735	2	28389
735	3	28390
735	4	28391
735	4	28392
735	4	28393
735	4	28394
735	4	28395
735	4	28396
735	4	28397
735	4	28398
735	4	28399
735	4	28400
735	4	28401
735	4	28402
735	4	28403
735	4	28404
735	4	28405
735	5	28406
735	6	28407
736	0	28408
736	0	28409
736	1	28410
736	2	28411
736	3	28412
736	4	28413
736	4	28414
736	4	28415
736	4	28416
736	4	28417
736	4	28418
736	4	28419
736	4	28420
736	4	28421
736	4	28422
736	4	28423
736	4	28424
736	4	28425
736	4	28426
736	4	28427
736	4	28428
736	4	28429
736	4	28430
736	5	28431
736	5	28432
736	5	28433
736	5	28434
736	6	28435
737	1	28436
737	2	28437
737	3	28438
737	4	28439
737	4	28440
737	4	28441
737	4	28442
737	4	28443
737	4	28444
737	4	28445
737	4	28446
737	4	28447
737	4	28448
737	4	28449
737	4	28450
737	4	28451
737	4	28452
737	4	28453
737	4	28454
737	4	28455
737	4	28456
737	4	28457
737	4	28458
737	4	28459
737	4	28460
737	4	28461
737	4	28462
737	4	28463
737	4	28464
737	4	28465
737	4	28466
737	4	28467
737	4	28468
737	5	28469
737	5	28470
737	5	28471
737	5	28472
737	6	28473
738	0	28474
738	0	28475
738	1	28476
738	2	28477
738	3	28478
738	4	28479
738	4	28480
738	4	28481
738	4	28482
738	4	28483
738	4	28484
738	4	28485
738	4	28486
738	4	28487
738	4	28488
738	4	28489
738	4	28490
738	5	28491
738	5	28492
738	5	28493
738	6	28494
739	0	28495
739	1	28496
739	2	28497
739	2	28498
739	3	28499
739	4	28500
739	4	28501
739	4	28502
739	4	28503
739	4	28504
739	4	28505
739	4	28506
739	4	28507
739	4	28508
739	4	28509
739	4	28510
739	4	28511
739	4	28512
739	4	28513
739	4	28514
739	4	28515
739	4	28516
739	4	28517
739	4	28518
739	5	28519
739	5	28520
739	5	28521
739	5	28522
739	6	28523
740	0	28524
740	1	28525
740	3	28526
740	4	28527
740	4	28528
740	4	28529
740	4	28530
740	4	28531
740	4	28532
740	4	28533
740	4	28534
740	4	28535
740	4	28536
740	4	28537
740	4	28538
740	4	28539
740	4	28540
740	4	28541
740	4	28542
740	4	28543
740	4	28544
740	4	28545
740	4	28546
740	4	28547
740	4	28548
740	4	28549
740	4	28550
740	4	28551
740	4	28552
740	5	28553
740	5	28554
740	5	28555
740	5	28556
740	6	28557
741	0	28558
741	1	28559
741	2	28560
741	3	28561
741	4	28562
741	4	28563
741	4	28564
741	4	28565
741	4	28566
741	4	28567
741	4	28568
741	4	28569
741	4	28570
741	4	28571
741	4	28572
741	4	28573
741	4	28574
741	4	28575
741	4	28576
741	4	28577
741	4	28578
741	4	28579
741	5	28580
741	5	28581
741	5	28582
741	5	28583
741	5	28584
741	6	28585
742	0	28586
742	1	28587
742	2	28588
742	2	28589
742	4	28590
742	4	28591
742	4	28592
742	4	28593
742	4	28594
742	4	28595
742	4	28596
742	4	28597
742	4	28598
742	4	28599
742	4	28600
742	4	28601
742	4	28602
742	5	28603
742	5	28604
742	5	28605
742	5	28606
742	5	28607
742	6	28608
743	0	28609
743	0	28610
743	1	28611
743	2	28612
743	4	28613
743	4	28614
743	4	28615
743	4	28616
743	4	28617
743	4	28618
743	4	28619
743	4	28620
743	4	28621
743	6	28622
744	0	28623
744	1	28624
744	1	28625
744	2	28626
744	2	28627
744	3	28628
744	4	28629
744	4	28630
744	4	28631
744	4	28632
744	4	28633
744	4	28634
744	4	28635
744	4	28636
744	4	28637
744	4	28638
744	4	28639
744	4	28640
744	4	28641
744	4	28642
744	5	28643
744	6	28644
745	1	28645
745	1	28646
745	4	28647
745	4	28648
745	4	28649
745	4	28650
745	4	28651
745	4	28652
745	4	28653
745	4	28654
745	4	28655
745	4	28656
745	4	28657
745	4	28658
745	4	28659
745	4	28660
745	4	28661
745	4	28662
745	5	28663
745	5	28664
745	5	28665
745	5	28666
745	6	28667
746	0	28668
746	0	28669
746	0	28670
746	1	28671
746	2	28672
746	2	28673
746	2	28674
746	2	28675
746	4	28676
746	4	28677
746	4	28678
746	4	28679
746	4	28680
746	4	28681
746	4	28682
746	4	28683
746	4	28684
746	4	28685
746	4	28686
746	4	28687
746	4	28688
746	4	28689
746	4	28690
746	4	28691
746	4	28692
746	4	28693
746	6	28694
746	6	28695
747	0	28696
747	0	28697
747	1	28698
747	2	28699
747	2	28700
747	2	28701
747	4	28702
747	4	28703
747	4	28704
747	4	28705
747	4	28706
747	4	28707
747	4	28708
747	4	28709
747	5	28710
747	6	28711
748	0	28712
748	1	28713
748	3	28714
748	4	28715
748	4	28716
748	4	28717
748	4	28718
748	4	28719
748	4	28720
748	4	28721
748	4	28722
748	4	28723
748	4	28724
748	4	28725
748	4	28726
748	4	28727
748	4	28728
748	4	28729
748	4	28730
748	4	28731
748	4	28732
748	5	28733
748	5	28734
748	5	28735
748	5	28736
748	6	28737
749	0	28738
749	0	28739
749	1	28740
749	2	28741
749	2	28742
749	3	28743
749	4	28744
749	4	28745
749	4	28746
749	4	28747
749	4	28748
749	4	28749
749	4	28750
749	4	28751
749	4	28752
749	4	28753
749	4	28754
749	4	28755
749	4	28756
749	4	28757
749	4	28758
749	4	28759
749	4	28760
749	5	28761
749	5	28762
749	5	28763
749	5	28764
749	6	28765
750	0	28766
750	0	28767
750	2	28768
750	2	28769
750	2	28770
750	2	28771
750	3	28772
750	4	28773
750	4	28774
750	4	28775
750	4	28776
750	4	28777
750	4	28778
750	4	28779
750	4	28780
750	4	28781
750	4	28782
750	4	28783
750	5	28784
750	5	28785
750	5	28786
750	5	28787
750	5	28788
750	5	28789
750	5	28790
750	5	28791
750	6	28792
751	0	28793
751	1	28794
751	2	28795
751	3	28796
751	4	28797
751	4	28798
751	4	28799
751	4	28800
751	4	28801
751	4	28802
751	4	28803
751	4	28804
751	4	28805
751	4	28806
751	4	28807
751	4	28808
751	4	28809
751	4	28810
751	4	28811
751	4	28812
751	4	28813
751	4	28814
751	5	28815
751	5	28816
751	5	28817
751	6	28818
752	0	28819
752	0	28820
752	1	28821
752	1	28822
752	2	28823
752	3	28824
752	4	28825
752	4	28826
752	4	28827
752	4	28828
752	4	28829
752	4	28830
752	4	28831
752	4	28832
752	4	28833
752	4	28834
752	4	28835
752	4	28836
752	4	28837
752	4	28838
752	4	28839
752	4	28840
752	4	28841
752	4	28842
752	4	28843
752	4	28844
752	5	28845
752	5	28846
752	5	28847
752	5	28848
752	6	28849
753	0	28850
753	0	28851
753	0	28852
753	1	28853
753	2	28854
753	2	28855
753	2	28856
753	3	28857
753	4	28858
753	4	28859
753	4	28860
753	4	28861
753	4	28862
753	4	28863
753	4	28864
753	4	28865
753	4	28866
753	4	28867
753	4	28868
753	4	28869
753	4	28870
753	4	28871
753	4	28872
753	4	28873
753	4	28874
753	4	28875
753	4	28876
753	4	28877
753	4	28878
753	4	28879
753	4	28880
753	4	28881
753	4	28882
753	4	28883
753	4	28884
753	4	28885
753	4	28886
753	4	28887
753	4	28888
753	4	28889
753	4	28890
753	4	28891
753	4	28892
753	4	28893
753	4	28894
753	4	28895
753	4	28896
753	4	28897
753	4	28898
753	4	28899
753	4	28900
753	4	28901
753	4	28902
753	4	28903
753	4	28904
753	4	28905
753	4	28906
753	4	28907
753	4	28908
753	4	28909
753	4	28910
753	4	28911
753	4	28912
753	4	28913
753	4	28914
753	4	28915
753	4	28916
753	4	28917
753	4	28918
753	4	28919
753	4	28920
753	4	28921
753	4	28922
753	4	28923
753	4	28924
753	4	28925
753	4	28926
753	4	28927
753	4	28928
753	4	28929
753	4	28930
753	4	28931
753	4	28932
753	4	28933
753	4	28934
753	4	28935
753	5	28936
753	5	28937
753	5	28938
753	5	28939
753	5	28940
753	6	28941
754	0	28942
754	0	28943
754	1	28944
754	2	28945
754	3	28946
754	4	28947
754	4	28948
754	4	28949
754	4	28950
754	4	28951
754	4	28952
754	4	28953
754	4	28954
754	4	28955
754	4	28956
754	4	28957
754	4	28958
754	4	28959
754	4	28960
754	4	28961
754	4	28962
754	4	28963
754	4	28964
754	4	28965
754	5	28966
754	5	28967
754	5	28968
754	5	28969
754	5	28970
754	6	28971
755	1	28972
755	2	28973
755	4	28974
755	4	28975
755	4	28976
755	4	28977
755	4	28978
755	4	28979
755	4	28980
755	4	28981
755	4	28982
755	4	28983
755	4	28984
755	4	28985
755	4	28986
755	5	28987
755	5	28988
755	5	28989
755	5	28990
755	5	28991
755	5	28992
755	6	28993
756	4	28994
756	4	28995
756	4	28996
756	4	28997
756	4	28998
756	4	28999
756	4	29000
756	4	29001
756	4	29002
756	4	29003
756	4	29004
756	4	29005
756	4	29006
756	4	29007
756	4	29008
756	4	29009
756	4	29010
756	4	29011
756	4	29012
756	4	29013
756	4	29014
756	4	29015
756	4	29016
756	4	29017
756	4	29018
757	4	29019
757	4	29020
757	4	29021
757	4	29022
757	4	29023
757	4	29024
757	4	29025
757	4	29026
757	4	29027
757	4	29028
757	4	29029
758	1	29030
758	2	29031
758	3	29032
758	4	29033
758	4	29034
758	4	29035
758	4	29036
758	4	29037
758	4	29038
758	4	29039
758	4	29040
758	4	29041
758	4	29042
758	4	29043
758	4	29044
758	4	29045
758	4	29046
758	4	29047
758	4	29048
758	4	29049
758	4	29050
758	4	29051
758	4	29052
758	4	29053
758	4	29054
758	5	29055
758	5	29056
758	5	29057
758	5	29058
758	5	29059
758	5	29060
758	6	29061
759	0	29062
759	0	29063
759	1	29064
759	2	29065
759	4	29066
759	4	29067
759	4	29068
759	4	29069
759	4	29070
759	4	29071
759	4	29072
759	4	29073
759	4	29074
759	4	29075
759	4	29076
759	4	29077
759	4	29078
759	4	29079
759	4	29080
759	4	29081
759	4	29082
759	4	29083
759	4	29084
759	4	29085
759	4	29086
759	4	29087
759	4	29088
759	4	29089
759	4	29090
759	4	29091
759	4	29092
759	4	29093
759	4	29094
759	5	29095
759	5	29096
759	5	29097
759	5	29098
759	5	29099
759	5	29100
759	6	29101
760	0	29102
760	0	29103
760	1	29104
760	2	29105
760	3	29106
760	4	29107
760	4	29108
760	4	29109
760	4	29110
760	4	29111
760	4	29112
760	4	29113
760	4	29114
760	4	29115
760	4	29116
760	4	29117
760	4	29118
760	4	29119
760	4	29120
760	4	29121
760	4	29122
760	4	29123
760	4	29124
760	5	29125
760	5	29126
760	5	29127
760	5	29128
760	5	29129
760	5	29130
760	5	29131
760	5	29132
760	5	29133
760	6	29134
761	1	29135
761	4	29136
761	4	29137
761	4	29138
761	4	29139
761	4	29140
761	4	29141
761	4	29142
761	4	29143
761	4	29144
761	4	29145
761	4	29146
761	4	29147
761	4	29148
761	4	29149
761	4	29150
761	4	29151
761	4	29152
761	4	29153
761	4	29154
761	4	29155
761	4	29156
761	4	29157
761	4	29158
761	5	29159
761	5	29160
761	5	29161
761	5	29162
761	6	29163
762	0	29164
762	1	29165
762	2	29166
762	3	29167
762	4	29168
762	4	29169
762	4	29170
762	4	29171
762	4	29172
762	4	29173
762	4	29174
762	4	29175
762	4	29176
762	4	29177
762	4	29178
762	4	29179
762	4	29180
762	5	29181
762	5	29182
762	5	29183
762	5	29184
762	5	29185
762	6	29186
763	0	29187
763	0	29188
763	1	29189
763	2	29190
763	2	29191
763	2	29192
763	3	29193
763	4	29194
763	4	29195
763	4	29196
763	4	29197
763	4	29198
763	4	29199
763	4	29200
763	4	29201
763	4	29202
763	4	29203
763	4	29204
763	4	29205
763	4	29206
763	4	29207
763	4	29208
763	4	29209
763	4	29210
763	4	29211
763	4	29212
763	4	29213
763	4	29214
763	4	29215
763	4	29216
763	4	29217
763	4	29218
763	4	29219
763	4	29220
763	4	29221
763	4	29222
763	4	29223
763	4	29224
763	5	29225
763	5	29226
763	5	29227
763	5	29228
763	5	29229
763	5	29230
763	5	29231
763	6	29232
764	0	29233
764	0	29234
764	1	29235
764	2	29236
764	3	29237
764	4	29238
764	4	29239
764	4	29240
764	4	29241
764	4	29242
764	4	29243
764	4	29244
764	4	29245
764	4	29246
764	4	29247
764	4	29248
764	4	29249
764	4	29250
764	4	29251
764	4	29252
764	4	29253
764	4	29254
764	4	29255
764	4	29256
764	4	29257
764	5	29258
764	5	29259
764	5	29260
764	5	29261
764	6	29262
765	0	29263
765	1	29264
765	2	29265
765	3	29266
765	4	29267
765	4	29268
765	4	29269
765	4	29270
765	4	29271
765	4	29272
765	4	29273
765	4	29274
765	4	29275
765	4	29276
765	4	29277
765	4	29278
765	4	29279
765	4	29280
765	4	29281
765	4	29282
765	4	29283
765	4	29284
765	4	29285
765	4	29286
765	4	29287
765	4	29288
765	4	29289
765	4	29290
765	4	29291
765	5	29292
765	5	29293
765	5	29294
765	5	29295
765	6	29296
766	1	29297
766	2	29298
766	3	29299
766	4	29300
766	4	29301
766	4	29302
766	4	29303
766	4	29304
766	4	29305
766	4	29306
766	4	29307
766	4	29308
766	4	29309
766	4	29310
766	4	29311
766	4	29312
766	4	29313
766	4	29314
766	4	29315
766	4	29316
766	4	29317
766	4	29318
766	4	29319
766	4	29320
766	4	29321
766	4	29322
766	4	29323
766	4	29324
766	4	29325
766	4	29326
766	4	29327
766	4	29328
766	4	29329
766	5	29330
766	5	29331
766	5	29332
766	5	29333
766	6	29334
767	0	29335
767	1	29336
767	2	29337
767	2	29338
767	3	29339
767	4	29340
767	4	29341
767	4	29342
767	4	29343
767	4	29344
767	4	29345
767	4	29346
767	4	29347
767	4	29348
767	4	29349
767	4	29350
767	4	29351
767	4	29352
767	4	29353
767	4	29354
767	4	29355
767	5	29356
767	5	29357
767	6	29358
768	0	29359
768	0	29360
768	1	29361
768	2	29362
768	2	29363
768	2	29364
768	2	29365
768	3	29366
768	4	29367
768	4	29368
768	4	29369
768	4	29370
768	4	29371
768	4	29372
768	4	29373
768	4	29374
768	4	29375
768	4	29376
768	4	29377
768	4	29378
768	4	29379
768	4	29380
768	4	29381
768	4	29382
768	4	29383
768	4	29384
768	4	29385
768	4	29386
768	4	29387
768	5	29388
768	5	29389
768	5	29390
768	6	29391
769	0	29392
769	1	29393
769	2	29394
769	2	29395
769	3	29396
769	4	29397
769	4	29398
769	4	29399
769	4	29400
769	4	29401
769	4	29402
769	4	29403
769	4	29404
769	4	29405
769	4	29406
769	4	29407
769	4	29408
769	4	29409
769	4	29410
769	4	29411
769	4	29412
769	5	29413
769	5	29414
769	6	29415
770	0	29416
770	1	29417
770	2	29418
770	3	29419
770	4	29420
770	4	29421
770	4	29422
770	4	29423
770	4	29424
770	4	29425
770	4	29426
770	4	29427
770	4	29428
770	4	29429
770	4	29430
770	4	29431
770	4	29432
770	4	29433
770	4	29434
770	4	29435
770	4	29436
770	5	29437
770	5	29438
770	5	29439
770	5	29440
770	5	29441
770	5	29442
770	6	29443
771	0	29444
771	0	29445
771	1	29446
771	4	29447
771	4	29448
771	4	29449
771	4	29450
771	4	29451
771	4	29452
771	4	29453
771	4	29454
771	4	29455
771	4	29456
771	4	29457
771	4	29458
771	4	29459
771	4	29460
771	4	29461
771	4	29462
771	5	29463
771	5	29464
771	5	29465
771	5	29466
771	5	29467
771	6	29468
772	0	29469
772	0	29470
772	1	29471
772	2	29472
772	3	29473
772	4	29474
772	4	29475
772	4	29476
772	4	29477
772	4	29478
772	4	29479
772	4	29480
772	4	29481
772	4	29482
772	4	29483
772	4	29484
772	4	29485
772	4	29486
772	4	29487
772	4	29488
772	4	29489
772	4	29490
772	4	29491
772	4	29492
772	4	29493
772	5	29494
772	5	29495
772	5	29496
772	5	29497
772	5	29498
772	5	29499
772	6	29500
773	0	29501
773	0	29502
773	1	29503
773	2	29504
773	2	29505
773	3	29506
773	4	29507
773	4	29508
773	4	29509
773	4	29510
773	4	29511
773	4	29512
773	4	29513
773	4	29514
773	4	29515
773	4	29516
773	4	29517
773	4	29518
773	4	29519
773	4	29520
773	4	29521
773	4	29522
773	4	29523
773	4	29524
773	5	29525
773	5	29526
773	5	29527
773	5	29528
773	5	29529
773	5	29530
773	6	29531
774	0	29532
774	1	29533
774	2	29534
774	4	29535
774	4	29536
774	4	29537
774	4	29538
774	4	29539
774	4	29540
774	4	29541
774	4	29542
774	4	29543
774	4	29544
774	4	29545
774	4	29546
774	4	29547
774	4	29548
774	4	29549
774	4	29550
774	4	29551
774	4	29552
774	4	29553
774	4	29554
774	4	29555
774	4	29556
774	4	29557
774	4	29558
774	4	29559
774	4	29560
774	4	29561
774	4	29562
774	4	29563
774	4	29564
774	4	29565
774	4	29566
774	4	29567
774	4	29568
774	4	29569
774	4	29570
774	5	29571
774	5	29572
774	5	29573
774	5	29574
774	5	29575
774	5	29576
774	5	29577
774	5	29578
774	6	29579
775	0	29580
775	0	29581
775	0	29582
775	1	29583
775	2	29584
775	3	29585
775	4	29586
775	4	29587
775	4	29588
775	4	29589
775	4	29590
775	4	29591
775	4	29592
775	4	29593
775	4	29594
775	4	29595
775	4	29596
775	4	29597
775	4	29598
775	4	29599
775	4	29600
775	4	29601
775	4	29602
775	4	29603
775	4	29604
775	4	29605
775	4	29606
775	4	29607
775	4	29608
775	4	29609
775	5	29610
775	5	29611
775	5	29612
775	5	29613
775	5	29614
775	5	29615
775	6	29616
776	0	29617
776	1	29618
776	2	29619
776	3	29620
776	4	29621
776	4	29622
776	4	29623
776	4	29624
776	4	29625
776	4	29626
776	4	29627
776	4	29628
776	4	29629
776	4	29630
776	4	29631
776	4	29632
776	4	29633
776	4	29634
776	4	29635
776	4	29636
776	5	29637
776	5	29638
776	5	29639
776	5	29640
776	5	29641
776	5	29642
776	6	29643
777	0	29644
777	1	29645
777	2	29646
777	2	29647
777	4	29648
777	4	29649
777	4	29650
777	4	29651
777	4	29652
777	4	29653
777	4	29654
777	4	29655
777	4	29656
777	4	29657
777	4	29658
777	4	29659
777	4	29660
777	5	29661
777	5	29662
777	5	29663
777	5	29664
777	5	29665
777	5	29666
777	5	29667
777	5	29668
777	5	29669
777	6	29670
778	0	29671
778	0	29672
778	1	29673
778	2	29674
778	2	29675
778	3	29676
778	4	29677
778	4	29678
778	4	29679
778	4	29680
778	4	29681
778	4	29682
778	4	29683
778	4	29684
778	4	29685
778	4	29686
778	4	29687
778	4	29688
778	4	29689
778	4	29690
778	4	29691
778	4	29692
778	4	29693
778	4	29694
778	4	29695
778	4	29696
778	4	29697
778	4	29698
778	4	29699
778	4	29700
778	4	29701
778	4	29702
778	4	29703
778	4	29704
778	5	29705
778	5	29706
778	5	29707
778	5	29708
778	5	29709
778	5	29710
778	6	29711
779	4	29712
779	4	29713
779	4	29714
779	4	29715
779	4	29716
779	4	29717
779	4	29718
779	4	29719
779	4	29720
779	4	29721
779	4	29722
779	4	29723
779	4	29724
780	0	29725
780	2	29726
780	2	29727
780	2	29728
780	4	29729
780	4	29730
780	4	29731
780	4	29732
780	4	29733
780	4	29734
780	4	29735
780	4	29736
780	4	29737
780	4	29738
780	4	29739
780	4	29740
780	4	29741
780	4	29742
780	4	29743
780	4	29744
780	4	29745
780	4	29746
780	4	29747
780	4	29748
780	4	29749
780	4	29750
780	4	29751
780	4	29752
780	4	29753
780	4	29754
780	4	29755
780	4	29756
780	4	29757
780	4	29758
780	4	29759
780	4	29760
780	4	29761
780	5	29762
780	5	29763
780	5	29764
780	5	29765
780	6	29766
781	0	29767
781	2	29768
781	3	29769
781	4	29770
781	4	29771
781	4	29772
781	4	29773
781	4	29774
781	4	29775
781	4	29776
781	4	29777
781	4	29778
781	4	29779
781	4	29780
781	4	29781
781	4	29782
781	4	29783
781	4	29784
781	4	29785
781	4	29786
781	4	29787
781	4	29788
781	4	29789
781	4	29790
781	4	29791
781	4	29792
781	4	29793
781	4	29794
781	4	29795
781	4	29796
781	4	29797
781	5	29798
781	5	29799
781	6	29800
782	0	29801
782	0	29802
782	2	29803
782	2	29804
782	3	29805
782	4	29806
782	4	29807
782	4	29808
782	4	29809
782	4	29810
782	4	29811
782	4	29812
782	4	29813
782	4	29814
782	4	29815
782	4	29816
782	4	29817
782	4	29818
782	4	29819
782	4	29820
782	4	29821
782	4	29822
782	4	29823
782	4	29824
782	4	29825
782	4	29826
782	4	29827
782	4	29828
782	4	29829
782	4	29830
782	4	29831
782	5	29832
782	5	29833
782	5	29834
782	6	29835
783	0	29836
783	2	29837
783	3	29838
783	4	29839
783	4	29840
783	4	29841
783	4	29842
783	4	29843
783	4	29844
783	4	29845
783	4	29846
783	4	29847
783	4	29848
783	4	29849
783	4	29850
783	4	29851
783	4	29852
783	4	29853
783	4	29854
783	4	29855
783	4	29856
783	4	29857
783	4	29858
783	5	29859
783	5	29860
783	5	29861
783	5	29862
783	5	29863
783	5	29864
783	5	29865
783	5	29866
783	5	29867
783	5	29868
783	5	29869
783	5	29870
783	6	29871
784	1	29872
784	2	29873
784	4	29874
784	4	29875
784	4	29876
784	4	29877
784	4	29878
784	4	29879
784	4	29880
784	4	29881
784	4	29882
784	4	29883
784	4	29884
784	4	29885
784	4	29886
784	4	29887
784	4	29888
784	4	29889
784	4	29890
784	4	29891
784	4	29892
784	4	29893
784	4	29894
784	4	29895
784	4	29896
784	4	29897
784	4	29898
784	4	29899
784	4	29900
784	4	29901
784	4	29902
784	4	29903
784	4	29904
784	4	29905
784	4	29906
784	4	29907
784	4	29908
784	4	29909
784	4	29910
784	4	29911
784	4	29912
784	4	29913
784	4	29914
784	4	29915
784	4	29916
784	4	29917
784	5	29918
784	5	29919
784	5	29920
784	5	29921
785	0	29922
785	1	29923
785	2	29924
785	3	29925
785	4	29926
785	4	29927
785	4	29928
785	4	29929
785	4	29930
785	4	29931
785	4	29932
785	4	29933
785	4	29934
785	4	29935
785	4	29936
785	4	29937
785	4	29938
785	4	29939
785	4	29940
785	4	29941
785	4	29942
785	4	29943
785	4	29944
785	4	29945
785	4	29946
785	5	29947
785	5	29948
785	5	29949
785	5	29950
785	5	29951
785	5	29952
785	5	29953
785	5	29954
785	5	29955
785	6	29956
786	0	29957
786	1	29958
786	2	29959
786	3	29960
786	4	29961
786	4	29962
786	4	29963
786	4	29964
786	4	29965
786	4	29966
786	4	29967
786	4	29968
786	4	29969
786	4	29970
786	4	29971
786	4	29972
786	4	29973
786	4	29974
786	4	29975
786	4	29976
786	4	29977
786	4	29978
786	4	29979
786	4	29980
786	4	29981
786	4	29982
786	4	29983
786	5	29984
786	5	29985
786	5	29986
786	5	29987
786	5	29988
786	5	29989
786	6	29990
787	0	29991
787	0	29992
787	1	29993
787	3	29994
787	4	29995
787	4	29996
787	4	29997
787	4	29998
787	4	29999
787	4	30000
787	4	30001
787	4	30002
787	4	30003
787	4	30004
787	4	30005
787	4	30006
787	4	30007
787	4	30008
787	4	30009
787	4	30010
787	4	30011
787	4	30012
787	4	30013
787	4	30014
787	4	30015
787	4	30016
787	4	30017
787	4	30018
787	4	30019
787	4	30020
787	5	30021
787	5	30022
787	5	30023
787	5	30024
787	5	30025
787	5	30026
787	5	30027
787	6	30028
788	0	30029
788	0	30030
788	0	30031
788	1	30032
788	2	30033
788	3	30034
788	4	30035
788	4	30036
788	4	30037
788	4	30038
788	4	30039
788	4	30040
788	4	30041
788	4	30042
788	4	30043
788	4	30044
788	4	30045
788	4	30046
788	4	30047
788	4	30048
788	4	30049
788	4	30050
788	4	30051
788	4	30052
788	4	30053
788	4	30054
788	4	30055
788	4	30056
788	4	30057
788	4	30058
788	4	30059
788	4	30060
788	4	30061
788	4	30062
788	4	30063
788	4	30064
788	4	30065
788	5	30066
788	5	30067
788	5	30068
788	5	30069
788	5	30070
788	6	30071
789	0	30072
789	1	30073
789	2	30074
789	3	30075
789	4	30076
789	4	30077
789	4	30078
789	4	30079
789	4	30080
789	4	30081
789	4	30082
789	4	30083
789	4	30084
789	4	30085
789	4	30086
789	4	30087
789	4	30088
789	4	30089
789	4	30090
789	4	30091
789	4	30092
789	4	30093
789	4	30094
789	4	30095
789	4	30096
789	4	30097
789	5	30098
789	5	30099
789	5	30100
789	5	30101
789	5	30102
789	5	30103
789	5	30104
789	5	30105
789	6	30106
790	0	30107
790	0	30108
790	0	30109
790	1	30110
790	1	30111
790	2	30112
790	3	30113
790	4	30114
790	4	30115
790	4	30116
790	4	30117
790	4	30118
790	4	30119
790	4	30120
790	4	30121
790	4	30122
790	4	30123
790	4	30124
790	4	30125
790	4	30126
790	4	30127
790	4	30128
790	4	30129
790	4	30130
790	4	30131
790	4	30132
790	4	30133
790	5	30134
790	5	30135
790	5	30136
790	5	30137
790	5	30138
790	5	30139
790	5	30140
790	5	30141
790	5	30142
790	6	30143
791	0	30144
791	0	30145
791	0	30146
791	0	30147
791	1	30148
791	2	30149
791	2	30150
791	2	30151
791	2	30152
791	3	30153
791	4	30154
791	4	30155
791	4	30156
791	4	30157
791	4	30158
791	4	30159
791	4	30160
791	4	30161
791	4	30162
791	4	30163
791	4	30164
791	4	30165
791	4	30166
791	4	30167
791	4	30168
791	4	30169
791	4	30170
791	4	30171
791	4	30172
791	5	30173
791	5	30174
791	5	30175
791	5	30176
791	5	30177
791	5	30178
791	6	30179
792	0	30180
792	0	30181
792	0	30182
792	1	30183
792	4	30184
792	4	30185
792	4	30186
792	4	30187
792	4	30188
792	4	30189
792	4	30190
792	4	30191
792	4	30192
792	4	30193
792	4	30194
792	4	30195
792	4	30196
792	4	30197
792	4	30198
792	4	30199
792	4	30200
792	4	30201
792	4	30202
792	5	30203
792	5	30204
792	5	30205
792	5	30206
792	6	30207
793	1	30208
793	2	30209
793	2	30210
793	3	30211
793	4	30212
793	4	30213
793	4	30214
793	4	30215
793	4	30216
793	4	30217
793	4	30218
793	4	30219
793	4	30220
793	4	30221
793	4	30222
793	4	30223
793	4	30224
793	4	30225
793	4	30226
793	4	30227
793	4	30228
793	5	30229
793	5	30230
793	5	30231
793	5	30232
793	6	30233
794	4	30234
794	4	30235
794	4	30236
794	4	30237
794	5	30238
794	5	30239
794	5	30240
794	5	30241
795	0	30242
795	1	30243
795	2	30244
795	3	30245
795	4	30246
795	4	30247
795	4	30248
795	4	30249
795	4	30250
795	4	30251
795	4	30252
795	4	30253
795	4	30254
795	4	30255
795	4	30256
795	4	30257
795	4	30258
795	4	30259
795	4	30260
795	4	30261
795	4	30262
795	5	30263
795	5	30264
795	5	30265
795	5	30266
795	5	30267
795	5	30268
796	0	30269
796	1	30270
796	4	30271
796	4	30272
796	4	30273
796	4	30274
796	4	30275
796	4	30276
796	4	30277
796	4	30278
796	4	30279
796	4	30280
796	4	30281
796	5	30282
796	5	30283
796	5	30284
796	5	30285
796	5	30286
797	0	30287
797	1	30288
797	2	30289
797	2	30290
797	3	30291
797	4	30292
797	4	30293
797	4	30294
797	4	30295
797	4	30296
797	4	30297
797	4	30298
797	4	30299
797	4	30300
797	5	30301
797	5	30302
797	5	30303
797	5	30304
797	5	30305
797	5	30306
797	6	30307
798	0	30308
798	1	30309
798	2	30310
798	4	30311
798	4	30312
798	4	30313
798	4	30314
798	4	30315
798	4	30316
798	4	30317
798	4	30318
798	4	30319
798	4	30320
798	4	30321
798	4	30322
798	4	30323
798	5	30324
798	5	30325
798	5	30326
798	6	30327
799	1	30328
799	2	30329
799	3	30330
799	4	30331
799	4	30332
799	4	30333
799	4	30334
799	4	30335
799	4	30336
799	4	30337
799	4	30338
799	5	30339
799	5	30340
799	5	30341
799	5	30342
799	5	30343
799	5	30344
799	6	30345
800	1	30346
800	2	30347
800	2	30348
800	2	30349
800	3	30350
800	4	30351
800	4	30352
800	4	30353
800	4	30354
800	4	30355
800	4	30356
800	4	30357
800	4	30358
800	4	30359
800	4	30360
800	4	30361
800	4	30362
800	4	30363
800	4	30364
800	4	30365
800	4	30366
800	5	30367
800	5	30368
800	5	30369
800	5	30370
800	5	30371
800	5	30372
800	6	30373
801	0	30374
801	0	30375
801	1	30376
801	2	30377
801	3	30378
801	4	30379
801	4	30380
801	4	30381
801	4	30382
801	4	30383
801	4	30384
801	4	30385
801	4	30386
801	4	30387
801	4	30388
801	4	30389
801	4	30390
801	4	30391
801	4	30392
801	4	30393
801	4	30394
801	4	30395
801	4	30396
801	4	30397
801	4	30398
801	4	30399
801	4	30400
801	4	30401
801	4	30402
801	4	30403
801	4	30404
801	4	30405
801	4	30406
801	4	30407
801	4	30408
801	4	30409
801	4	30410
801	4	30411
801	4	30412
801	4	30413
801	4	30414
801	5	30415
801	5	30416
801	5	30417
801	5	30418
801	5	30419
801	6	30420
802	0	30421
802	0	30422
802	0	30423
802	0	30424
802	1	30425
802	2	30426
802	3	30427
802	4	30428
802	4	30429
802	4	30430
802	4	30431
802	4	30432
802	4	30433
802	4	30434
802	4	30435
802	4	30436
802	4	30437
802	4	30438
802	4	30439
802	4	30440
802	4	30441
802	5	30442
802	5	30443
802	5	30444
802	5	30445
802	5	30446
802	5	30447
802	5	30448
802	5	30449
802	5	30450
802	6	30451
803	0	30452
803	1	30453
803	3	30454
803	4	30455
803	4	30456
803	4	30457
803	4	30458
803	4	30459
803	4	30460
803	4	30461
803	4	30462
803	4	30463
803	4	30464
803	4	30465
803	4	30466
803	4	30467
803	4	30468
803	4	30469
803	5	30470
803	5	30471
803	5	30472
803	5	30473
803	5	30474
803	6	30475
804	0	30476
804	0	30477
804	2	30478
804	3	30479
804	4	30480
804	4	30481
804	4	30482
804	4	30483
804	4	30484
804	4	30485
804	4	30486
804	4	30487
804	4	30488
804	4	30489
804	4	30490
804	5	30491
804	5	30492
804	5	30493
804	5	30494
804	5	30495
804	5	30496
804	6	30497
805	0	30498
805	1	30499
805	2	30500
805	3	30501
805	4	30502
805	4	30503
805	4	30504
805	4	30505
805	4	30506
805	4	30507
805	4	30508
805	4	30509
805	4	30510
805	4	30511
805	4	30512
805	4	30513
805	4	30514
805	4	30515
805	4	30516
805	4	30517
805	4	30518
805	5	30519
805	6	30520
806	0	30521
806	0	30522
806	0	30523
806	0	30524
806	1	30525
806	2	30526
806	4	30527
806	4	30528
806	4	30529
806	4	30530
806	4	30531
806	4	30532
806	4	30533
806	4	30534
806	4	30535
806	4	30536
806	4	30537
806	4	30538
806	4	30539
806	4	30540
806	4	30541
806	4	30542
806	5	30543
806	5	30544
806	5	30545
806	5	30546
806	5	30547
806	5	30548
806	5	30549
806	5	30550
806	6	30551
807	0	30552
807	2	30553
807	3	30554
807	4	30555
807	4	30556
807	4	30557
807	4	30558
807	4	30559
807	4	30560
807	4	30561
807	4	30562
807	4	30563
807	4	30564
807	4	30565
807	4	30566
807	4	30567
807	4	30568
807	4	30569
807	4	30570
807	4	30571
807	4	30572
807	4	30573
807	4	30574
807	5	30575
807	5	30576
807	5	30577
807	5	30578
807	5	30579
807	5	30580
807	5	30581
807	5	30582
807	5	30583
807	5	30584
807	6	30585
808	0	30586
808	0	30587
808	0	30588
808	0	30589
808	1	30590
808	2	30591
808	3	30592
808	4	30593
808	4	30594
808	4	30595
808	4	30596
808	4	30597
808	4	30598
808	4	30599
808	4	30600
808	4	30601
808	4	30602
808	4	30603
808	4	30604
808	4	30605
808	4	30606
808	4	30607
808	4	30608
808	4	30609
808	4	30610
808	4	30611
808	4	30612
808	4	30613
808	4	30614
808	4	30615
808	4	30616
808	5	30617
808	5	30618
808	5	30619
808	5	30620
808	5	30621
808	5	30622
808	5	30623
808	5	30624
808	5	30625
808	6	30626
809	0	30627
809	0	30628
809	1	30629
809	2	30630
809	3	30631
809	4	30632
809	4	30633
809	4	30634
809	4	30635
809	4	30636
809	4	30637
809	4	30638
809	4	30639
809	4	30640
809	4	30641
809	4	30642
809	4	30643
809	4	30644
809	5	30645
809	5	30646
809	5	30647
809	5	30648
809	5	30649
809	6	30650
810	0	30651
810	0	30652
810	1	30653
810	2	30654
810	3	30655
810	4	30656
810	4	30657
810	4	30658
810	4	30659
810	4	30660
810	4	30661
810	4	30662
810	4	30663
810	4	30664
810	4	30665
810	4	30666
810	4	30667
810	4	30668
810	4	30669
810	4	30670
810	4	30671
810	4	30672
810	4	30673
810	4	30674
810	4	30675
810	4	30676
810	4	30677
810	4	30678
810	4	30679
810	4	30680
810	4	30681
810	4	30682
810	5	30683
810	5	30684
810	6	30685
811	0	30686
811	1	30687
811	2	30688
811	2	30689
811	2	30690
811	3	30691
811	4	30692
811	4	30693
811	4	30694
811	4	30695
811	4	30696
811	4	30697
811	4	30698
811	4	30699
811	4	30700
811	4	30701
811	4	30702
811	4	30703
811	4	30704
811	4	30705
811	4	30706
811	4	30707
811	4	30708
811	4	30709
811	4	30710
811	4	30711
811	4	30712
811	4	30713
811	4	30714
811	5	30715
811	5	30716
811	5	30717
811	5	30718
811	5	30719
811	5	30720
811	6	30721
812	1	30722
812	4	30723
812	4	30724
812	5	30725
812	6	30726
813	0	30727
813	1	30728
813	2	30729
813	2	30730
813	3	30731
813	4	30732
813	4	30733
813	4	30734
813	4	30735
813	4	30736
813	4	30737
813	4	30738
813	4	30739
813	4	30740
813	4	30741
813	4	30742
813	4	30743
813	4	30744
813	4	30745
813	4	30746
813	4	30747
813	4	30748
813	4	30749
813	4	30750
813	4	30751
813	4	30752
813	4	30753
813	4	30754
813	5	30755
813	5	30756
813	5	30757
813	5	30758
813	5	30759
813	5	30760
813	5	30761
813	6	30762
814	1	30763
814	4	30764
814	4	30765
814	4	30766
814	4	30767
814	4	30768
814	4	30769
814	4	30770
814	4	30771
814	4	30772
814	4	30773
814	4	30774
814	4	30775
814	4	30776
814	4	30777
814	5	30778
814	5	30779
814	5	30780
814	5	30781
814	5	30782
814	5	30783
814	6	30784
815	0	30785
815	1	30786
815	3	30787
815	4	30788
815	4	30789
815	4	30790
815	4	30791
815	4	30792
815	4	30793
815	4	30794
815	4	30795
815	4	30796
815	4	30797
815	4	30798
815	4	30799
815	4	30800
815	4	30801
815	4	30802
815	4	30803
815	4	30804
815	4	30805
815	4	30806
815	4	30807
815	4	30808
815	4	30809
815	5	30810
815	5	30811
815	6	30812
816	1	30813
816	2	30814
816	3	30815
816	4	30816
816	4	30817
816	4	30818
816	4	30819
816	4	30820
816	4	30821
816	4	30822
816	4	30823
816	4	30824
816	4	30825
816	4	30826
816	4	30827
816	4	30828
816	4	30829
816	4	30830
816	4	30831
816	4	30832
816	4	30833
816	4	30834
816	4	30835
816	4	30836
816	4	30837
816	4	30838
816	4	30839
816	4	30840
816	4	30841
816	4	30842
816	4	30843
816	4	30844
816	4	30845
816	4	30846
816	4	30847
816	5	30848
816	5	30849
816	5	30850
816	5	30851
816	5	30852
816	5	30853
816	5	30854
816	5	30855
816	6	30856
817	0	30857
817	0	30858
817	1	30859
817	2	30860
817	3	30861
817	4	30862
817	4	30863
817	4	30864
817	4	30865
817	4	30866
817	4	30867
817	4	30868
817	4	30869
817	4	30870
817	4	30871
817	4	30872
817	4	30873
817	4	30874
817	4	30875
817	4	30876
817	4	30877
817	4	30878
817	4	30879
817	4	30880
817	4	30881
817	4	30882
817	4	30883
817	4	30884
817	4	30885
817	4	30886
817	5	30887
817	5	30888
817	5	30889
817	5	30890
817	5	30891
817	5	30892
817	5	30893
817	5	30894
817	5	30895
817	5	30896
817	5	30897
817	5	30898
817	6	30899
818	0	30900
818	1	30901
818	2	30902
818	2	30903
818	3	30904
818	4	30905
818	4	30906
818	4	30907
818	4	30908
818	4	30909
818	4	30910
818	4	30911
818	4	30912
818	4	30913
818	4	30914
818	5	30915
818	5	30916
818	5	30917
818	5	30918
818	5	30919
818	5	30920
818	6	30921
819	0	30922
819	1	30923
819	2	30924
819	3	30925
819	4	30926
819	4	30927
819	4	30928
819	4	30929
819	4	30930
819	4	30931
819	4	30932
819	4	30933
819	4	30934
819	4	30935
819	4	30936
819	4	30937
819	4	30938
819	4	30939
819	4	30940
819	4	30941
819	4	30942
819	4	30943
819	4	30944
819	4	30945
819	4	30946
819	4	30947
819	4	30948
819	6	30949
820	0	30950
820	1	30951
820	2	30952
820	3	30953
820	4	30954
820	4	30955
820	4	30956
820	4	30957
820	4	30958
820	4	30959
820	4	30960
820	4	30961
820	4	30962
820	4	30963
820	4	30964
820	4	30965
820	4	30966
820	4	30967
820	4	30968
820	4	30969
820	4	30970
820	4	30971
820	4	30972
820	4	30973
820	5	30974
820	5	30975
820	5	30976
820	5	30977
820	5	30978
820	5	30979
820	6	30980
821	0	30981
821	1	30982
821	1	30983
821	2	30984
821	3	30985
821	4	30986
821	4	30987
821	4	30988
821	4	30989
821	4	30990
821	4	30991
821	4	30992
821	4	30993
821	4	30994
821	4	30995
821	4	30996
821	4	30997
821	4	30998
821	4	30999
821	4	31000
821	4	31001
821	4	31002
821	4	31003
821	4	31004
821	4	31005
821	4	31006
821	4	31007
821	4	31008
821	4	31009
821	4	31010
821	4	31011
821	4	31012
821	4	31013
821	4	31014
821	4	31015
821	4	31016
821	4	31017
821	5	31018
821	5	31019
821	5	31020
821	5	31021
821	5	31022
821	5	31023
821	5	31024
821	6	31025
822	0	31026
822	1	31027
822	2	31028
822	3	31029
822	4	31030
822	4	31031
822	4	31032
822	4	31033
822	4	31034
822	4	31035
822	4	31036
822	4	31037
822	4	31038
822	4	31039
822	4	31040
822	4	31041
822	4	31042
822	4	31043
822	5	31044
822	5	31045
822	5	31046
822	5	31047
822	6	31048
823	4	31049
823	4	31050
823	4	31051
823	4	31052
823	4	31053
823	4	31054
823	4	31055
823	4	31056
823	4	31057
823	4	31058
823	4	31059
823	4	31060
823	4	31061
823	4	31062
823	4	31063
823	4	31064
823	4	31065
823	4	31066
823	4	31067
823	4	31068
823	4	31069
823	4	31070
823	4	31071
823	4	31072
823	4	31073
824	0	31074
824	0	31075
824	1	31076
824	2	31077
824	3	31078
824	4	31079
824	4	31080
824	4	31081
824	4	31082
824	4	31083
824	4	31084
824	4	31085
824	4	31086
824	4	31087
824	4	31088
824	4	31089
824	4	31090
824	4	31091
824	4	31092
824	4	31093
824	4	31094
824	5	31095
824	5	31096
824	5	31097
824	5	31098
824	5	31099
824	5	31100
824	6	31101
825	0	31102
825	1	31103
825	2	31104
825	2	31105
825	3	31106
825	4	31107
825	4	31108
825	4	31109
825	4	31110
825	4	31111
825	4	31112
825	4	31113
825	4	31114
825	4	31115
825	4	31116
825	4	31117
825	4	31118
825	4	31119
825	4	31120
825	5	31121
825	5	31122
825	5	31123
825	5	31124
825	5	31125
825	6	31126
826	0	31127
826	0	31128
826	0	31129
826	1	31130
826	1	31131
826	3	31132
826	4	31133
826	4	31134
826	4	31135
826	4	31136
826	4	31137
826	4	31138
826	4	31139
826	4	31140
826	4	31141
826	4	31142
826	4	31143
826	4	31144
826	4	31145
826	4	31146
826	4	31147
826	4	31148
826	4	31149
826	4	31150
826	4	31151
826	4	31152
826	5	31153
826	5	31154
826	5	31155
826	5	31156
826	5	31157
826	5	31158
826	6	31159
827	0	31160
827	0	31161
827	0	31162
827	1	31163
827	2	31164
827	3	31165
827	4	31166
827	4	31167
827	4	31168
827	4	31169
827	4	31170
827	4	31171
827	4	31172
827	4	31173
827	4	31174
827	4	31175
827	4	31176
827	4	31177
827	4	31178
827	4	31179
827	4	31180
827	4	31181
827	4	31182
827	4	31183
827	4	31184
827	4	31185
827	4	31186
827	5	31187
827	5	31188
827	5	31189
827	5	31190
827	5	31191
827	5	31192
827	6	31193
828	0	31194
828	1	31195
828	2	31196
828	2	31197
828	3	31198
828	4	31199
828	4	31200
828	4	31201
828	4	31202
828	4	31203
828	4	31204
828	4	31205
828	4	31206
828	4	31207
828	4	31208
828	4	31209
828	4	31210
828	4	31211
828	4	31212
828	4	31213
828	4	31214
828	4	31215
828	4	31216
828	4	31217
828	5	31218
828	5	31219
828	5	31220
828	5	31221
828	5	31222
828	5	31223
828	6	31224
829	0	31225
829	0	31226
829	1	31227
829	1	31228
829	2	31229
829	3	31230
829	4	31231
829	4	31232
829	4	31233
829	4	31234
829	4	31235
829	4	31236
829	4	31237
829	4	31238
829	4	31239
829	4	31240
829	4	31241
829	4	31242
829	4	31243
829	4	31244
829	4	31245
829	4	31246
829	4	31247
829	4	31248
829	5	31249
829	5	31250
829	5	31251
829	5	31252
829	5	31253
829	5	31254
829	5	31255
829	5	31256
829	6	31257
830	0	31258
830	1	31259
830	2	31260
830	3	31261
830	4	31262
830	4	31263
830	4	31264
830	4	31265
830	4	31266
830	4	31267
830	4	31268
830	4	31269
830	4	31270
830	4	31271
830	4	31272
830	4	31273
830	4	31274
830	4	31275
830	4	31276
830	4	31277
830	4	31278
830	4	31279
830	4	31280
830	4	31281
830	4	31282
830	4	31283
830	4	31284
830	4	31285
830	4	31286
830	5	31287
830	5	31288
830	5	31289
830	5	31290
830	5	31291
830	5	31292
830	5	31293
830	5	31294
830	6	31295
831	0	31296
831	0	31297
831	1	31298
831	2	31299
831	3	31300
831	4	31301
831	4	31302
831	4	31303
831	4	31304
831	4	31305
831	4	31306
831	4	31307
831	4	31308
831	4	31309
831	4	31310
831	4	31311
831	4	31312
831	4	31313
831	4	31314
831	4	31315
831	4	31316
831	4	31317
831	4	31318
831	4	31319
831	4	31320
831	4	31321
831	4	31322
831	4	31323
831	4	31324
831	4	31325
831	4	31326
831	4	31327
831	5	31328
831	5	31329
831	5	31330
831	5	31331
831	5	31332
831	5	31333
831	5	31334
831	5	31335
831	6	31336
832	0	31337
832	1	31338
832	2	31339
832	2	31340
832	3	31341
832	4	31342
832	4	31343
832	4	31344
832	4	31345
832	4	31346
832	4	31347
832	4	31348
832	4	31349
832	4	31350
832	4	31351
832	4	31352
832	4	31353
832	4	31354
832	4	31355
832	4	31356
832	4	31357
832	4	31358
832	4	31359
832	4	31360
832	4	31361
832	4	31362
832	4	31363
832	4	31364
832	4	31365
832	4	31366
832	4	31367
832	4	31368
832	4	31369
832	4	31370
832	5	31371
832	5	31372
832	5	31373
832	5	31374
832	5	31375
832	5	31376
832	5	31377
832	5	31378
832	5	31379
832	6	31380
833	1	31381
833	1	31382
833	1	31383
833	2	31384
833	3	31385
833	4	31386
833	4	31387
833	4	31388
833	4	31389
833	4	31390
833	4	31391
833	4	31392
833	4	31393
833	4	31394
833	4	31395
833	4	31396
833	4	31397
833	4	31398
833	4	31399
833	4	31400
833	4	31401
833	4	31402
833	4	31403
833	4	31404
833	4	31405
833	4	31406
833	4	31407
833	4	31408
833	5	31409
833	5	31410
833	5	31411
833	5	31412
833	5	31413
833	5	31414
833	5	31415
833	5	31416
833	5	31417
833	6	31418
833	6	31419
834	0	31420
834	1	31421
834	2	31422
834	3	31423
834	4	31424
834	4	31425
834	4	31426
834	4	31427
834	4	31428
834	4	31429
834	4	31430
834	4	31431
834	4	31432
834	4	31433
834	5	31434
834	5	31435
834	6	31436
835	0	31437
835	1	31438
835	2	31439
835	3	31440
835	4	31441
835	4	31442
835	4	31443
835	4	31444
835	4	31445
835	4	31446
835	4	31447
835	4	31448
835	4	31449
835	4	31450
835	4	31451
835	4	31452
835	4	31453
835	4	31454
835	4	31455
835	4	31456
835	5	31457
835	5	31458
835	5	31459
835	6	31460
836	1	31461
836	2	31462
836	3	31463
836	4	31464
836	4	31465
836	4	31466
836	4	31467
836	4	31468
836	4	31469
836	4	31470
836	4	31471
836	4	31472
836	4	31473
836	4	31474
836	4	31475
836	4	31476
836	4	31477
836	4	31478
836	4	31479
836	4	31480
836	4	31481
836	4	31482
836	4	31483
836	5	31484
836	5	31485
836	5	31486
836	5	31487
836	5	31488
836	5	31489
836	5	31490
836	5	31491
836	5	31492
836	5	31493
836	5	31494
836	5	31495
836	5	31496
836	5	31497
836	6	31498
837	0	31499
837	0	31500
837	0	31501
837	1	31502
837	3	31503
837	4	31504
837	4	31505
837	4	31506
837	4	31507
837	4	31508
837	4	31509
837	4	31510
837	4	31511
837	4	31512
837	4	31513
837	4	31514
837	4	31515
837	4	31516
837	5	31517
837	5	31518
837	5	31519
837	5	31520
837	6	31521
838	0	31522
838	0	31523
838	1	31524
838	2	31525
838	4	31526
838	4	31527
838	4	31528
838	4	31529
838	4	31530
838	4	31531
838	4	31532
838	4	31533
838	4	31534
838	4	31535
838	4	31536
838	4	31537
838	4	31538
838	4	31539
838	4	31540
838	4	31541
838	4	31542
838	4	31543
838	5	31544
838	5	31545
838	5	31546
838	5	31547
838	5	31548
838	6	31549
839	4	31550
839	4	31551
839	4	31552
839	4	31553
839	4	31554
839	4	31555
839	4	31556
839	4	31557
839	4	31558
839	4	31559
839	4	31560
839	4	31561
839	4	31562
840	2	31563
840	3	31564
840	4	31565
840	4	31566
840	4	31567
840	4	31568
840	4	31569
840	4	31570
840	4	31571
840	4	31572
840	4	31573
840	4	31574
840	4	31575
840	4	31576
840	4	31577
840	4	31578
840	4	31579
840	4	31580
840	4	31581
840	6	31582
841	0	31583
841	1	31584
841	2	31585
841	3	31586
841	4	31587
841	4	31588
841	4	31589
841	4	31590
841	4	31591
841	4	31592
841	4	31593
841	4	31594
841	4	31595
841	4	31596
841	4	31597
841	4	31598
841	4	31599
841	4	31600
841	4	31601
841	4	31602
841	4	31603
841	4	31604
841	4	31605
841	4	31606
841	4	31607
841	4	31608
841	4	31609
841	4	31610
841	4	31611
841	4	31612
841	4	31613
841	4	31614
841	4	31615
841	4	31616
841	5	31617
841	5	31618
841	5	31619
841	5	31620
841	6	31621
842	1	31622
842	2	31623
842	2	31624
842	3	31625
842	4	31626
842	4	31627
842	4	31628
842	4	31629
842	4	31630
842	4	31631
842	4	31632
842	4	31633
842	4	31634
842	4	31635
842	4	31636
842	4	31637
842	4	31638
842	4	31639
842	4	31640
842	4	31641
842	4	31642
842	4	31643
842	4	31644
842	4	31645
842	4	31646
842	4	31647
842	4	31648
842	4	31649
842	4	31650
842	5	31651
842	5	31652
842	6	31653
843	0	31654
843	1	31655
843	2	31656
843	2	31657
843	3	31658
843	4	31659
843	4	31660
843	4	31661
843	4	31662
843	4	31663
843	4	31664
843	4	31665
843	4	31666
843	4	31667
843	4	31668
843	4	31669
843	4	31670
843	4	31671
843	4	31672
843	4	31673
843	4	31674
843	4	31675
843	4	31676
843	4	31677
843	4	31678
843	4	31679
843	4	31680
843	4	31681
843	4	31682
843	4	31683
843	5	31684
843	5	31685
843	5	31686
843	5	31687
843	5	31688
843	5	31689
843	6	31690
844	0	31691
844	1	31692
844	2	31693
844	2	31694
844	3	31695
844	4	31696
844	4	31697
844	4	31698
844	4	31699
844	4	31700
844	4	31701
844	4	31702
844	4	31703
844	4	31704
844	4	31705
844	4	31706
844	4	31707
844	4	31708
844	4	31709
844	4	31710
844	4	31711
844	4	31712
844	4	31713
844	4	31714
844	4	31715
844	4	31716
844	4	31717
844	4	31718
844	4	31719
844	5	31720
844	5	31721
844	5	31722
844	5	31723
844	6	31724
845	0	31725
845	1	31726
845	2	31727
845	3	31728
845	4	31729
845	4	31730
845	4	31731
845	4	31732
845	4	31733
845	4	31734
845	4	31735
845	4	31736
845	4	31737
845	4	31738
845	4	31739
845	4	31740
845	4	31741
845	4	31742
845	4	31743
845	4	31744
845	4	31745
845	4	31746
845	4	31747
845	5	31748
845	5	31749
845	5	31750
845	6	31751
846	1	31752
846	2	31753
846	4	31754
846	4	31755
846	4	31756
846	4	31757
846	4	31758
846	4	31759
846	4	31760
846	4	31761
846	4	31762
846	4	31763
846	4	31764
846	4	31765
846	4	31766
846	5	31767
846	5	31768
846	5	31769
846	5	31770
846	5	31771
846	5	31772
846	5	31773
846	6	31774
847	0	31775
847	1	31776
847	2	31777
847	2	31778
847	3	31779
847	4	31780
847	4	31781
847	4	31782
847	4	31783
847	4	31784
847	4	31785
847	4	31786
847	4	31787
847	4	31788
847	4	31789
847	4	31790
847	4	31791
847	4	31792
847	4	31793
847	4	31794
847	4	31795
847	4	31796
847	4	31797
847	4	31798
847	4	31799
847	4	31800
847	4	31801
847	4	31802
847	4	31803
847	4	31804
847	4	31805
847	4	31806
847	4	31807
847	4	31808
847	4	31809
847	5	31810
847	5	31811
847	5	31812
847	5	31813
847	5	31814
847	5	31815
847	6	31816
848	0	31817
848	1	31818
848	1	31819
848	2	31820
848	3	31821
848	4	31822
848	4	31823
848	4	31824
848	4	31825
848	4	31826
848	4	31827
848	4	31828
848	4	31829
848	4	31830
848	4	31831
848	4	31832
848	5	31833
848	5	31834
848	5	31835
848	5	31836
848	5	31837
848	5	31838
848	6	31839
849	0	31840
849	1	31841
849	2	31842
849	4	31843
849	4	31844
849	4	31845
849	4	31846
849	4	31847
849	4	31848
849	4	31849
849	4	31850
849	4	31851
849	4	31852
849	4	31853
849	4	31854
849	4	31855
849	4	31856
849	4	31857
849	4	31858
849	4	31859
849	4	31860
849	5	31861
849	5	31862
849	5	31863
849	5	31864
849	5	31865
849	5	31866
849	5	31867
849	5	31868
849	5	31869
849	5	31870
849	5	31871
849	6	31872
850	0	31873
850	0	31874
850	0	31875
850	1	31876
850	2	31877
850	3	31878
850	4	31879
850	4	31880
850	4	31881
850	4	31882
850	4	31883
850	4	31884
850	4	31885
850	4	31886
850	4	31887
850	4	31888
850	4	31889
850	4	31890
850	4	31891
850	4	31892
850	4	31893
850	5	31894
850	5	31895
850	5	31896
850	5	31897
850	5	31898
850	5	31899
850	5	31900
850	5	31901
850	6	31902
851	0	31903
851	1	31904
851	2	31905
851	2	31906
851	4	31907
851	4	31908
851	4	31909
851	4	31910
851	4	31911
851	4	31912
851	4	31913
851	4	31914
851	4	31915
851	4	31916
851	5	31917
851	5	31918
851	5	31919
851	5	31920
851	5	31921
851	5	31922
851	6	31923
852	1	31924
852	2	31925
852	3	31926
852	4	31927
852	4	31928
852	4	31929
852	4	31930
852	4	31931
852	4	31932
852	4	31933
852	4	31934
852	4	31935
852	4	31936
852	4	31937
852	4	31938
852	4	31939
852	4	31940
852	4	31941
852	4	31942
852	4	31943
852	4	31944
852	4	31945
852	4	31946
852	4	31947
852	5	31948
852	5	31949
852	5	31950
852	5	31951
852	5	31952
852	5	31953
852	5	31954
852	6	31955
853	0	31956
853	0	31957
853	1	31958
853	2	31959
853	3	31960
853	4	31961
853	4	31962
853	4	31963
853	4	31964
853	4	31965
853	4	31966
853	4	31967
853	4	31968
853	4	31969
853	4	31970
853	4	31971
853	4	31972
853	4	31973
853	4	31974
853	4	31975
853	4	31976
853	4	31977
853	4	31978
853	5	31979
853	5	31980
853	5	31981
853	5	31982
853	5	31983
853	5	31984
853	5	31985
853	5	31986
853	5	31987
853	5	31988
853	6	31989
854	0	31990
854	0	31991
854	1	31992
854	2	31993
854	3	31994
854	4	31995
854	4	31996
854	4	31997
854	4	31998
854	4	31999
854	4	32000
854	4	32001
854	4	32002
854	4	32003
854	4	32004
854	4	32005
854	4	32006
854	4	32007
854	4	32008
854	4	32009
854	4	32010
854	4	32011
854	4	32012
854	5	32013
854	5	32014
854	5	32015
854	5	32016
854	5	32017
854	5	32018
854	6	32019
855	1	32020
855	2	32021
855	3	32022
855	4	32023
855	4	32024
855	4	32025
855	4	32026
855	4	32027
855	4	32028
855	4	32029
855	4	32030
855	4	32031
855	4	32032
855	4	32033
855	4	32034
855	4	32035
855	4	32036
855	4	32037
855	4	32038
855	4	32039
855	4	32040
855	4	32041
855	4	32042
855	4	32043
855	4	32044
855	4	32045
855	4	32046
855	4	32047
855	4	32048
855	4	32049
855	4	32050
855	4	32051
855	4	32052
855	4	32053
855	4	32054
855	4	32055
855	4	32056
855	4	32057
855	4	32058
855	4	32059
855	4	32060
855	4	32061
855	4	32062
855	4	32063
855	4	32064
855	4	32065
855	4	32066
855	5	32067
855	5	32068
855	6	32069
856	0	32070
856	0	32071
856	0	32072
856	0	32073
856	1	32074
856	1	32075
856	3	32076
856	4	32077
856	4	32078
856	4	32079
856	4	32080
856	4	32081
856	4	32082
856	4	32083
856	4	32084
856	4	32085
856	4	32086
856	4	32087
856	4	32088
856	4	32089
856	4	32090
856	4	32091
856	5	32092
856	5	32093
856	5	32094
856	5	32095
856	6	32096
857	0	32097
857	1	32098
857	2	32099
857	3	32100
857	4	32101
857	4	32102
857	4	32103
857	4	32104
857	4	32105
857	4	32106
857	4	32107
857	4	32108
857	4	32109
857	4	32110
857	4	32111
857	4	32112
857	4	32113
857	4	32114
857	4	32115
857	4	32116
857	4	32117
857	4	32118
857	4	32119
857	4	32120
857	4	32121
857	4	32122
857	4	32123
857	4	32124
857	4	32125
857	4	32126
857	4	32127
857	4	32128
857	4	32129
857	6	32130
858	0	32131
858	0	32132
858	0	32133
858	1	32134
858	2	32135
858	2	32136
858	2	32137
858	2	32138
858	4	32139
858	4	32140
858	4	32141
858	4	32142
858	4	32143
858	4	32144
858	4	32145
858	4	32146
858	4	32147
858	4	32148
858	4	32149
858	4	32150
858	4	32151
858	4	32152
858	4	32153
858	4	32154
858	4	32155
858	4	32156
858	4	32157
858	4	32158
858	4	32159
858	4	32160
858	4	32161
858	4	32162
858	4	32163
858	4	32164
858	4	32165
858	4	32166
858	4	32167
858	4	32168
858	4	32169
858	5	32170
858	5	32171
858	5	32172
858	5	32173
858	5	32174
858	5	32175
858	5	32176
858	5	32177
858	5	32178
858	5	32179
858	5	32180
858	5	32181
858	5	32182
858	6	32183
858	6	32184
858	6	32185
859	0	32186
859	1	32187
859	1	32188
859	1	32189
859	1	32190
859	2	32191
859	2	32192
859	2	32193
859	4	32194
859	4	32195
859	4	32196
859	4	32197
859	4	32198
859	4	32199
859	4	32200
859	4	32201
859	4	32202
859	4	32203
859	4	32204
859	4	32205
859	4	32206
859	4	32207
859	4	32208
859	4	32209
859	4	32210
859	4	32211
859	4	32212
859	4	32213
859	4	32214
859	4	32215
859	4	32216
859	4	32217
859	4	32218
859	4	32219
859	4	32220
859	4	32221
859	5	32222
859	5	32223
859	5	32224
859	5	32225
859	5	32226
859	5	32227
859	5	32228
859	6	32229
860	0	32230
860	1	32231
860	4	32232
860	4	32233
860	4	32234
860	4	32235
860	4	32236
860	4	32237
860	4	32238
860	4	32239
860	4	32240
860	4	32241
860	4	32242
860	4	32243
860	4	32244
860	5	32245
860	5	32246
860	5	32247
860	5	32248
860	6	32249
861	1	32250
861	2	32251
861	3	32252
861	4	32253
861	4	32254
861	4	32255
861	4	32256
861	4	32257
861	4	32258
861	4	32259
861	4	32260
861	4	32261
861	4	32262
861	4	32263
861	4	32264
861	4	32265
861	4	32266
861	4	32267
861	5	32268
861	5	32269
861	5	32270
861	5	32271
861	5	32272
861	5	32273
861	5	32274
861	5	32275
861	5	32276
861	5	32277
861	5	32278
861	5	32279
861	5	32280
861	5	32281
861	5	32282
861	6	32283
862	0	32284
862	0	32285
862	0	32286
862	1	32287
862	2	32288
862	3	32289
862	4	32290
862	4	32291
862	4	32292
862	4	32293
862	4	32294
862	4	32295
862	4	32296
862	4	32297
862	4	32298
862	4	32299
862	4	32300
862	4	32301
862	4	32302
862	4	32303
862	5	32304
862	5	32305
862	5	32306
862	5	32307
862	5	32308
862	5	32309
862	5	32310
862	6	32311
863	1	32312
863	1	32313
863	2	32314
863	3	32315
863	4	32316
863	4	32317
863	4	32318
863	4	32319
863	4	32320
863	4	32321
863	4	32322
863	4	32323
863	4	32324
863	4	32325
863	4	32326
863	4	32327
863	4	32328
863	4	32329
863	4	32330
863	4	32331
863	4	32332
863	4	32333
863	4	32334
863	4	32335
863	4	32336
863	4	32337
863	4	32338
863	4	32339
863	4	32340
863	4	32341
863	4	32342
863	5	32343
863	5	32344
863	5	32345
863	5	32346
863	5	32347
863	5	32348
863	5	32349
863	6	32350
864	1	32351
864	2	32352
864	2	32353
864	3	32354
864	3	32355
864	4	32356
864	4	32357
864	4	32358
864	4	32359
864	4	32360
864	4	32361
864	4	32362
864	4	32363
864	4	32364
864	4	32365
864	4	32366
864	5	32367
864	5	32368
864	5	32369
864	5	32370
864	5	32371
864	5	32372
864	5	32373
864	5	32374
864	5	32375
864	5	32376
864	5	32377
864	6	32378
864	6	32379
865	0	32380
865	1	32381
865	2	32382
865	3	32383
865	4	32384
865	4	32385
865	4	32386
865	4	32387
865	4	32388
865	4	32389
865	4	32390
865	4	32391
865	4	32392
865	4	32393
865	4	32394
865	4	32395
865	4	32396
865	5	32397
865	5	32398
865	5	32399
865	5	32400
865	6	32401
866	1	32402
866	3	32403
866	4	32404
866	4	32405
866	4	32406
866	4	32407
866	4	32408
866	4	32409
866	4	32410
866	5	32411
866	5	32412
866	5	32413
866	5	32414
866	5	32415
866	6	32416
867	1	32417
867	2	32418
867	2	32419
867	3	32420
867	4	32421
867	4	32422
867	4	32423
867	4	32424
867	4	32425
867	4	32426
867	4	32427
867	4	32428
867	4	32429
867	4	32430
867	4	32431
867	4	32432
867	4	32433
867	4	32434
867	4	32435
867	4	32436
867	4	32437
867	4	32438
867	4	32439
867	4	32440
867	4	32441
867	4	32442
867	5	32443
867	5	32444
867	6	32445
868	0	32446
868	1	32447
868	1	32448
868	2	32449
868	3	32450
868	4	32451
868	4	32452
868	4	32453
868	4	32454
868	4	32455
868	4	32456
868	4	32457
868	4	32458
868	4	32459
868	4	32460
868	4	32461
868	4	32462
868	4	32463
868	4	32464
868	5	32465
868	5	32466
868	5	32467
868	6	32468
869	1	32469
869	1	32470
869	2	32471
869	2	32472
869	3	32473
869	4	32474
869	4	32475
869	4	32476
869	4	32477
869	4	32478
869	4	32479
869	4	32480
869	4	32481
869	4	32482
869	4	32483
869	4	32484
869	4	32485
869	4	32486
869	4	32487
869	4	32488
869	4	32489
869	4	32490
869	4	32491
869	4	32492
869	4	32493
869	4	32494
869	4	32495
869	4	32496
869	4	32497
869	4	32498
869	4	32499
869	4	32500
869	5	32501
869	6	32502
870	0	32503
870	4	32504
870	4	32505
870	4	32506
870	4	32507
870	4	32508
870	4	32509
870	4	32510
870	4	32511
870	4	32512
870	4	32513
870	5	32514
870	5	32515
870	5	32516
870	5	32517
870	5	32518
870	5	32519
870	5	32520
870	6	32521
871	0	32522
871	0	32523
871	0	32524
871	1	32525
871	2	32526
871	3	32527
871	4	32528
871	4	32529
871	4	32530
871	4	32531
871	4	32532
871	4	32533
871	4	32534
871	4	32535
871	4	32536
871	4	32537
871	4	32538
871	4	32539
871	4	32540
871	4	32541
871	4	32542
871	4	32543
871	4	32544
871	4	32545
871	4	32546
871	4	32547
871	4	32548
871	4	32549
871	4	32550
871	4	32551
871	6	32552
872	0	32553
872	1	32554
872	2	32555
872	3	32556
872	4	32557
872	4	32558
872	4	32559
872	4	32560
872	4	32561
872	4	32562
872	4	32563
872	4	32564
872	4	32565
872	4	32566
872	4	32567
872	4	32568
872	4	32569
872	4	32570
872	5	32571
872	5	32572
872	5	32573
872	6	32574
873	0	32575
873	1	32576
873	1	32577
873	2	32578
873	4	32579
873	4	32580
873	4	32581
873	4	32582
873	4	32583
873	4	32584
873	4	32585
873	4	32586
873	4	32587
873	4	32588
873	4	32589
873	4	32590
873	4	32591
873	4	32592
873	4	32593
873	4	32594
873	5	32595
873	5	32596
873	5	32597
873	5	32598
873	6	32599
874	0	32600
874	1	32601
874	2	32602
874	4	32603
874	4	32604
874	4	32605
874	4	32606
874	4	32607
874	4	32608
874	4	32609
874	4	32610
874	4	32611
874	4	32612
874	4	32613
874	5	32614
874	5	32615
874	5	32616
874	6	32617
875	0	32618
875	1	32619
875	2	32620
875	3	32621
875	4	32622
875	4	32623
875	4	32624
875	4	32625
875	4	32626
875	4	32627
875	4	32628
875	4	32629
875	4	32630
875	4	32631
875	4	32632
875	4	32633
875	4	32634
875	4	32635
875	4	32636
875	4	32637
875	4	32638
875	4	32639
875	4	32640
875	4	32641
875	4	32642
875	5	32643
875	5	32644
875	5	32645
875	5	32646
875	5	32647
875	6	32648
876	0	32649
876	0	32650
876	1	32651
876	2	32652
876	2	32653
876	2	32654
876	2	32655
876	3	32656
876	4	32657
876	4	32658
876	4	32659
876	4	32660
876	4	32661
876	4	32662
876	4	32663
876	4	32664
876	4	32665
876	4	32666
876	4	32667
876	4	32668
876	4	32669
876	4	32670
876	4	32671
876	4	32672
876	4	32673
876	4	32674
876	4	32675
876	4	32676
876	5	32677
876	5	32678
876	5	32679
876	6	32680
877	0	32681
877	1	32682
877	2	32683
877	3	32684
877	4	32685
877	4	32686
877	4	32687
877	4	32688
877	4	32689
877	4	32690
877	4	32691
877	4	32692
877	4	32693
877	4	32694
877	4	32695
877	4	32696
877	4	32697
877	4	32698
877	4	32699
877	5	32700
877	5	32701
877	5	32702
877	6	32703
878	0	32704
878	0	32705
878	1	32706
878	2	32707
878	2	32708
878	3	32709
878	3	32710
878	4	32711
878	4	32712
878	4	32713
878	4	32714
878	4	32715
878	4	32716
878	4	32717
878	4	32718
878	4	32719
878	4	32720
878	4	32721
878	5	32722
878	5	32723
878	5	32724
878	5	32725
878	6	32726
879	0	32727
879	1	32728
879	2	32729
879	2	32730
879	3	32731
879	4	32732
879	4	32733
879	4	32734
879	4	32735
879	4	32736
879	4	32737
879	4	32738
879	4	32739
879	4	32740
879	4	32741
879	4	32742
879	4	32743
879	4	32744
879	5	32745
879	5	32746
879	5	32747
879	5	32748
879	5	32749
879	5	32750
879	6	32751
880	1	32752
880	2	32753
880	3	32754
880	4	32755
880	4	32756
880	4	32757
880	4	32758
880	4	32759
880	4	32760
880	4	32761
880	4	32762
880	4	32763
880	4	32764
880	4	32765
880	4	32766
880	4	32767
880	4	32768
880	4	32769
880	4	32770
880	4	32771
880	4	32772
880	4	32773
880	4	32774
880	4	32775
880	4	32776
880	4	32777
880	6	32778
881	0	32779
881	1	32780
881	2	32781
881	3	32782
881	4	32783
881	4	32784
881	4	32785
881	4	32786
881	4	32787
881	4	32788
881	4	32789
881	4	32790
881	4	32791
881	4	32792
881	4	32793
881	4	32794
881	4	32795
881	4	32796
881	4	32797
881	4	32798
881	4	32799
881	4	32800
881	5	32801
881	5	32802
881	5	32803
881	5	32804
881	5	32805
881	6	32806
882	1	32807
882	2	32808
882	3	32809
882	4	32810
882	4	32811
882	4	32812
882	4	32813
882	4	32814
882	4	32815
882	4	32816
882	4	32817
882	4	32818
882	4	32819
882	4	32820
882	4	32821
882	4	32822
882	4	32823
882	4	32824
882	4	32825
882	4	32826
882	4	32827
882	4	32828
882	4	32829
882	4	32830
882	4	32831
882	5	32832
882	5	32833
882	5	32834
882	5	32835
882	5	32836
882	6	32837
883	0	32838
883	1	32839
883	2	32840
883	4	32841
883	4	32842
883	4	32843
883	4	32844
883	4	32845
883	4	32846
883	4	32847
883	4	32848
883	4	32849
883	4	32850
883	4	32851
883	4	32852
883	4	32853
883	4	32854
883	4	32855
883	4	32856
883	4	32857
883	4	32858
883	4	32859
883	4	32860
883	4	32861
883	4	32862
883	4	32863
883	4	32864
883	4	32865
883	4	32866
883	4	32867
883	4	32868
883	4	32869
883	4	32870
883	4	32871
883	5	32872
883	5	32873
883	5	32874
883	5	32875
883	5	32876
883	6	32877
884	1	32878
884	4	32879
884	4	32880
884	4	32881
884	4	32882
884	4	32883
884	4	32884
884	4	32885
884	4	32886
884	4	32887
884	4	32888
884	5	32889
884	5	32890
884	5	32891
884	5	32892
884	6	32893
885	1	32894
885	2	32895
885	2	32896
885	3	32897
885	4	32898
885	4	32899
885	4	32900
885	4	32901
885	4	32902
885	4	32903
885	4	32904
885	4	32905
885	4	32906
885	4	32907
885	4	32908
885	4	32909
885	4	32910
885	4	32911
885	4	32912
885	4	32913
885	4	32914
885	4	32915
885	4	32916
885	4	32917
885	4	32918
885	4	32919
885	4	32920
885	5	32921
885	5	32922
885	5	32923
885	5	32924
885	5	32925
885	5	32926
885	5	32927
885	6	32928
886	0	32929
886	1	32930
886	2	32931
886	2	32932
886	3	32933
886	4	32934
886	4	32935
886	4	32936
886	4	32937
886	4	32938
886	4	32939
886	4	32940
886	4	32941
886	4	32942
886	4	32943
886	4	32944
886	4	32945
886	4	32946
886	4	32947
886	4	32948
886	4	32949
886	4	32950
886	4	32951
886	4	32952
886	5	32953
886	5	32954
886	5	32955
886	5	32956
886	5	32957
886	6	32958
887	1	32959
887	2	32960
887	3	32961
887	4	32962
887	4	32963
887	4	32964
887	4	32965
887	4	32966
887	4	32967
887	4	32968
887	4	32969
887	4	32970
887	4	32971
887	4	32972
887	4	32973
887	4	32974
887	4	32975
887	5	32976
887	5	32977
887	5	32978
887	6	32979
888	0	32980
888	0	32981
888	0	32982
888	1	32983
888	2	32984
888	3	32985
888	4	32986
888	4	32987
888	4	32988
888	4	32989
888	4	32990
888	4	32991
888	4	32992
888	4	32993
888	4	32994
888	4	32995
888	4	32996
888	4	32997
888	4	32998
888	4	32999
888	4	33000
888	4	33001
888	4	33002
888	4	33003
888	4	33004
888	4	33005
888	4	33006
888	4	33007
888	4	33008
888	4	33009
888	4	33010
888	4	33011
888	4	33012
888	4	33013
888	4	33014
888	4	33015
888	4	33016
888	4	33017
888	4	33018
888	4	33019
888	5	33020
888	5	33021
888	5	33022
888	5	33023
888	5	33024
888	5	33025
888	6	33026
889	0	33027
889	1	33028
889	2	33029
889	4	33030
889	4	33031
889	4	33032
889	4	33033
889	4	33034
889	4	33035
889	4	33036
889	4	33037
889	4	33038
889	4	33039
889	5	33040
889	5	33041
889	5	33042
889	6	33043
890	0	33044
890	1	33045
890	2	33046
890	3	33047
890	4	33048
890	4	33049
890	4	33050
890	4	33051
890	4	33052
890	4	33053
890	4	33054
890	4	33055
890	4	33056
890	4	33057
890	4	33058
890	4	33059
890	4	33060
890	4	33061
890	4	33062
890	5	33063
890	5	33064
890	6	33065
891	0	33066
891	1	33067
891	2	33068
891	3	33069
891	4	33070
891	4	33071
891	4	33072
891	4	33073
891	4	33074
891	4	33075
891	4	33076
891	4	33077
891	4	33078
891	4	33079
891	4	33080
891	4	33081
891	5	33082
891	5	33083
891	5	33084
891	5	33085
891	6	33086
892	0	33087
892	0	33088
892	1	33089
892	1	33090
892	2	33091
892	4	33092
892	4	33093
892	4	33094
892	4	33095
892	4	33096
892	4	33097
892	4	33098
892	4	33099
892	4	33100
892	4	33101
892	4	33102
892	4	33103
892	4	33104
892	4	33105
892	4	33106
892	4	33107
892	4	33108
892	5	33109
892	5	33110
892	5	33111
892	5	33112
892	5	33113
892	5	33114
892	6	33115
893	0	33116
893	0	33117
893	1	33118
893	3	33119
893	4	33120
893	4	33121
893	4	33122
893	4	33123
893	4	33124
893	4	33125
893	4	33126
893	4	33127
893	4	33128
893	4	33129
893	4	33130
893	4	33131
893	4	33132
893	4	33133
893	4	33134
893	4	33135
893	4	33136
893	4	33137
893	4	33138
893	4	33139
893	4	33140
893	5	33141
893	5	33142
893	5	33143
893	6	33144
894	0	33145
894	1	33146
894	2	33147
894	3	33148
894	4	33149
894	4	33150
894	4	33151
894	4	33152
894	4	33153
894	4	33154
894	4	33155
894	4	33156
894	4	33157
894	4	33158
894	4	33159
894	4	33160
894	4	33161
894	4	33162
894	4	33163
894	4	33164
894	4	33165
894	4	33166
894	5	33167
894	5	33168
894	5	33169
894	5	33170
894	5	33171
894	6	33172
895	0	33173
895	1	33174
895	2	33175
895	4	33176
895	4	33177
895	4	33178
895	4	33179
895	4	33180
895	4	33181
895	4	33182
895	4	33183
895	4	33184
895	4	33185
895	4	33186
895	4	33187
895	4	33188
895	4	33189
895	4	33190
895	4	33191
895	4	33192
895	4	33193
895	4	33194
895	4	33195
895	4	33196
895	4	33197
895	4	33198
895	4	33199
895	4	33200
895	4	33201
895	4	33202
895	4	33203
895	4	33204
895	4	33205
895	4	33206
895	4	33207
895	4	33208
895	4	33209
895	5	33210
895	5	33211
895	6	33212
896	0	33213
896	1	33214
896	2	33215
896	3	33216
896	4	33217
896	4	33218
896	4	33219
896	4	33220
896	4	33221
896	4	33222
896	4	33223
896	4	33224
896	4	33225
896	4	33226
896	4	33227
896	4	33228
896	4	33229
896	4	33230
896	4	33231
896	4	33232
896	4	33233
896	4	33234
896	5	33235
896	5	33236
896	5	33237
896	5	33238
896	5	33239
896	6	33240
897	0	33241
897	0	33242
897	1	33243
897	2	33244
897	3	33245
897	4	33246
897	4	33247
897	4	33248
897	4	33249
897	4	33250
897	4	33251
897	4	33252
897	4	33253
897	4	33254
897	4	33255
897	4	33256
897	4	33257
897	4	33258
897	4	33259
897	4	33260
897	4	33261
897	5	33262
897	5	33263
897	5	33264
897	5	33265
897	5	33266
897	5	33267
897	5	33268
897	5	33269
897	5	33270
897	5	33271
897	6	33272
898	0	33273
898	0	33274
898	1	33275
898	4	33276
898	4	33277
898	4	33278
898	4	33279
898	4	33280
898	4	33281
898	4	33282
898	4	33283
898	4	33284
898	4	33285
898	4	33286
898	4	33287
898	5	33288
898	5	33289
898	5	33290
898	5	33291
898	6	33292
899	0	33293
899	0	33294
899	1	33295
899	2	33296
899	2	33297
899	2	33298
899	2	33299
899	2	33300
899	2	33301
899	4	33302
899	4	33303
899	4	33304
899	4	33305
899	4	33306
899	4	33307
899	4	33308
899	4	33309
899	4	33310
899	4	33311
899	4	33312
899	4	33313
899	4	33314
899	4	33315
899	4	33316
899	4	33317
899	4	33318
899	4	33319
899	4	33320
899	4	33321
899	4	33322
899	4	33323
899	4	33324
899	4	33325
899	4	33326
899	4	33327
899	4	33328
899	4	33329
899	4	33330
899	4	33331
899	4	33332
899	4	33333
899	4	33334
899	4	33335
899	4	33336
899	4	33337
899	4	33338
899	4	33339
899	4	33340
899	4	33341
899	4	33342
899	4	33343
899	4	33344
899	4	33345
899	4	33346
899	5	33347
899	5	33348
899	5	33349
899	5	33350
899	5	33351
899	6	33352
899	6	33353
900	0	33354
900	2	33355
900	4	33356
900	4	33357
900	4	33358
900	4	33359
900	4	33360
900	4	33361
900	4	33362
900	4	33363
900	4	33364
900	4	33365
900	4	33366
900	4	33367
900	4	33368
900	4	33369
900	4	33370
900	5	33371
900	5	33372
900	5	33373
900	5	33374
900	5	33375
900	5	33376
900	5	33377
900	5	33378
900	6	33379
901	0	33380
901	1	33381
901	2	33382
901	3	33383
901	4	33384
901	4	33385
901	4	33386
901	4	33387
901	4	33388
901	4	33389
901	4	33390
901	4	33391
901	4	33392
901	4	33393
901	4	33394
901	4	33395
901	4	33396
901	4	33397
901	4	33398
901	5	33399
901	5	33400
901	5	33401
901	6	33402
902	0	33403
902	0	33404
902	0	33405
902	1	33406
902	2	33407
902	4	33408
902	4	33409
902	4	33410
902	4	33411
902	4	33412
902	4	33413
902	4	33414
902	4	33415
902	4	33416
902	4	33417
902	4	33418
902	4	33419
902	4	33420
902	4	33421
902	5	33422
902	5	33423
902	5	33424
902	5	33425
902	5	33426
902	6	33427
903	0	33428
903	0	33429
903	1	33430
903	2	33431
903	2	33432
903	4	33433
903	4	33434
903	4	33435
903	4	33436
903	4	33437
903	4	33438
903	4	33439
903	4	33440
903	4	33441
903	4	33442
903	4	33443
903	4	33444
903	4	33445
903	4	33446
903	4	33447
903	4	33448
903	5	33449
903	5	33450
903	5	33451
903	5	33452
903	5	33453
903	5	33454
903	6	33455
904	0	33456
904	1	33457
904	2	33458
904	3	33459
904	4	33460
904	4	33461
904	4	33462
904	4	33463
904	4	33464
904	4	33465
904	4	33466
904	4	33467
904	4	33468
904	4	33469
904	4	33470
904	4	33471
904	4	33472
904	4	33473
904	4	33474
904	4	33475
904	5	33476
904	5	33477
904	5	33478
904	5	33479
904	5	33480
904	5	33481
904	6	33482
905	0	33483
905	0	33484
905	1	33485
905	1	33486
905	1	33487
905	2	33488
905	3	33489
905	4	33490
905	4	33491
905	4	33492
905	4	33493
905	4	33494
905	4	33495
905	4	33496
905	4	33497
905	4	33498
905	4	33499
905	4	33500
905	4	33501
905	4	33502
905	4	33503
905	4	33504
905	4	33505
905	5	33506
905	5	33507
905	5	33508
905	6	33509
906	0	33510
906	1	33511
906	1	33512
906	2	33513
906	4	33514
906	4	33515
906	4	33516
906	4	33517
906	4	33518
906	4	33519
906	4	33520
906	4	33521
906	4	33522
906	4	33523
906	4	33524
906	4	33525
906	4	33526
906	4	33527
906	4	33528
906	5	33529
906	5	33530
906	5	33531
906	5	33532
906	5	33533
906	5	33534
906	5	33535
906	6	33536
907	0	33537
907	1	33538
907	2	33539
907	3	33540
907	4	33541
907	4	33542
907	4	33543
907	4	33544
907	4	33545
907	4	33546
907	4	33547
907	4	33548
907	4	33549
907	4	33550
907	5	33551
907	5	33552
907	6	33553
908	0	33554
908	0	33555
908	1	33556
908	2	33557
908	2	33558
908	4	33559
908	4	33560
908	4	33561
908	4	33562
908	4	33563
908	4	33564
908	4	33565
908	4	33566
908	4	33567
908	4	33568
908	4	33569
908	4	33570
908	4	33571
908	4	33572
908	4	33573
908	4	33574
908	4	33575
908	4	33576
908	4	33577
908	4	33578
908	4	33579
908	5	33580
908	5	33581
908	5	33582
908	5	33583
908	5	33584
908	6	33585
909	1	33586
909	2	33587
909	2	33588
909	3	33589
909	4	33590
909	4	33591
909	4	33592
909	4	33593
909	4	33594
909	4	33595
909	4	33596
909	4	33597
909	4	33598
909	4	33599
909	4	33600
909	4	33601
909	4	33602
909	4	33603
909	4	33604
909	4	33605
909	4	33606
909	4	33607
909	4	33608
909	4	33609
909	4	33610
909	4	33611
909	4	33612
909	5	33613
909	5	33614
909	5	33615
909	5	33616
909	5	33617
909	6	33618
910	0	33619
910	0	33620
910	0	33621
910	1	33622
910	2	33623
910	2	33624
910	2	33625
910	3	33626
910	4	33627
910	4	33628
910	4	33629
910	4	33630
910	4	33631
910	4	33632
910	4	33633
910	4	33634
910	4	33635
910	4	33636
910	4	33637
910	4	33638
910	4	33639
910	4	33640
910	4	33641
910	4	33642
910	4	33643
910	4	33644
910	4	33645
910	4	33646
910	4	33647
910	4	33648
910	4	33649
910	4	33650
910	4	33651
910	4	33652
910	4	33653
910	4	33654
910	4	33655
910	4	33656
910	4	33657
910	4	33658
910	4	33659
910	4	33660
910	4	33661
910	4	33662
910	4	33663
910	4	33664
910	4	33665
910	4	33666
910	4	33667
910	4	33668
910	4	33669
910	5	33670
910	5	33671
910	5	33672
910	5	33673
910	5	33674
910	5	33675
910	5	33676
910	6	33677
911	0	33678
911	1	33679
911	2	33680
911	2	33681
911	3	33682
911	4	33683
911	4	33684
911	4	33685
911	4	33686
911	4	33687
911	4	33688
911	4	33689
911	4	33690
911	4	33691
911	4	33692
911	4	33693
911	4	33694
911	4	33695
911	4	33696
911	4	33697
911	4	33698
911	5	33699
911	5	33700
911	5	33701
911	5	33702
911	5	33703
911	5	33704
911	5	33705
911	5	33706
911	6	33707
912	0	33708
912	0	33709
912	1	33710
912	1	33711
912	2	33712
912	2	33713
912	3	33714
912	4	33715
912	4	33716
912	4	33717
912	4	33718
912	4	33719
912	4	33720
912	4	33721
912	4	33722
912	4	33723
912	4	33724
912	4	33725
912	4	33726
912	4	33727
912	4	33728
912	4	33729
912	4	33730
912	4	33731
912	4	33732
912	4	33733
912	4	33734
912	4	33735
912	4	33736
912	4	33737
912	4	33738
912	4	33739
912	4	33740
912	4	33741
912	4	33742
912	4	33743
912	4	33744
912	4	33745
912	4	33746
912	4	33747
912	4	33748
912	4	33749
912	4	33750
912	4	33751
912	5	33752
912	5	33753
912	5	33754
912	5	33755
912	6	33756
913	0	33757
913	1	33758
913	1	33759
913	2	33760
913	2	33761
913	3	33762
913	4	33763
913	4	33764
913	4	33765
913	4	33766
913	4	33767
913	4	33768
913	4	33769
913	4	33770
913	4	33771
913	4	33772
913	4	33773
913	4	33774
913	4	33775
913	4	33776
913	4	33777
913	4	33778
913	4	33779
913	4	33780
913	4	33781
913	4	33782
913	4	33783
913	4	33784
913	4	33785
913	4	33786
913	4	33787
913	4	33788
913	4	33789
913	4	33790
913	4	33791
913	4	33792
913	4	33793
913	4	33794
913	4	33795
913	4	33796
913	5	33797
913	5	33798
913	5	33799
913	5	33800
913	5	33801
913	5	33802
913	5	33803
913	5	33804
913	6	33805
914	0	33806
914	0	33807
914	1	33808
914	2	33809
914	2	33810
914	2	33811
914	2	33812
914	3	33813
914	4	33814
914	4	33815
914	4	33816
914	4	33817
914	4	33818
914	4	33819
914	4	33820
914	4	33821
914	4	33822
914	4	33823
914	4	33824
914	4	33825
914	4	33826
914	4	33827
914	4	33828
914	4	33829
914	4	33830
914	4	33831
914	4	33832
914	4	33833
914	4	33834
914	4	33835
914	4	33836
914	4	33837
914	4	33838
914	4	33839
914	4	33840
914	5	33841
914	5	33842
914	5	33843
914	5	33844
914	5	33845
914	5	33846
914	5	33847
914	6	33848
915	1	33849
915	2	33850
915	3	33851
915	4	33852
915	4	33853
915	4	33854
915	4	33855
915	4	33856
915	4	33857
915	4	33858
915	4	33859
915	4	33860
915	4	33861
915	4	33862
915	4	33863
915	5	33864
915	5	33865
915	5	33866
915	5	33867
915	5	33868
915	5	33869
915	5	33870
915	5	33871
915	5	33872
915	5	33873
915	5	33874
915	6	33875
916	0	33876
916	0	33877
916	1	33878
916	2	33879
916	4	33880
916	4	33881
916	4	33882
916	4	33883
916	4	33884
916	4	33885
916	4	33886
916	4	33887
916	4	33888
916	4	33889
916	4	33890
916	4	33891
916	4	33892
916	4	33893
916	4	33894
916	4	33895
916	4	33896
916	4	33897
916	4	33898
916	4	33899
916	4	33900
916	4	33901
916	4	33902
916	4	33903
916	4	33904
916	4	33905
916	4	33906
916	4	33907
916	4	33908
916	4	33909
916	4	33910
916	4	33911
916	5	33912
916	5	33913
916	5	33914
916	6	33915
917	0	33916
917	1	33917
917	2	33918
917	2	33919
917	2	33920
917	3	33921
917	4	33922
917	4	33923
917	4	33924
917	4	33925
917	4	33926
917	4	33927
917	4	33928
917	4	33929
917	4	33930
917	4	33931
917	4	33932
917	4	33933
917	4	33934
917	4	33935
917	4	33936
917	4	33937
917	4	33938
917	4	33939
917	4	33940
917	4	33941
917	4	33942
917	4	33943
917	4	33944
917	4	33945
917	5	33946
917	5	33947
917	5	33948
917	5	33949
917	5	33950
917	5	33951
917	6	33952
918	0	33953
918	1	33954
918	2	33955
918	3	33956
918	4	33957
918	4	33958
918	4	33959
918	4	33960
918	4	33961
918	4	33962
918	4	33963
918	4	33964
918	4	33965
918	4	33966
918	4	33967
918	4	33968
918	4	33969
918	4	33970
918	4	33971
918	4	33972
918	4	33973
918	4	33974
918	4	33975
918	4	33976
918	4	33977
918	5	33978
918	5	33979
918	5	33980
918	5	33981
918	5	33982
918	5	33983
918	5	33984
918	6	33985
919	4	33986
919	4	33987
919	4	33988
919	4	33989
919	4	33990
919	4	33991
919	4	33992
919	4	33993
919	4	33994
919	4	33995
919	4	33996
919	4	33997
919	4	33998
919	4	33999
919	4	34000
919	4	34001
919	4	34002
919	4	34003
919	4	34004
919	4	34005
919	4	34006
919	4	34007
919	4	34008
919	4	34009
919	4	34010
919	4	34011
919	4	34012
919	4	34013
919	4	34014
919	4	34015
919	4	34016
919	4	34017
919	4	34018
920	0	34019
920	0	34020
920	1	34021
920	2	34022
920	3	34023
920	4	34024
920	4	34025
920	4	34026
920	4	34027
920	4	34028
920	4	34029
920	4	34030
920	4	34031
920	4	34032
920	4	34033
920	4	34034
920	4	34035
920	4	34036
920	4	34037
920	5	34038
920	5	34039
920	5	34040
920	5	34041
920	5	34042
920	5	34043
920	5	34044
920	5	34045
920	5	34046
920	5	34047
920	5	34048
920	5	34049
920	5	34050
920	6	34051
921	0	34052
921	2	34053
921	3	34054
921	4	34055
921	4	34056
921	4	34057
921	4	34058
921	4	34059
921	4	34060
921	4	34061
921	4	34062
921	4	34063
921	4	34064
921	4	34065
921	4	34066
921	4	34067
921	4	34068
921	4	34069
921	4	34070
921	4	34071
921	4	34072
921	4	34073
921	4	34074
921	4	34075
921	4	34076
921	4	34077
921	4	34078
921	4	34079
921	4	34080
921	5	34081
921	5	34082
921	5	34083
921	5	34084
921	6	34085
922	0	34086
922	1	34087
922	2	34088
922	3	34089
922	4	34090
922	4	34091
922	4	34092
922	4	34093
922	4	34094
922	4	34095
922	4	34096
922	4	34097
922	4	34098
922	4	34099
922	4	34100
922	4	34101
922	4	34102
922	4	34103
922	4	34104
922	4	34105
922	4	34106
922	4	34107
922	4	34108
922	4	34109
922	5	34110
922	5	34111
922	5	34112
922	5	34113
922	5	34114
922	6	34115
923	0	34116
923	1	34117
923	2	34118
923	2	34119
923	2	34120
923	3	34121
923	4	34122
923	4	34123
923	4	34124
923	4	34125
923	4	34126
923	4	34127
923	4	34128
923	4	34129
923	4	34130
923	4	34131
923	4	34132
923	4	34133
923	4	34134
923	4	34135
923	4	34136
923	4	34137
923	4	34138
923	4	34139
923	4	34140
923	4	34141
923	4	34142
923	5	34143
923	5	34144
923	5	34145
923	5	34146
923	5	34147
923	6	34148
924	0	34149
924	1	34150
924	2	34151
924	2	34152
924	2	34153
924	2	34154
924	3	34155
924	4	34156
924	4	34157
924	4	34158
924	4	34159
924	4	34160
924	4	34161
924	4	34162
924	4	34163
924	4	34164
924	4	34165
924	4	34166
924	4	34167
924	4	34168
924	4	34169
924	4	34170
924	4	34171
924	4	34172
924	4	34173
924	4	34174
924	4	34175
924	4	34176
924	4	34177
924	4	34178
924	4	34179
924	4	34180
924	5	34181
924	5	34182
924	5	34183
924	5	34184
924	5	34185
924	5	34186
924	5	34187
924	6	34188
925	0	34189
925	0	34190
925	1	34191
925	2	34192
925	2	34193
925	3	34194
925	4	34195
925	4	34196
925	4	34197
925	4	34198
925	4	34199
925	4	34200
925	4	34201
925	4	34202
925	4	34203
925	4	34204
925	4	34205
925	4	34206
925	4	34207
925	4	34208
925	4	34209
925	4	34210
925	4	34211
925	4	34212
925	4	34213
925	4	34214
925	4	34215
925	5	34216
925	5	34217
925	5	34218
925	5	34219
925	6	34220
926	0	34221
926	1	34222
926	1	34223
926	2	34224
926	3	34225
926	4	34226
926	4	34227
926	4	34228
926	4	34229
926	4	34230
926	4	34231
926	4	34232
926	4	34233
926	4	34234
926	4	34235
926	4	34236
926	4	34237
926	4	34238
926	4	34239
926	5	34240
926	5	34241
926	5	34242
926	5	34243
926	5	34244
926	5	34245
926	5	34246
926	6	34247
927	0	34248
927	0	34249
927	1	34250
927	2	34251
927	4	34252
927	4	34253
927	4	34254
927	4	34255
927	4	34256
927	4	34257
927	4	34258
927	4	34259
927	4	34260
927	4	34261
927	4	34262
927	4	34263
927	4	34264
927	4	34265
927	4	34266
927	4	34267
927	4	34268
927	4	34269
927	4	34270
927	5	34271
927	5	34272
927	5	34273
927	5	34274
927	5	34275
927	6	34276
928	1	34277
928	2	34278
928	4	34279
928	4	34280
928	4	34281
928	4	34282
928	4	34283
928	4	34284
928	4	34285
928	4	34286
928	4	34287
928	4	34288
928	4	34289
928	4	34290
928	4	34291
928	4	34292
928	4	34293
928	4	34294
928	4	34295
928	4	34296
928	4	34297
928	4	34298
928	4	34299
928	4	34300
928	5	34301
928	5	34302
928	5	34303
928	5	34304
928	5	34305
928	6	34306
929	0	34307
929	0	34308
929	1	34309
929	2	34310
929	3	34311
929	4	34312
929	4	34313
929	4	34314
929	4	34315
929	4	34316
929	4	34317
929	4	34318
929	4	34319
929	4	34320
929	4	34321
929	4	34322
929	4	34323
929	4	34324
929	4	34325
929	4	34326
929	4	34327
929	4	34328
929	4	34329
929	5	34330
929	5	34331
929	5	34332
929	5	34333
929	5	34334
929	5	34335
929	6	34336
930	1	34337
930	4	34338
930	4	34339
930	4	34340
930	4	34341
930	4	34342
930	4	34343
930	4	34344
930	4	34345
930	4	34346
930	4	34347
930	4	34348
930	4	34349
930	4	34350
930	4	34351
930	5	34352
930	5	34353
930	5	34354
930	5	34355
930	5	34356
930	5	34357
930	5	34358
930	6	34359
931	0	34360
931	0	34361
931	1	34362
931	2	34363
931	2	34364
931	4	34365
931	4	34366
931	4	34367
931	4	34368
931	4	34369
931	4	34370
931	4	34371
931	4	34372
931	4	34373
931	4	34374
931	4	34375
931	4	34376
931	4	34377
931	4	34378
931	4	34379
931	5	34380
931	5	34381
931	5	34382
931	5	34383
931	5	34384
931	5	34385
931	5	34386
931	5	34387
931	6	34388
932	0	34389
932	1	34390
932	2	34391
932	2	34392
932	2	34393
932	4	34394
932	4	34395
932	4	34396
932	4	34397
932	4	34398
932	4	34399
932	4	34400
932	4	34401
932	4	34402
932	4	34403
932	4	34404
932	4	34405
932	4	34406
932	4	34407
932	4	34408
932	4	34409
932	4	34410
932	5	34411
932	5	34412
932	5	34413
932	5	34414
932	5	34415
932	6	34416
933	0	34417
933	0	34418
933	1	34419
933	3	34420
933	4	34421
933	4	34422
933	4	34423
933	4	34424
933	4	34425
933	4	34426
933	4	34427
933	4	34428
933	4	34429
933	4	34430
933	4	34431
933	4	34432
933	4	34433
933	4	34434
933	4	34435
933	4	34436
933	5	34437
933	5	34438
933	5	34439
933	5	34440
933	5	34441
933	6	34442
934	1	34443
934	2	34444
934	2	34445
934	4	34446
934	4	34447
934	4	34448
934	4	34449
934	4	34450
934	4	34451
934	4	34452
934	4	34453
934	4	34454
934	4	34455
934	4	34456
934	4	34457
934	4	34458
934	5	34459
934	5	34460
934	5	34461
934	5	34462
934	5	34463
934	5	34464
934	5	34465
934	6	34466
935	0	34467
935	1	34468
935	1	34469
935	2	34470
935	2	34471
935	3	34472
935	4	34473
935	4	34474
935	4	34475
935	4	34476
935	4	34477
935	4	34478
935	4	34479
935	4	34480
935	4	34481
935	4	34482
935	4	34483
935	4	34484
935	4	34485
935	4	34486
935	4	34487
935	4	34488
935	5	34489
935	5	34490
935	5	34491
935	6	34492
936	0	34493
936	0	34494
936	1	34495
936	2	34496
936	2	34497
936	3	34498
936	4	34499
936	4	34500
936	4	34501
936	4	34502
936	4	34503
936	4	34504
936	4	34505
936	4	34506
936	4	34507
936	4	34508
936	4	34509
936	4	34510
936	4	34511
936	4	34512
936	4	34513
936	4	34514
936	4	34515
936	4	34516
936	4	34517
936	4	34518
936	4	34519
936	4	34520
936	4	34521
936	5	34522
936	5	34523
936	5	34524
936	5	34525
936	6	34526
937	0	34527
937	1	34528
937	1	34529
937	2	34530
937	2	34531
937	3	34532
937	4	34533
937	4	34534
937	4	34535
937	4	34536
937	4	34537
937	4	34538
937	4	34539
937	4	34540
937	4	34541
937	4	34542
937	4	34543
937	4	34544
937	4	34545
937	4	34546
937	4	34547
937	4	34548
937	4	34549
937	4	34550
937	4	34551
937	4	34552
937	4	34553
937	4	34554
937	4	34555
937	4	34556
937	5	34557
937	5	34558
937	5	34559
937	5	34560
937	5	34561
937	6	34562
938	0	34563
938	0	34564
938	1	34565
938	2	34566
938	3	34567
938	4	34568
938	4	34569
938	4	34570
938	4	34571
938	4	34572
938	4	34573
938	4	34574
938	4	34575
938	4	34576
938	4	34577
938	4	34578
938	4	34579
938	4	34580
938	4	34581
938	4	34582
938	4	34583
938	4	34584
938	4	34585
938	4	34586
938	4	34587
938	4	34588
938	4	34589
938	4	34590
938	4	34591
938	4	34592
938	4	34593
938	4	34594
938	4	34595
938	4	34596
938	5	34597
938	5	34598
938	5	34599
938	5	34600
938	5	34601
938	5	34602
938	5	34603
938	5	34604
938	5	34605
938	5	34606
938	6	34607
939	0	34608
939	1	34609
939	1	34610
939	2	34611
939	4	34612
939	4	34613
939	4	34614
939	4	34615
939	4	34616
939	4	34617
939	4	34618
939	4	34619
939	4	34620
939	4	34621
939	4	34622
939	4	34623
939	4	34624
939	4	34625
939	4	34626
939	4	34627
939	4	34628
939	4	34629
939	5	34630
939	5	34631
939	5	34632
939	5	34633
939	5	34634
939	6	34635
940	0	34636
940	1	34637
940	1	34638
940	1	34639
940	2	34640
940	3	34641
940	4	34642
940	4	34643
940	4	34644
940	4	34645
940	4	34646
940	4	34647
940	4	34648
940	4	34649
940	4	34650
940	4	34651
940	4	34652
940	4	34653
940	4	34654
940	4	34655
940	4	34656
940	4	34657
940	4	34658
940	4	34659
940	4	34660
940	4	34661
940	4	34662
940	4	34663
940	4	34664
940	4	34665
940	4	34666
940	4	34667
940	5	34668
940	5	34669
940	5	34670
940	5	34671
940	5	34672
940	5	34673
940	5	34674
940	5	34675
940	5	34676
940	5	34677
940	6	34678
941	0	34679
941	1	34680
941	2	34681
941	3	34682
941	4	34683
941	4	34684
941	4	34685
941	4	34686
941	4	34687
941	4	34688
941	4	34689
941	4	34690
941	4	34691
941	4	34692
941	4	34693
941	4	34694
941	4	34695
941	5	34696
941	5	34697
941	5	34698
941	5	34699
941	5	34700
941	6	34701
942	0	34702
942	1	34703
942	2	34704
942	2	34705
942	2	34706
942	3	34707
942	4	34708
942	4	34709
942	4	34710
942	4	34711
942	4	34712
942	4	34713
942	4	34714
942	4	34715
942	4	34716
942	4	34717
942	4	34718
942	4	34719
942	4	34720
942	4	34721
942	4	34722
942	4	34723
942	5	34724
942	5	34725
942	5	34726
942	5	34727
942	5	34728
942	5	34729
942	6	34730
943	0	34731
943	0	34732
943	1	34733
943	2	34734
943	2	34735
943	3	34736
943	4	34737
943	4	34738
943	4	34739
943	4	34740
943	4	34741
943	4	34742
943	4	34743
943	4	34744
943	4	34745
943	4	34746
943	4	34747
943	4	34748
943	4	34749
943	4	34750
943	4	34751
943	4	34752
943	5	34753
943	5	34754
943	5	34755
943	5	34756
943	5	34757
943	5	34758
943	6	34759
944	1	34760
944	3	34761
944	4	34762
944	4	34763
944	4	34764
944	4	34765
944	4	34766
944	4	34767
944	5	34768
944	5	34769
944	5	34770
944	6	34771
945	0	34772
945	0	34773
945	1	34774
945	2	34775
945	2	34776
945	3	34777
945	4	34778
945	4	34779
945	4	34780
945	4	34781
945	4	34782
945	4	34783
945	4	34784
945	4	34785
945	4	34786
945	4	34787
945	4	34788
945	4	34789
945	4	34790
945	4	34791
945	5	34792
945	5	34793
945	5	34794
945	5	34795
945	5	34796
945	6	34797
946	0	34798
946	0	34799
946	1	34800
946	2	34801
946	3	34802
946	4	34803
946	4	34804
946	4	34805
946	4	34806
946	4	34807
946	4	34808
946	4	34809
946	4	34810
946	4	34811
946	4	34812
946	4	34813
946	4	34814
946	4	34815
946	4	34816
946	4	34817
946	5	34818
946	5	34819
946	5	34820
946	5	34821
946	5	34822
946	6	34823
947	0	34824
947	1	34825
947	2	34826
947	2	34827
947	2	34828
947	3	34829
947	4	34830
947	4	34831
947	4	34832
947	4	34833
947	4	34834
947	4	34835
947	4	34836
947	4	34837
947	4	34838
947	4	34839
947	4	34840
947	4	34841
947	4	34842
947	4	34843
947	4	34844
947	4	34845
947	4	34846
947	4	34847
947	4	34848
947	4	34849
947	4	34850
947	4	34851
947	4	34852
947	4	34853
947	4	34854
947	4	34855
947	4	34856
947	4	34857
947	5	34858
947	5	34859
947	5	34860
947	5	34861
947	5	34862
947	5	34863
947	5	34864
947	5	34865
947	6	34866
948	1	34867
948	2	34868
948	2	34869
948	2	34870
948	2	34871
948	3	34872
948	4	34873
948	4	34874
948	4	34875
948	4	34876
948	4	34877
948	4	34878
948	4	34879
948	4	34880
948	4	34881
948	4	34882
948	4	34883
948	4	34884
948	4	34885
948	4	34886
948	4	34887
948	4	34888
948	5	34889
948	5	34890
948	5	34891
948	5	34892
948	6	34893
949	0	34894
949	0	34895
949	0	34896
949	1	34897
949	2	34898
949	3	34899
949	4	34900
949	4	34901
949	4	34902
949	4	34903
949	4	34904
949	4	34905
949	4	34906
949	4	34907
949	4	34908
949	4	34909
949	5	34910
949	5	34911
949	5	34912
949	5	34913
949	5	34914
949	5	34915
949	6	34916
950	0	34917
950	1	34918
950	2	34919
950	3	34920
950	4	34921
950	4	34922
950	4	34923
950	4	34924
950	4	34925
950	4	34926
950	4	34927
950	4	34928
950	4	34929
950	4	34930
950	4	34931
950	6	34932
951	0	34933
951	1	34934
951	2	34935
951	3	34936
951	4	34937
951	4	34938
951	4	34939
951	4	34940
951	4	34941
951	4	34942
951	4	34943
951	4	34944
951	4	34945
951	4	34946
951	4	34947
951	4	34948
951	4	34949
951	4	34950
951	4	34951
951	4	34952
951	4	34953
951	4	34954
951	4	34955
951	4	34956
951	4	34957
951	4	34958
951	4	34959
951	4	34960
951	5	34961
951	5	34962
951	5	34963
951	6	34964
952	0	34965
952	0	34966
952	1	34967
952	1	34968
952	3	34969
952	4	34970
952	4	34971
952	4	34972
952	4	34973
952	4	34974
952	4	34975
952	4	34976
952	4	34977
952	4	34978
952	4	34979
952	4	34980
952	4	34981
952	4	34982
952	4	34983
952	4	34984
952	4	34985
952	4	34986
952	4	34987
952	5	34988
952	5	34989
952	5	34990
952	5	34991
952	5	34992
952	6	34993
953	0	34994
953	1	34995
953	1	34996
953	2	34997
953	2	34998
953	4	34999
953	4	35000
953	4	35001
953	4	35002
953	4	35003
953	4	35004
953	4	35005
953	4	35006
953	4	35007
953	4	35008
953	4	35009
953	4	35010
953	4	35011
953	4	35012
953	4	35013
953	4	35014
953	4	35015
953	4	35016
953	4	35017
953	4	35018
953	4	35019
953	4	35020
953	4	35021
953	4	35022
953	4	35023
953	4	35024
953	4	35025
953	4	35026
953	4	35027
953	4	35028
953	4	35029
953	4	35030
953	4	35031
953	4	35032
953	5	35033
953	5	35034
953	5	35035
953	5	35036
953	5	35037
953	5	35038
953	5	35039
953	6	35040
954	0	35041
954	0	35042
954	1	35043
954	2	35044
954	3	35045
954	4	35046
954	4	35047
954	4	35048
954	4	35049
954	4	35050
954	4	35051
954	4	35052
954	4	35053
954	4	35054
954	4	35055
954	4	35056
954	4	35057
954	4	35058
954	4	35059
954	4	35060
954	4	35061
954	4	35062
954	4	35063
954	4	35064
954	4	35065
954	4	35066
954	4	35067
954	4	35068
954	4	35069
954	5	35070
954	5	35071
954	5	35072
954	5	35073
954	5	35074
954	5	35075
954	5	35076
954	5	35077
954	6	35078
955	0	35079
955	1	35080
955	2	35081
955	2	35082
955	3	35083
955	4	35084
955	4	35085
955	4	35086
955	4	35087
955	4	35088
955	4	35089
955	4	35090
955	4	35091
955	4	35092
955	4	35093
955	4	35094
955	4	35095
955	4	35096
955	5	35097
955	5	35098
955	5	35099
955	5	35100
955	5	35101
955	6	35102
956	0	35103
956	1	35104
956	2	35105
956	3	35106
956	4	35107
956	4	35108
956	4	35109
956	4	35110
956	4	35111
956	4	35112
956	4	35113
956	4	35114
956	4	35115
956	4	35116
956	4	35117
956	4	35118
956	4	35119
956	4	35120
956	5	35121
956	5	35122
956	5	35123
956	5	35124
956	6	35125
957	0	35126
957	0	35127
957	1	35128
957	2	35129
957	2	35130
957	3	35131
957	4	35132
957	4	35133
957	4	35134
957	4	35135
957	4	35136
957	4	35137
957	4	35138
957	4	35139
957	4	35140
957	4	35141
957	4	35142
957	4	35143
957	4	35144
957	4	35145
957	4	35146
957	4	35147
957	5	35148
957	5	35149
957	5	35150
957	5	35151
957	5	35152
957	5	35153
957	5	35154
957	6	35155
958	0	35156
958	0	35157
958	0	35158
958	1	35159
958	3	35160
958	4	35161
958	4	35162
958	4	35163
958	4	35164
958	4	35165
958	4	35166
958	4	35167
958	4	35168
958	4	35169
958	4	35170
958	4	35171
958	4	35172
958	4	35173
958	4	35174
958	4	35175
958	4	35176
958	4	35177
958	4	35178
958	5	35179
958	5	35180
958	5	35181
958	5	35182
958	6	35183
959	0	35184
959	1	35185
959	2	35186
959	2	35187
959	4	35188
959	4	35189
959	4	35190
959	4	35191
959	4	35192
959	4	35193
959	4	35194
959	4	35195
959	4	35196
959	4	35197
959	4	35198
959	4	35199
959	4	35200
959	4	35201
959	4	35202
959	4	35203
959	4	35204
959	4	35205
959	4	35206
959	4	35207
959	4	35208
959	4	35209
959	5	35210
959	5	35211
959	6	35212
960	1	35213
960	1	35214
960	1	35215
960	1	35216
960	2	35217
960	3	35218
960	4	35219
960	4	35220
960	4	35221
960	4	35222
960	4	35223
960	4	35224
960	4	35225
960	4	35226
960	4	35227
960	4	35228
960	4	35229
960	4	35230
960	4	35231
960	4	35232
960	4	35233
960	4	35234
960	4	35235
960	4	35236
960	4	35237
960	4	35238
960	4	35239
960	4	35240
960	4	35241
960	4	35242
960	4	35243
960	4	35244
960	4	35245
960	4	35246
960	4	35247
960	4	35248
960	4	35249
960	4	35250
960	4	35251
960	4	35252
960	5	35253
960	5	35254
960	5	35255
960	5	35256
960	5	35257
960	5	35258
960	5	35259
960	6	35260
961	0	35261
961	0	35262
961	0	35263
961	1	35264
961	2	35265
961	3	35266
961	4	35267
961	4	35268
961	4	35269
961	4	35270
961	4	35271
961	4	35272
961	4	35273
961	4	35274
961	4	35275
961	4	35276
961	4	35277
961	4	35278
961	4	35279
961	5	35280
961	5	35281
961	5	35282
961	5	35283
961	5	35284
961	5	35285
961	5	35286
961	5	35287
961	5	35288
961	5	35289
961	5	35290
961	6	35291
962	0	35292
962	1	35293
962	2	35294
962	4	35295
962	4	35296
962	4	35297
962	4	35298
962	4	35299
962	4	35300
962	4	35301
962	4	35302
962	4	35303
962	4	35304
962	5	35305
962	5	35306
962	5	35307
962	5	35308
962	5	35309
962	5	35310
962	5	35311
962	6	35312
963	0	35313
963	1	35314
963	2	35315
963	3	35316
963	4	35317
963	4	35318
963	4	35319
963	4	35320
963	4	35321
963	4	35322
963	4	35323
963	4	35324
963	4	35325
963	4	35326
963	4	35327
963	4	35328
963	4	35329
963	4	35330
963	4	35331
963	4	35332
963	4	35333
963	4	35334
963	4	35335
963	4	35336
963	5	35337
963	5	35338
963	5	35339
963	6	35340
964	0	35341
964	1	35342
964	2	35343
964	3	35344
964	4	35345
964	4	35346
964	4	35347
964	4	35348
964	4	35349
964	4	35350
964	4	35351
964	4	35352
964	4	35353
964	4	35354
964	4	35355
964	4	35356
964	4	35357
964	4	35358
964	4	35359
964	4	35360
964	4	35361
964	4	35362
964	4	35363
964	5	35364
964	5	35365
964	5	35366
964	5	35367
964	5	35368
964	6	35369
965	0	35370
965	1	35371
965	2	35372
965	4	35373
965	4	35374
965	4	35375
965	4	35376
965	4	35377
965	4	35378
965	4	35379
965	4	35380
965	4	35381
965	4	35382
965	4	35383
965	4	35384
965	4	35385
965	4	35386
965	4	35387
965	4	35388
965	4	35389
965	4	35390
965	4	35391
965	4	35392
965	4	35393
965	4	35394
965	4	35395
965	4	35396
965	4	35397
965	4	35398
965	4	35399
965	4	35400
965	4	35401
965	4	35402
965	4	35403
965	4	35404
965	4	35405
965	4	35406
965	4	35407
965	5	35408
965	5	35409
965	5	35410
965	5	35411
965	5	35412
965	6	35413
966	0	35414
966	0	35415
966	1	35416
966	2	35417
966	2	35418
966	3	35419
966	4	35420
966	4	35421
966	4	35422
966	4	35423
966	4	35424
966	4	35425
966	4	35426
966	4	35427
966	4	35428
966	4	35429
966	4	35430
966	4	35431
966	4	35432
966	4	35433
966	4	35434
966	4	35435
966	4	35436
966	4	35437
966	4	35438
966	4	35439
966	4	35440
966	4	35441
966	4	35442
966	4	35443
966	5	35444
966	5	35445
966	5	35446
966	6	35447
967	0	35448
967	0	35449
967	1	35450
967	2	35451
967	4	35452
967	4	35453
967	4	35454
967	4	35455
967	4	35456
967	4	35457
967	4	35458
967	4	35459
967	4	35460
967	4	35461
967	4	35462
967	5	35463
967	5	35464
967	6	35465
968	2	35466
968	3	35467
968	4	35468
968	4	35469
968	4	35470
968	4	35471
968	4	35472
968	4	35473
968	4	35474
968	4	35475
968	4	35476
968	4	35477
968	4	35478
968	4	35479
968	4	35480
968	4	35481
968	4	35482
968	4	35483
968	4	35484
968	4	35485
968	4	35486
968	4	35487
968	4	35488
968	4	35489
968	4	35490
968	4	35491
968	4	35492
968	4	35493
968	4	35494
968	4	35495
968	4	35496
968	4	35497
968	4	35498
968	4	35499
968	4	35500
968	6	35501
969	1	35502
969	2	35503
969	3	35504
969	4	35505
969	4	35506
969	4	35507
969	4	35508
969	4	35509
969	4	35510
969	4	35511
969	4	35512
969	4	35513
969	4	35514
969	4	35515
969	4	35516
969	4	35517
969	4	35518
969	4	35519
969	4	35520
969	4	35521
969	5	35522
969	5	35523
969	5	35524
969	5	35525
969	5	35526
969	5	35527
969	6	35528
970	1	35529
970	2	35530
970	3	35531
970	4	35532
970	4	35533
970	4	35534
970	4	35535
970	4	35536
970	4	35537
970	4	35538
970	4	35539
970	4	35540
970	4	35541
970	4	35542
970	4	35543
970	4	35544
970	4	35545
970	5	35546
970	5	35547
970	5	35548
970	5	35549
970	6	35550
971	0	35551
971	0	35552
971	0	35553
971	1	35554
971	2	35555
971	3	35556
971	4	35557
971	4	35558
971	4	35559
971	4	35560
971	4	35561
971	4	35562
971	4	35563
971	4	35564
971	4	35565
971	5	35566
971	5	35567
971	5	35568
971	5	35569
971	5	35570
971	5	35571
971	5	35572
971	6	35573
972	0	35574
972	1	35575
972	2	35576
972	3	35577
972	4	35578
972	4	35579
972	4	35580
972	4	35581
972	4	35582
972	4	35583
972	4	35584
972	4	35585
972	4	35586
972	4	35587
972	4	35588
972	4	35589
972	4	35590
972	4	35591
972	4	35592
972	4	35593
972	4	35594
972	4	35595
972	4	35596
972	5	35597
972	5	35598
972	5	35599
972	6	35600
973	0	35601
973	0	35602
973	1	35603
973	3	35604
973	4	35605
973	4	35606
973	4	35607
973	4	35608
973	4	35609
973	4	35610
973	4	35611
973	4	35612
973	4	35613
973	4	35614
973	4	35615
973	4	35616
973	4	35617
973	4	35618
973	4	35619
973	4	35620
973	4	35621
973	4	35622
973	4	35623
973	4	35624
973	5	35625
973	5	35626
973	5	35627
973	5	35628
973	5	35629
973	5	35630
973	5	35631
973	6	35632
974	0	35633
974	2	35634
974	3	35635
974	4	35636
974	4	35637
974	4	35638
974	4	35639
974	4	35640
974	4	35641
974	4	35642
974	4	35643
974	4	35644
974	4	35645
974	4	35646
974	4	35647
974	4	35648
974	4	35649
974	4	35650
974	4	35651
974	5	35652
974	5	35653
974	5	35654
974	5	35655
974	5	35656
974	5	35657
974	6	35658
975	0	35659
975	1	35660
975	1	35661
975	2	35662
975	3	35663
975	4	35664
975	4	35665
975	4	35666
975	4	35667
975	4	35668
975	4	35669
975	4	35670
975	4	35671
975	4	35672
975	4	35673
975	4	35674
975	4	35675
975	4	35676
975	4	35677
975	4	35678
975	4	35679
975	4	35680
975	4	35681
975	4	35682
975	4	35683
975	4	35684
975	4	35685
975	4	35686
975	5	35687
975	5	35688
975	5	35689
975	5	35690
975	5	35691
975	5	35692
975	5	35693
975	5	35694
975	5	35695
975	6	35696
975	6	35697
976	0	35698
976	1	35699
976	3	35700
976	4	35701
976	4	35702
976	4	35703
976	4	35704
976	4	35705
976	4	35706
976	4	35707
976	4	35708
976	4	35709
976	4	35710
976	4	35711
976	4	35712
976	4	35713
976	4	35714
976	4	35715
976	4	35716
976	5	35717
976	5	35718
976	5	35719
977	1	35720
977	2	35721
977	2	35722
977	2	35723
977	2	35724
977	2	35725
977	2	35726
977	2	35727
977	2	35728
977	4	35729
977	4	35730
977	4	35731
977	4	35732
977	4	35733
977	4	35734
977	4	35735
977	4	35736
977	4	35737
977	4	35738
977	4	35739
977	4	35740
977	4	35741
977	4	35742
977	4	35743
977	4	35744
977	4	35745
977	4	35746
977	4	35747
977	4	35748
977	4	35749
977	4	35750
977	4	35751
977	4	35752
977	4	35753
977	4	35754
977	4	35755
977	4	35756
977	4	35757
977	5	35758
977	5	35759
977	5	35760
977	5	35761
977	5	35762
977	5	35763
977	5	35764
977	5	35765
977	5	35766
977	6	35767
978	1	35768
978	3	35769
978	4	35770
978	4	35771
978	4	35772
978	4	35773
978	4	35774
978	4	35775
978	4	35776
978	4	35777
978	4	35778
978	4	35779
978	4	35780
978	4	35781
978	4	35782
978	4	35783
978	4	35784
978	4	35785
978	4	35786
978	4	35787
978	4	35788
978	4	35789
978	4	35790
978	4	35791
978	4	35792
978	5	35793
978	5	35794
978	5	35795
978	5	35796
978	5	35797
978	5	35798
978	5	35799
978	5	35800
978	5	35801
978	5	35802
978	5	35803
979	1	35804
979	1	35805
979	3	35806
979	4	35807
979	4	35808
979	4	35809
979	4	35810
979	4	35811
979	4	35812
979	4	35813
979	4	35814
979	4	35815
979	4	35816
979	5	35817
979	5	35818
979	5	35819
979	5	35820
979	5	35821
979	5	35822
979	5	35823
980	1	35824
980	2	35825
980	3	35826
980	4	35827
980	4	35828
980	4	35829
980	4	35830
980	4	35831
980	4	35832
980	4	35833
980	4	35834
980	4	35835
980	4	35836
980	4	35837
980	4	35838
980	4	35839
980	4	35840
980	4	35841
980	4	35842
980	4	35843
980	4	35844
980	4	35845
980	4	35846
980	4	35847
980	4	35848
980	5	35849
980	5	35850
980	5	35851
980	5	35852
980	5	35853
980	5	35854
980	5	35855
981	0	35856
981	1	35857
981	4	35858
981	4	35859
981	4	35860
981	4	35861
981	4	35862
981	4	35863
981	4	35864
981	4	35865
981	4	35866
981	4	35867
981	4	35868
981	4	35869
981	4	35870
981	4	35871
981	4	35872
981	5	35873
981	5	35874
981	5	35875
981	5	35876
981	5	35877
981	5	35878
981	5	35879
981	5	35880
981	5	35881
981	6	35882
982	0	35883
982	1	35884
982	4	35885
982	4	35886
982	4	35887
982	4	35888
982	4	35889
982	4	35890
982	4	35891
982	4	35892
982	4	35893
982	4	35894
982	4	35895
982	5	35896
982	6	35897
983	0	35898
983	0	35899
983	1	35900
983	3	35901
983	4	35902
983	4	35903
983	4	35904
983	4	35905
983	4	35906
983	4	35907
983	4	35908
983	4	35909
983	4	35910
983	4	35911
983	5	35912
983	5	35913
983	5	35914
983	5	35915
983	5	35916
983	5	35917
983	6	35918
984	4	35919
984	4	35920
984	4	35921
984	4	35922
984	4	35923
984	4	35924
984	4	35925
984	4	35926
984	4	35927
984	4	35928
984	4	35929
984	4	35930
984	4	35931
984	4	35932
984	4	35933
984	4	35934
984	4	35935
984	4	35936
984	4	35937
984	4	35938
985	0	35939
985	1	35940
985	2	35941
985	2	35942
985	3	35943
985	4	35944
985	4	35945
985	4	35946
985	4	35947
985	4	35948
985	4	35949
985	4	35950
985	4	35951
985	4	35952
985	4	35953
985	4	35954
985	4	35955
985	4	35956
985	4	35957
985	4	35958
985	4	35959
985	4	35960
985	4	35961
985	4	35962
985	4	35963
985	4	35964
985	4	35965
985	4	35966
985	5	35967
985	5	35968
985	5	35969
985	5	35970
985	5	35971
985	6	35972
986	0	35973
986	1	35974
986	2	35975
986	3	35976
986	4	35977
986	4	35978
986	4	35979
986	4	35980
986	4	35981
986	4	35982
986	4	35983
986	4	35984
986	4	35985
986	4	35986
986	4	35987
986	4	35988
986	4	35989
986	4	35990
986	4	35991
986	4	35992
986	4	35993
986	4	35994
986	4	35995
986	4	35996
986	4	35997
986	4	35998
986	4	35999
986	5	36000
986	5	36001
986	5	36002
986	5	36003
986	6	36004
987	0	36005
987	0	36006
987	1	36007
987	2	36008
987	2	36009
987	3	36010
987	4	36011
987	4	36012
987	4	36013
987	4	36014
987	4	36015
987	4	36016
987	4	36017
987	4	36018
987	4	36019
987	4	36020
987	4	36021
987	4	36022
987	4	36023
987	4	36024
987	4	36025
987	4	36026
987	4	36027
987	4	36028
987	4	36029
987	4	36030
987	4	36031
987	4	36032
987	4	36033
987	4	36034
987	4	36035
987	4	36036
987	5	36037
987	5	36038
987	5	36039
987	5	36040
987	5	36041
987	5	36042
987	5	36043
987	5	36044
987	5	36045
987	5	36046
987	6	36047
988	1	36048
988	2	36049
988	3	36050
988	4	36051
988	4	36052
988	4	36053
988	4	36054
988	4	36055
988	4	36056
988	4	36057
988	4	36058
988	4	36059
988	4	36060
988	5	36061
988	5	36062
988	5	36063
988	5	36064
988	5	36065
988	5	36066
988	5	36067
988	6	36068
989	1	36069
989	4	36070
989	4	36071
989	4	36072
989	4	36073
989	4	36074
989	4	36075
989	4	36076
989	4	36077
989	4	36078
989	4	36079
989	4	36080
989	4	36081
989	4	36082
989	5	36083
989	5	36084
989	5	36085
989	5	36086
989	5	36087
990	4	36088
990	4	36089
990	4	36090
990	4	36091
990	4	36092
990	4	36093
990	4	36094
990	4	36095
990	4	36096
990	4	36097
990	4	36098
991	0	36099
991	1	36100
991	2	36101
991	2	36102
991	4	36103
991	4	36104
991	4	36105
991	4	36106
991	4	36107
991	4	36108
991	4	36109
991	4	36110
991	4	36111
991	4	36112
991	4	36113
991	4	36114
991	4	36115
991	4	36116
991	4	36117
991	4	36118
991	5	36119
991	5	36120
991	5	36121
991	5	36122
991	5	36123
991	5	36124
991	6	36125
992	0	36126
992	0	36127
992	0	36128
992	1	36129
992	2	36130
992	3	36131
992	4	36132
992	4	36133
992	4	36134
992	4	36135
992	4	36136
992	4	36137
992	4	36138
992	4	36139
992	4	36140
992	4	36141
992	4	36142
992	5	36143
992	5	36144
992	5	36145
992	6	36146
993	4	36147
993	4	36148
993	4	36149
993	4	36150
993	4	36151
993	4	36152
993	4	36153
993	4	36154
993	4	36155
993	4	36156
993	4	36157
993	4	36158
993	4	36159
993	4	36160
993	4	36161
993	4	36162
993	4	36163
993	4	36164
993	4	36165
993	4	36166
994	0	36167
994	1	36168
994	2	36169
994	4	36170
994	4	36171
994	4	36172
994	4	36173
994	4	36174
994	4	36175
994	4	36176
994	4	36177
994	4	36178
994	4	36179
994	4	36180
994	4	36181
994	4	36182
994	4	36183
994	4	36184
994	4	36185
994	4	36186
994	4	36187
994	4	36188
994	4	36189
994	4	36190
994	4	36191
994	4	36192
994	4	36193
994	4	36194
994	4	36195
994	4	36196
994	4	36197
994	4	36198
994	4	36199
994	5	36200
994	5	36201
994	5	36202
994	5	36203
994	5	36204
994	5	36205
994	5	36206
994	5	36207
994	6	36208
995	1	36209
995	2	36210
995	4	36211
995	4	36212
995	4	36213
995	4	36214
995	4	36215
995	4	36216
995	4	36217
995	4	36218
995	4	36219
995	5	36220
995	5	36221
995	6	36222
996	0	36223
996	0	36224
996	1	36225
996	1	36226
996	2	36227
996	3	36228
996	4	36229
996	4	36230
996	4	36231
996	4	36232
996	4	36233
996	4	36234
996	4	36235
996	4	36236
996	4	36237
996	4	36238
996	4	36239
996	4	36240
996	4	36241
996	4	36242
996	4	36243
996	4	36244
996	4	36245
996	4	36246
996	4	36247
996	5	36248
996	5	36249
996	5	36250
996	5	36251
996	5	36252
996	5	36253
996	6	36254
997	0	36255
997	1	36256
997	2	36257
997	3	36258
997	4	36259
997	4	36260
997	4	36261
997	4	36262
997	4	36263
997	4	36264
997	4	36265
997	4	36266
997	4	36267
997	4	36268
997	5	36269
997	5	36270
997	5	36271
997	6	36272
998	0	36273
998	0	36274
998	0	36275
998	1	36276
998	2	36277
998	2	36278
998	2	36279
998	3	36280
998	4	36281
998	4	36282
998	4	36283
998	4	36284
998	4	36285
998	4	36286
998	4	36287
998	4	36288
998	4	36289
998	4	36290
998	4	36291
998	4	36292
998	4	36293
998	4	36294
998	4	36295
998	4	36296
998	4	36297
998	4	36298
998	4	36299
998	4	36300
998	4	36301
998	4	36302
998	4	36303
998	4	36304
998	4	36305
998	4	36306
998	5	36307
998	5	36308
998	5	36309
998	6	36310
998	6	36311
998	6	36312
999	0	36313
999	1	36314
999	3	36315
999	4	36316
999	4	36317
999	4	36318
999	4	36319
999	4	36320
999	4	36321
999	4	36322
999	4	36323
999	4	36324
999	4	36325
999	4	36326
999	4	36327
999	4	36328
999	5	36329
999	5	36330
999	5	36331
999	5	36332
999	6	36333
1000	1	36334
1000	2	36335
1000	3	36336
1000	4	36337
1000	4	36338
1000	4	36339
1000	4	36340
1000	4	36341
1000	4	36342
1000	4	36343
1000	4	36344
1000	4	36345
1000	4	36346
1000	4	36347
1000	4	36348
1000	4	36349
1000	4	36350
1000	4	36351
1000	4	36352
1000	4	36353
1000	4	36354
1000	4	36355
1000	4	36356
1000	4	36357
1000	5	36358
1000	5	36359
1000	5	36360
1000	5	36361
1000	5	36362
1000	5	36363
1000	6	36364
1001	0	36365
1001	0	36366
1001	0	36367
1001	1	36368
1001	3	36369
1001	4	36370
1001	4	36371
1001	4	36372
1001	4	36373
1001	4	36374
1001	4	36375
1001	4	36376
1001	4	36377
1001	4	36378
1001	4	36379
1001	4	36380
1001	4	36381
1001	4	36382
1001	4	36383
1001	4	36384
1001	4	36385
1001	4	36386
1001	4	36387
1001	5	36388
1001	5	36389
1001	5	36390
1001	6	36391
1002	0	36392
1002	0	36393
1002	0	36394
1002	0	36395
1002	1	36396
1002	2	36397
1002	3	36398
1002	4	36399
1002	4	36400
1002	4	36401
1002	4	36402
1002	4	36403
1002	4	36404
1002	5	36405
1002	5	36406
1002	5	36407
1002	5	36408
1002	5	36409
1002	5	36410
1002	5	36411
1002	6	36412
1003	0	36413
1003	1	36414
1003	1	36415
1003	1	36416
1003	2	36417
1003	2	36418
1003	3	36419
1003	4	36420
1003	4	36421
1003	4	36422
1003	4	36423
1003	4	36424
1003	4	36425
1003	4	36426
1003	4	36427
1003	4	36428
1003	4	36429
1003	4	36430
1003	4	36431
1003	4	36432
1003	4	36433
1003	4	36434
1003	4	36435
1003	4	36436
1003	4	36437
1003	4	36438
1003	4	36439
1003	5	36440
1003	5	36441
1003	5	36442
1003	6	36443
1004	0	36444
1004	0	36445
1004	0	36446
1004	1	36447
1004	2	36448
1004	3	36449
1004	4	36450
1004	4	36451
1004	4	36452
1004	4	36453
1004	4	36454
1004	4	36455
1004	4	36456
1004	4	36457
1004	4	36458
1004	4	36459
1004	4	36460
1004	4	36461
1004	4	36462
1004	4	36463
1004	4	36464
1004	4	36465
1004	4	36466
1004	4	36467
1004	4	36468
1004	4	36469
1004	4	36470
1004	4	36471
1004	4	36472
1004	4	36473
1004	4	36474
1004	4	36475
1004	4	36476
1004	4	36477
1004	4	36478
1004	4	36479
1004	4	36480
1004	4	36481
1004	4	36482
1004	5	36483
1004	5	36484
1004	5	36485
1004	5	36486
1004	6	36487
1005	0	36488
1005	1	36489
1005	2	36490
1005	3	36491
1005	4	36492
1005	4	36493
1005	4	36494
1005	4	36495
1005	4	36496
1005	4	36497
1005	4	36498
1005	4	36499
1005	4	36500
1005	4	36501
1005	4	36502
1005	4	36503
1005	4	36504
1005	4	36505
1005	5	36506
1005	5	36507
1005	6	36508
1006	1	36509
1006	2	36510
1006	3	36511
1006	4	36512
1006	4	36513
1006	4	36514
1006	4	36515
1006	4	36516
1006	4	36517
1006	4	36518
1006	4	36519
1006	4	36520
1006	4	36521
1006	4	36522
1006	4	36523
1006	4	36524
1006	4	36525
1006	4	36526
1006	4	36527
1006	4	36528
1006	4	36529
1006	4	36530
1006	4	36531
1006	4	36532
1006	5	36533
1006	5	36534
1006	5	36535
1006	6	36536
1007	0	36537
1007	1	36538
1007	2	36539
1007	4	36540
1007	4	36541
1007	4	36542
1007	4	36543
1007	4	36544
1007	4	36545
1007	4	36546
1007	4	36547
1007	4	36548
1007	4	36549
1007	4	36550
1007	4	36551
1007	4	36552
1007	4	36553
1007	4	36554
1007	4	36555
1007	4	36556
1007	4	36557
1007	4	36558
1007	4	36559
1007	4	36560
1007	4	36561
1007	4	36562
1007	5	36563
1007	5	36564
1007	5	36565
1007	5	36566
1007	5	36567
1007	5	36568
1007	5	36569
1007	6	36570
1008	0	36571
1008	0	36572
1008	1	36573
1008	2	36574
1008	3	36575
1008	4	36576
1008	4	36577
1008	4	36578
1008	4	36579
1008	4	36580
1008	4	36581
1008	4	36582
1008	4	36583
1008	4	36584
1008	4	36585
1008	4	36586
1008	4	36587
1008	4	36588
1008	4	36589
1008	4	36590
1008	5	36591
1008	5	36592
1008	5	36593
1008	6	36594
1009	0	36595
1009	1	36596
1009	1	36597
1009	2	36598
1009	4	36599
1009	4	36600
1009	4	36601
1009	4	36602
1009	4	36603
1009	4	36604
1009	4	36605
1009	4	36606
1009	4	36607
1009	4	36608
1009	4	36609
1009	4	36610
1009	4	36611
1009	5	36612
1009	5	36613
1009	5	36614
1009	5	36615
1009	5	36616
1009	5	36617
1009	5	36618
1009	5	36619
1009	6	36620
1010	0	36621
1010	1	36622
1010	2	36623
1010	2	36624
1010	2	36625
1010	3	36626
1010	4	36627
1010	4	36628
1010	4	36629
1010	4	36630
1010	4	36631
1010	4	36632
1010	4	36633
1010	4	36634
1010	4	36635
1010	4	36636
1010	4	36637
1010	4	36638
1010	4	36639
1010	4	36640
1010	4	36641
1010	4	36642
1010	4	36643
1010	4	36644
1010	4	36645
1010	5	36646
1010	5	36647
1010	5	36648
1010	6	36649
1011	0	36650
1011	0	36651
1011	1	36652
1011	2	36653
1011	3	36654
1011	4	36655
1011	4	36656
1011	4	36657
1011	4	36658
1011	4	36659
1011	4	36660
1011	4	36661
1011	4	36662
1011	4	36663
1011	4	36664
1011	4	36665
1011	4	36666
1011	4	36667
1011	4	36668
1011	4	36669
1011	4	36670
1011	4	36671
1011	4	36672
1011	4	36673
1011	4	36674
1011	5	36675
1011	5	36676
1011	5	36677
1011	5	36678
1011	5	36679
1011	5	36680
1011	5	36681
1011	5	36682
1011	5	36683
1011	5	36684
1011	6	36685
1012	0	36686
1012	0	36687
1012	1	36688
1012	2	36689
1012	2	36690
1012	3	36691
1012	4	36692
1012	4	36693
1012	4	36694
1012	4	36695
1012	4	36696
1012	4	36697
1012	4	36698
1012	4	36699
1012	4	36700
1012	4	36701
1012	4	36702
1012	4	36703
1012	4	36704
1012	4	36705
1012	4	36706
1012	4	36707
1012	4	36708
1012	4	36709
1012	4	36710
1012	4	36711
1012	4	36712
1012	4	36713
1012	4	36714
1012	4	36715
1012	4	36716
1012	4	36717
1012	5	36718
1012	5	36719
1012	5	36720
1012	5	36721
1012	5	36722
1012	6	36723
1013	0	36724
1013	1	36725
1013	2	36726
1013	3	36727
1013	4	36728
1013	4	36729
1013	4	36730
1013	4	36731
1013	4	36732
1013	4	36733
1013	4	36734
1013	4	36735
1013	4	36736
1013	4	36737
1013	4	36738
1013	4	36739
1013	4	36740
1013	4	36741
1013	4	36742
1013	4	36743
1013	4	36744
1013	4	36745
1013	4	36746
1013	5	36747
1013	5	36748
1013	5	36749
1013	5	36750
1013	6	36751
1014	0	36752
1014	0	36753
1014	0	36754
1014	1	36755
1014	1	36756
1014	2	36757
1014	3	36758
1014	4	36759
1014	4	36760
1014	4	36761
1014	4	36762
1014	4	36763
1014	4	36764
1014	4	36765
1014	4	36766
1014	4	36767
1014	4	36768
1014	4	36769
1014	4	36770
1014	5	36771
1014	5	36772
1014	5	36773
1014	5	36774
1014	5	36775
1014	5	36776
1014	6	36777
1015	0	36778
1015	1	36779
1015	2	36780
1015	3	36781
1015	4	36782
1015	4	36783
1015	4	36784
1015	4	36785
1015	4	36786
1015	4	36787
1015	4	36788
1015	4	36789
1015	4	36790
1015	4	36791
1015	4	36792
1015	4	36793
1015	4	36794
1015	4	36795
1015	4	36796
1015	4	36797
1015	4	36798
1015	4	36799
1015	4	36800
1015	4	36801
1015	4	36802
1015	4	36803
1015	4	36804
1015	4	36805
1015	4	36806
1015	4	36807
1015	4	36808
1015	4	36809
1015	4	36810
1015	5	36811
1015	5	36812
1015	5	36813
1015	5	36814
1015	6	36815
1016	0	36816
1016	0	36817
1016	1	36818
1016	2	36819
1016	3	36820
1016	4	36821
1016	4	36822
1016	4	36823
1016	4	36824
1016	4	36825
1016	4	36826
1016	4	36827
1016	4	36828
1016	4	36829
1016	4	36830
1016	4	36831
1016	4	36832
1016	5	36833
1016	5	36834
1016	5	36835
1016	5	36836
1016	5	36837
1016	5	36838
1016	6	36839
1017	0	36840
1017	1	36841
1017	2	36842
1017	2	36843
1017	2	36844
1017	3	36845
1017	4	36846
1017	4	36847
1017	4	36848
1017	4	36849
1017	4	36850
1017	4	36851
1017	4	36852
1017	4	36853
1017	4	36854
1017	4	36855
1017	4	36856
1017	4	36857
1017	4	36858
1017	4	36859
1017	4	36860
1017	5	36861
1017	5	36862
1017	5	36863
1017	5	36864
1017	5	36865
1017	5	36866
1017	5	36867
1017	6	36868
1018	0	36869
1018	1	36870
1018	2	36871
1018	2	36872
1018	3	36873
1018	4	36874
1018	4	36875
1018	4	36876
1018	4	36877
1018	4	36878
1018	4	36879
1018	4	36880
1018	4	36881
1018	4	36882
1018	4	36883
1018	4	36884
1018	4	36885
1018	4	36886
1018	4	36887
1018	4	36888
1018	4	36889
1018	4	36890
1018	4	36891
1018	5	36892
1018	5	36893
1018	5	36894
1018	6	36895
1019	0	36896
1019	1	36897
1019	2	36898
1019	2	36899
1019	2	36900
1019	3	36901
1019	4	36902
1019	4	36903
1019	4	36904
1019	4	36905
1019	4	36906
1019	4	36907
1019	4	36908
1019	4	36909
1019	4	36910
1019	4	36911
1019	4	36912
1019	4	36913
1019	4	36914
1019	4	36915
1019	4	36916
1019	4	36917
1019	4	36918
1019	4	36919
1019	4	36920
1019	4	36921
1019	4	36922
1019	4	36923
1019	4	36924
1019	4	36925
1019	4	36926
1019	4	36927
1019	4	36928
1019	4	36929
1019	5	36930
1019	5	36931
1019	5	36932
1019	5	36933
1019	5	36934
1019	5	36935
1019	6	36936
1020	0	36937
1020	1	36938
1020	2	36939
1020	3	36940
1020	3	36941
1020	3	36942
1020	4	36943
1020	4	36944
1020	4	36945
1020	4	36946
1020	4	36947
1020	4	36948
1020	4	36949
1020	4	36950
1020	4	36951
1020	4	36952
1020	4	36953
1020	4	36954
1020	4	36955
1020	4	36956
1020	4	36957
1020	4	36958
1020	4	36959
1020	4	36960
1020	4	36961
1020	4	36962
1020	4	36963
1020	4	36964
1020	5	36965
1020	6	36966
1021	0	36967
1021	0	36968
1021	0	36969
1021	0	36970
1021	1	36971
1021	2	36972
1021	3	36973
1021	4	36974
1021	4	36975
1021	4	36976
1021	4	36977
1021	4	36978
1021	4	36979
1021	4	36980
1021	4	36981
1021	4	36982
1021	4	36983
1021	4	36984
1021	4	36985
1021	4	36986
1021	4	36987
1021	4	36988
1021	4	36989
1021	4	36990
1021	4	36991
1021	4	36992
1021	4	36993
1021	4	36994
1021	4	36995
1021	4	36996
1021	4	36997
1021	4	36998
1021	4	36999
1021	4	37000
1021	4	37001
1021	4	37002
1021	4	37003
1021	4	37004
1021	4	37005
1021	4	37006
1021	4	37007
1021	4	37008
1021	5	37009
1021	5	37010
1021	5	37011
1021	5	37012
1021	5	37013
1021	5	37014
1021	6	37015
1022	0	37016
1022	1	37017
1022	2	37018
1022	3	37019
1022	3	37020
1022	4	37021
1022	4	37022
1022	4	37023
1022	4	37024
1022	4	37025
1022	4	37026
1022	4	37027
1022	4	37028
1022	4	37029
1022	4	37030
1022	4	37031
1022	4	37032
1022	4	37033
1022	4	37034
1022	4	37035
1022	4	37036
1022	4	37037
1022	4	37038
1022	4	37039
1022	4	37040
1022	4	37041
1022	4	37042
1022	4	37043
1022	4	37044
1022	4	37045
1022	4	37046
1022	5	37047
1022	5	37048
1022	5	37049
1022	5	37050
1022	6	37051
1023	0	37052
1023	1	37053
1023	2	37054
1023	3	37055
1023	4	37056
1023	4	37057
1023	4	37058
1023	4	37059
1023	4	37060
1023	4	37061
1023	4	37062
1023	4	37063
1023	4	37064
1023	4	37065
1023	4	37066
1023	4	37067
1023	4	37068
1023	4	37069
1023	4	37070
1023	4	37071
1023	4	37072
1023	4	37073
1023	4	37074
1023	4	37075
1023	4	37076
1023	4	37077
1023	5	37078
1023	5	37079
1023	5	37080
1023	5	37081
1023	6	37082
1024	0	37083
1024	0	37084
1024	0	37085
1024	1	37086
1024	2	37087
1024	4	37088
1024	4	37089
1024	4	37090
1024	4	37091
1024	4	37092
1024	4	37093
1024	4	37094
1024	4	37095
1024	4	37096
1024	4	37097
1024	4	37098
1024	4	37099
1024	5	37100
1024	5	37101
1024	5	37102
1024	5	37103
1024	5	37104
1024	5	37105
1024	5	37106
1024	6	37107
1025	0	37108
1025	0	37109
1025	1	37110
1025	3	37111
1025	4	37112
1025	4	37113
1025	4	37114
1025	4	37115
1025	4	37116
1025	4	37117
1025	4	37118
1025	4	37119
1025	4	37120
1025	4	37121
1025	4	37122
1025	4	37123
1025	4	37124
1025	4	37125
1025	4	37126
1025	4	37127
1025	4	37128
1025	4	37129
1025	4	37130
1025	4	37131
1025	4	37132
1025	4	37133
1025	5	37134
1025	5	37135
1025	5	37136
1025	5	37137
1025	5	37138
1025	6	37139
1026	0	37140
1026	1	37141
1026	2	37142
1026	3	37143
1026	4	37144
1026	4	37145
1026	4	37146
1026	4	37147
1026	4	37148
1026	4	37149
1026	4	37150
1026	4	37151
1026	4	37152
1026	4	37153
1026	4	37154
1026	4	37155
1026	4	37156
1026	4	37157
1026	4	37158
1026	4	37159
1026	4	37160
1026	4	37161
1026	5	37162
1026	5	37163
1026	5	37164
1026	5	37165
1026	5	37166
1026	5	37167
1026	5	37168
1026	5	37169
1026	5	37170
1026	5	37171
1026	5	37172
1026	5	37173
1026	5	37174
1026	5	37175
1026	5	37176
1026	6	37177
1027	0	37178
1027	0	37179
1027	0	37180
1027	1	37181
1027	2	37182
1027	2	37183
1027	3	37184
1027	4	37185
1027	4	37186
1027	4	37187
1027	4	37188
1027	4	37189
1027	4	37190
1027	4	37191
1027	4	37192
1027	4	37193
1027	4	37194
1027	4	37195
1027	4	37196
1027	4	37197
1027	4	37198
1027	4	37199
1027	4	37200
1027	4	37201
1027	4	37202
1027	4	37203
1027	4	37204
1027	4	37205
1027	4	37206
1027	4	37207
1027	5	37208
1027	5	37209
1027	5	37210
1027	5	37211
1027	5	37212
1027	5	37213
1027	5	37214
1027	5	37215
1027	6	37216
1028	0	37217
1028	0	37218
1028	0	37219
1028	0	37220
1028	0	37221
1028	1	37222
1028	3	37223
1028	4	37224
1028	4	37225
1028	4	37226
1028	4	37227
1028	4	37228
1028	4	37229
1028	4	37230
1028	4	37231
1028	4	37232
1028	4	37233
1028	4	37234
1028	4	37235
1028	4	37236
1028	4	37237
1028	4	37238
1028	4	37239
1028	4	37240
1028	4	37241
1028	4	37242
1028	4	37243
1028	5	37244
1028	5	37245
1028	5	37246
1028	5	37247
1028	6	37248
1029	0	37249
1029	1	37250
1029	2	37251
1029	4	37252
1029	4	37253
1029	4	37254
1029	4	37255
1029	4	37256
1029	4	37257
1029	4	37258
1029	4	37259
1029	4	37260
1029	4	37261
1029	4	37262
1029	4	37263
1029	4	37264
1029	4	37265
1029	4	37266
1029	4	37267
1029	4	37268
1029	4	37269
1029	4	37270
1029	5	37271
1029	5	37272
1029	5	37273
1029	5	37274
1029	5	37275
1029	6	37276
1030	0	37277
1030	1	37278
1030	3	37279
1030	4	37280
1030	4	37281
1030	4	37282
1030	4	37283
1030	4	37284
1030	4	37285
1030	4	37286
1030	4	37287
1030	4	37288
1030	4	37289
1030	5	37290
1030	5	37291
1030	5	37292
1030	5	37293
1030	5	37294
1030	5	37295
1030	5	37296
1030	5	37297
1030	5	37298
1030	5	37299
1030	5	37300
1030	6	37301
1031	0	37302
1031	1	37303
1031	2	37304
1031	3	37305
1031	4	37306
1031	4	37307
1031	4	37308
1031	4	37309
1031	4	37310
1031	4	37311
1031	4	37312
1031	4	37313
1031	4	37314
1031	4	37315
1031	4	37316
1031	4	37317
1031	4	37318
1031	4	37319
1031	4	37320
1031	4	37321
1031	4	37322
1031	4	37323
1031	4	37324
1031	4	37325
1031	4	37326
1031	5	37327
1031	5	37328
1031	5	37329
1031	5	37330
1031	6	37331
1032	0	37332
1032	0	37333
1032	0	37334
1032	1	37335
1032	1	37336
1032	2	37337
1032	3	37338
1032	4	37339
1032	4	37340
1032	4	37341
1032	4	37342
1032	4	37343
1032	4	37344
1032	4	37345
1032	4	37346
1032	4	37347
1032	4	37348
1032	4	37349
1032	4	37350
1032	4	37351
1032	4	37352
1032	4	37353
1032	4	37354
1032	4	37355
1032	4	37356
1032	4	37357
1032	5	37358
1032	5	37359
1032	5	37360
1032	5	37361
1032	5	37362
1032	5	37363
1032	6	37364
1033	0	37365
1033	1	37366
1033	3	37367
1033	4	37368
1033	4	37369
1033	4	37370
1033	4	37371
1033	4	37372
1033	4	37373
1033	4	37374
1033	4	37375
1033	4	37376
1033	4	37377
1033	4	37378
1033	6	37379
1033	6	37380
1034	0	37381
1034	0	37382
1034	0	37383
1034	1	37384
1034	3	37385
1034	3	37386
1034	4	37387
1034	4	37388
1034	4	37389
1034	4	37390
1034	4	37391
1034	4	37392
1034	4	37393
1034	4	37394
1034	4	37395
1034	4	37396
1034	4	37397
1034	4	37398
1034	4	37399
1034	5	37400
1034	5	37401
1034	5	37402
1034	5	37403
1034	5	37404
1034	5	37405
1034	5	37406
1034	5	37407
1034	5	37408
1034	6	37409
1035	1	37410
1035	2	37411
1035	3	37412
1035	4	37413
1035	4	37414
1035	4	37415
1035	4	37416
1035	4	37417
1035	4	37418
1035	4	37419
1035	4	37420
1035	4	37421
1035	4	37422
1035	4	37423
1035	4	37424
1035	4	37425
1035	4	37426
1035	4	37427
1035	4	37428
1035	4	37429
1035	4	37430
1035	4	37431
1035	5	37432
1035	5	37433
1035	5	37434
1035	5	37435
1035	6	37436
1036	0	37437
1036	2	37438
1036	4	37439
1036	4	37440
1036	4	37441
1036	4	37442
1036	4	37443
1036	5	37444
1036	6	37445
1037	0	37446
1037	1	37447
1037	2	37448
1037	4	37449
1037	4	37450
1037	4	37451
1037	4	37452
1037	4	37453
1037	4	37454
1037	4	37455
1037	4	37456
1037	4	37457
1037	4	37458
1037	4	37459
1037	4	37460
1037	4	37461
1037	5	37462
1037	5	37463
1037	5	37464
1037	5	37465
1037	5	37466
1037	5	37467
1037	6	37468
1038	0	37469
1038	1	37470
1038	4	37471
1038	4	37472
1038	4	37473
1038	4	37474
1038	4	37475
1038	4	37476
1038	4	37477
1038	4	37478
1038	4	37479
1038	5	37480
1038	5	37481
1038	6	37482
1039	0	37483
1039	1	37484
1039	2	37485
1039	2	37486
1039	4	37487
1039	4	37488
1039	4	37489
1039	4	37490
1039	4	37491
1039	4	37492
1039	4	37493
1039	4	37494
1039	4	37495
1039	4	37496
1039	4	37497
1039	4	37498
1039	4	37499
1039	4	37500
1039	4	37501
1039	5	37502
1039	5	37503
1039	5	37504
1039	5	37505
1039	5	37506
1039	5	37507
1039	6	37508
1040	1	37509
1040	2	37510
1040	2	37511
1040	4	37512
1040	4	37513
1040	4	37514
1040	4	37515
1040	4	37516
1040	4	37517
1040	4	37518
1040	4	37519
1040	4	37520
1040	4	37521
1040	4	37522
1040	4	37523
1040	4	37524
1040	4	37525
1040	4	37526
1040	5	37527
1040	5	37528
1040	5	37529
1040	5	37530
1040	5	37531
1040	6	37532
1041	1	37533
1041	2	37534
1041	3	37535
1041	4	37536
1041	4	37537
1041	4	37538
1041	4	37539
1041	4	37540
1041	4	37541
1041	4	37542
1041	4	37543
1041	4	37544
1041	4	37545
1041	4	37546
1041	4	37547
1041	4	37548
1041	4	37549
1041	4	37550
1041	4	37551
1041	4	37552
1041	4	37553
1041	4	37554
1041	5	37555
1041	5	37556
1041	5	37557
1041	6	37558
1042	0	37559
1042	1	37560
1042	2	37561
1042	3	37562
1042	4	37563
1042	4	37564
1042	4	37565
1042	4	37566
1042	4	37567
1042	4	37568
1042	4	37569
1042	4	37570
1042	4	37571
1042	4	37572
1042	4	37573
1042	4	37574
1042	4	37575
1042	5	37576
1042	5	37577
1042	5	37578
1042	5	37579
1042	5	37580
1042	6	37581
1043	4	37582
1043	4	37583
1043	4	37584
1043	4	37585
1043	4	37586
1043	4	37587
1043	4	37588
1043	4	37589
1043	4	37590
1043	4	37591
1043	4	37592
1043	4	37593
1043	4	37594
1044	0	37595
1044	1	37596
1044	2	37597
1044	2	37598
1044	2	37599
1044	3	37600
1044	4	37601
1044	4	37602
1044	4	37603
1044	4	37604
1044	4	37605
1044	4	37606
1044	4	37607
1044	4	37608
1044	4	37609
1044	4	37610
1044	4	37611
1044	4	37612
1044	4	37613
1044	4	37614
1044	4	37615
1044	5	37616
1044	5	37617
1044	5	37618
1044	6	37619
1045	2	37620
1045	3	37621
1045	4	37622
1045	4	37623
1045	4	37624
1045	4	37625
1045	4	37626
1045	4	37627
1045	4	37628
1045	4	37629
1045	4	37630
1045	4	37631
1045	4	37632
1045	4	37633
1045	4	37634
1045	4	37635
1045	4	37636
1045	5	37637
1045	5	37638
1045	5	37639
1045	5	37640
1045	6	37641
1046	1	37642
1046	2	37643
1046	4	37644
1046	4	37645
1046	4	37646
1046	4	37647
1046	4	37648
1046	4	37649
1046	4	37650
1046	4	37651
1046	4	37652
1046	6	37653
1047	0	37654
1047	1	37655
1047	1	37656
1047	2	37657
1047	3	37658
1047	3	37659
1047	4	37660
1047	4	37661
1047	4	37662
1047	4	37663
1047	4	37664
1047	4	37665
1047	4	37666
1047	4	37667
1047	4	37668
1047	4	37669
1047	4	37670
1047	4	37671
1047	4	37672
1047	4	37673
1047	5	37674
1047	5	37675
1047	5	37676
1047	6	37677
1048	0	37678
1048	0	37679
1048	1	37680
1048	2	37681
1048	2	37682
1048	3	37683
1048	4	37684
1048	4	37685
1048	4	37686
1048	4	37687
1048	4	37688
1048	4	37689
1048	4	37690
1048	4	37691
1048	4	37692
1048	4	37693
1048	4	37694
1048	4	37695
1048	4	37696
1048	4	37697
1048	4	37698
1048	4	37699
1048	4	37700
1048	4	37701
1048	4	37702
1048	4	37703
1048	4	37704
1048	4	37705
1048	4	37706
1048	4	37707
1048	4	37708
1048	4	37709
1048	4	37710
1048	5	37711
1048	5	37712
1048	5	37713
1048	5	37714
1048	6	37715
1049	2	37716
1049	3	37717
1049	4	37718
1049	4	37719
1049	4	37720
1049	4	37721
1049	4	37722
1049	4	37723
1049	4	37724
1049	4	37725
1049	4	37726
1049	4	37727
1049	4	37728
1049	5	37729
1049	5	37730
1049	5	37731
1049	6	37732
1050	1	37733
1050	2	37734
1050	2	37735
1050	3	37736
1050	4	37737
1050	4	37738
1050	4	37739
1050	4	37740
1050	4	37741
1050	4	37742
1050	4	37743
1050	4	37744
1050	4	37745
1050	4	37746
1050	4	37747
1050	4	37748
1050	4	37749
1050	4	37750
1050	4	37751
1050	4	37752
1050	4	37753
1050	4	37754
1050	4	37755
1050	4	37756
1050	4	37757
1050	4	37758
1050	4	37759
1050	5	37760
1050	5	37761
1050	5	37762
1050	5	37763
1050	6	37764
1051	1	37765
1051	2	37766
1051	3	37767
1051	4	37768
1051	4	37769
1051	4	37770
1051	4	37771
1051	4	37772
1051	4	37773
1051	4	37774
1051	4	37775
1051	4	37776
1051	4	37777
1051	4	37778
1051	4	37779
1051	4	37780
1051	5	37781
1051	5	37782
1051	5	37783
1051	5	37784
1051	5	37785
1051	5	37786
1051	5	37787
1051	6	37788
1052	0	37789
1052	0	37790
1052	1	37791
1052	1	37792
1052	2	37793
1052	4	37794
1052	4	37795
1052	4	37796
1052	4	37797
1052	4	37798
1052	4	37799
1052	4	37800
1052	4	37801
1052	4	37802
1052	4	37803
1052	4	37804
1052	4	37805
1052	5	37806
1052	5	37807
1052	5	37808
1052	5	37809
1052	5	37810
1052	6	37811
1053	0	37812
1053	0	37813
1053	1	37814
1053	2	37815
1053	3	37816
1053	4	37817
1053	4	37818
1053	4	37819
1053	4	37820
1053	4	37821
1053	4	37822
1053	4	37823
1053	4	37824
1053	4	37825
1053	4	37826
1053	4	37827
1053	4	37828
1053	4	37829
1053	4	37830
1053	4	37831
1053	4	37832
1053	4	37833
1053	5	37834
1053	5	37835
1053	5	37836
1053	5	37837
1053	5	37838
1053	5	37839
1053	5	37840
1053	5	37841
1053	5	37842
1053	5	37843
1053	5	37844
1053	5	37845
1053	6	37846
1054	0	37847
1054	0	37848
1054	1	37849
1054	3	37850
1054	4	37851
1054	4	37852
1054	4	37853
1054	4	37854
1054	4	37855
1054	4	37856
1054	4	37857
1054	4	37858
1054	4	37859
1054	4	37860
1054	4	37861
1054	4	37862
1054	5	37863
1054	5	37864
1054	5	37865
1054	6	37866
1055	0	37867
1055	0	37868
1055	1	37869
1055	2	37870
1055	3	37871
1055	4	37872
1055	4	37873
1055	4	37874
1055	4	37875
1055	4	37876
1055	4	37877
1055	4	37878
1055	4	37879
1055	4	37880
1055	4	37881
1055	4	37882
1055	4	37883
1055	4	37884
1055	4	37885
1055	4	37886
1055	4	37887
1055	4	37888
1055	4	37889
1055	5	37890
1055	5	37891
1055	5	37892
1055	5	37893
1055	5	37894
1055	5	37895
1055	6	37896
1056	0	37897
1056	1	37898
1056	2	37899
1056	3	37900
1056	4	37901
1056	4	37902
1056	4	37903
1056	4	37904
1056	4	37905
1056	4	37906
1056	4	37907
1056	4	37908
1056	4	37909
1056	4	37910
1056	4	37911
1056	4	37912
1056	4	37913
1056	4	37914
1056	4	37915
1056	4	37916
1056	4	37917
1056	5	37918
1056	5	37919
1056	5	37920
1056	5	37921
1056	5	37922
1056	5	37923
1056	5	37924
1056	6	37925
1057	1	37926
1057	1	37927
1057	2	37928
1057	4	37929
1057	4	37930
1057	4	37931
1057	4	37932
1057	4	37933
1057	4	37934
1057	4	37935
1057	4	37936
1057	4	37937
1057	4	37938
1057	4	37939
1057	4	37940
1057	4	37941
1057	4	37942
1057	4	37943
1057	4	37944
1057	4	37945
1057	4	37946
1057	4	37947
1057	4	37948
1057	4	37949
1057	5	37950
1057	5	37951
1057	5	37952
1057	5	37953
1057	6	37954
1058	0	37955
1058	1	37956
1058	2	37957
1058	4	37958
1058	4	37959
1058	4	37960
1058	4	37961
1058	4	37962
1058	4	37963
1058	4	37964
1058	4	37965
1058	4	37966
1058	4	37967
1058	4	37968
1058	4	37969
1058	4	37970
1058	4	37971
1058	4	37972
1058	4	37973
1058	4	37974
1058	4	37975
1058	4	37976
1058	4	37977
1058	4	37978
1058	4	37979
1058	4	37980
1058	5	37981
1058	5	37982
1058	5	37983
1058	5	37984
1058	6	37985
1059	0	37986
1059	1	37987
1059	2	37988
1059	4	37989
1059	4	37990
1059	4	37991
1059	4	37992
1059	4	37993
1059	4	37994
1059	4	37995
1059	4	37996
1059	4	37997
1059	4	37998
1059	4	37999
1059	4	38000
1059	4	38001
1059	4	38002
1059	4	38003
1059	5	38004
1059	5	38005
1059	5	38006
1059	5	38007
1059	6	38008
1060	0	38009
1060	2	38010
1060	3	38011
1060	4	38012
1060	4	38013
1060	4	38014
1060	4	38015
1060	4	38016
1060	4	38017
1060	4	38018
1060	4	38019
1060	4	38020
1060	4	38021
1060	4	38022
1060	4	38023
1060	4	38024
1060	4	38025
1060	4	38026
1060	4	38027
1060	5	38028
1060	5	38029
1060	5	38030
1060	5	38031
1060	6	38032
1061	0	38033
1061	1	38034
1061	2	38035
1061	2	38036
1061	3	38037
1061	3	38038
1061	4	38039
1061	4	38040
1061	4	38041
1061	4	38042
1061	4	38043
1061	4	38044
1061	4	38045
1061	4	38046
1061	4	38047
1061	4	38048
1061	4	38049
1061	4	38050
1061	4	38051
1061	4	38052
1061	4	38053
1061	4	38054
1061	4	38055
1061	4	38056
1061	4	38057
1061	4	38058
1061	5	38059
1061	5	38060
1061	5	38061
1061	6	38062
1062	1	38063
1062	4	38064
1062	4	38065
1062	4	38066
1062	4	38067
1062	4	38068
1062	4	38069
1062	4	38070
1062	4	38071
1062	4	38072
1062	4	38073
1062	5	38074
1062	5	38075
1062	5	38076
1062	5	38077
1062	5	38078
1063	1	38079
1063	4	38080
1063	4	38081
1063	4	38082
1063	4	38083
1063	4	38084
1063	4	38085
1063	4	38086
1063	4	38087
1063	4	38088
1063	5	38089
1063	5	38090
1063	5	38091
1063	5	38092
1063	6	38093
1064	2	38094
1064	4	38095
1064	4	38096
1064	4	38097
1064	4	38098
1064	4	38099
1064	4	38100
1064	4	38101
1064	4	38102
1064	4	38103
1064	5	38104
1064	5	38105
1064	5	38106
1064	5	38107
1064	5	38108
1064	5	38109
1064	5	38110
1064	6	38111
1065	0	38112
1065	0	38113
1065	1	38114
1065	3	38115
1065	4	38116
1065	4	38117
1065	4	38118
1065	4	38119
1065	4	38120
1065	4	38121
1065	4	38122
1065	4	38123
1065	4	38124
1065	4	38125
1065	4	38126
1065	4	38127
1065	4	38128
1065	4	38129
1065	4	38130
1065	4	38131
1065	4	38132
1065	4	38133
1065	4	38134
1065	5	38135
1065	5	38136
1065	5	38137
1065	5	38138
1065	5	38139
1065	5	38140
1065	6	38141
1066	0	38142
1066	0	38143
1066	1	38144
1066	2	38145
1066	2	38146
1066	3	38147
1066	4	38148
1066	4	38149
1066	4	38150
1066	4	38151
1066	4	38152
1066	4	38153
1066	4	38154
1066	4	38155
1066	4	38156
1066	4	38157
1066	4	38158
1066	4	38159
1066	5	38160
1066	5	38161
1066	5	38162
1066	5	38163
1066	6	38164
1067	0	38165
1067	1	38166
1067	2	38167
1067	2	38168
1067	3	38169
1067	4	38170
1067	4	38171
1067	4	38172
1067	4	38173
1067	4	38174
1067	4	38175
1067	4	38176
1067	4	38177
1067	4	38178
1067	4	38179
1067	4	38180
1067	4	38181
1067	4	38182
1067	4	38183
1067	4	38184
1067	5	38185
1067	5	38186
1067	5	38187
1067	5	38188
1067	5	38189
1067	6	38190
1068	0	38191
1068	0	38192
1068	1	38193
1068	2	38194
1068	3	38195
1068	4	38196
1068	4	38197
1068	4	38198
1068	4	38199
1068	4	38200
1068	4	38201
1068	4	38202
1068	4	38203
1068	4	38204
1068	4	38205
1068	4	38206
1068	4	38207
1068	4	38208
1068	4	38209
1068	4	38210
1068	4	38211
1068	4	38212
1068	5	38213
1068	5	38214
1068	5	38215
1068	5	38216
1068	5	38217
1068	6	38218
1069	0	38219
1069	0	38220
1069	1	38221
1069	3	38222
1069	4	38223
1069	4	38224
1069	4	38225
1069	4	38226
1069	4	38227
1069	4	38228
1069	4	38229
1069	4	38230
1069	4	38231
1069	4	38232
1069	4	38233
1069	4	38234
1069	5	38235
1069	5	38236
1069	5	38237
1069	5	38238
1069	6	38239
1070	0	38240
1070	1	38241
1070	3	38242
1070	4	38243
1070	4	38244
1070	4	38245
1070	4	38246
1070	4	38247
1070	4	38248
1070	4	38249
1070	4	38250
1070	4	38251
1070	4	38252
1070	4	38253
1070	4	38254
1070	4	38255
1070	4	38256
1070	4	38257
1070	4	38258
1070	4	38259
1070	4	38260
1070	4	38261
1070	4	38262
1070	5	38263
1070	5	38264
1070	5	38265
1070	5	38266
1070	6	38267
1071	0	38268
1071	0	38269
1071	1	38270
1071	2	38271
1071	2	38272
1071	4	38273
1071	4	38274
1071	4	38275
1071	4	38276
1071	4	38277
1071	4	38278
1071	4	38279
1071	4	38280
1071	5	38281
1071	5	38282
1071	6	38283
1072	4	38284
1072	4	38285
1072	4	38286
1072	4	38287
1072	4	38288
1072	4	38289
1072	4	38290
1072	4	38291
1072	4	38292
1072	4	38293
1072	4	38294
1072	4	38295
1073	1	38296
1073	2	38297
1073	2	38298
1073	4	38299
1073	4	38300
1073	4	38301
1073	4	38302
1073	4	38303
1073	4	38304
1073	4	38305
1073	4	38306
1073	4	38307
1073	4	38308
1073	4	38309
1073	4	38310
1073	4	38311
1073	4	38312
1073	4	38313
1073	4	38314
1073	4	38315
1073	5	38316
1073	5	38317
1073	5	38318
1073	5	38319
1073	6	38320
1074	2	38321
1074	3	38322
1074	4	38323
1074	4	38324
1074	4	38325
1074	4	38326
1074	4	38327
1074	4	38328
1074	4	38329
1074	4	38330
1074	4	38331
1074	4	38332
1074	4	38333
1074	5	38334
1074	5	38335
1074	5	38336
1074	6	38337
1075	0	38338
1075	0	38339
1075	1	38340
1075	2	38341
1075	3	38342
1075	4	38343
1075	4	38344
1075	4	38345
1075	4	38346
1075	4	38347
1075	4	38348
1075	4	38349
1075	4	38350
1075	4	38351
1075	4	38352
1075	4	38353
1075	4	38354
1075	4	38355
1075	4	38356
1075	4	38357
1075	4	38358
1075	4	38359
1075	4	38360
1075	5	38361
1075	5	38362
1075	5	38363
1075	5	38364
1075	5	38365
1075	5	38366
1075	5	38367
1075	6	38368
1076	1	38369
1076	2	38370
1076	4	38371
1076	4	38372
1076	4	38373
1076	4	38374
1076	4	38375
1076	4	38376
1076	4	38377
1076	4	38378
1076	4	38379
1076	4	38380
1076	4	38381
1076	4	38382
1076	4	38383
1076	4	38384
1076	4	38385
1076	4	38386
1076	4	38387
1076	4	38388
1076	4	38389
1076	4	38390
1076	4	38391
1076	4	38392
1076	5	38393
1076	5	38394
1076	5	38395
1076	5	38396
1076	5	38397
1076	5	38398
1076	6	38399
1077	0	38400
1077	0	38401
1077	1	38402
1077	2	38403
1077	4	38404
1077	4	38405
1077	4	38406
1077	4	38407
1077	4	38408
1077	4	38409
1077	4	38410
1077	4	38411
1077	4	38412
1077	4	38413
1077	4	38414
1077	4	38415
1077	5	38416
1077	5	38417
1077	5	38418
1077	5	38419
1077	5	38420
1077	5	38421
1077	6	38422
1078	2	38423
1078	4	38424
1078	4	38425
1078	4	38426
1078	4	38427
1078	4	38428
1078	5	38429
1078	5	38430
1078	6	38431
1078	6	38432
1079	2	38433
1079	3	38434
1079	4	38435
1079	4	38436
1079	4	38437
1079	4	38438
1079	4	38439
1079	4	38440
1079	4	38441
1079	4	38442
1079	4	38443
1079	4	38444
1079	4	38445
1079	4	38446
1079	4	38447
1079	4	38448
1079	4	38449
1079	4	38450
1079	4	38451
1079	4	38452
1079	4	38453
1079	4	38454
1079	5	38455
1079	5	38456
1079	5	38457
1079	6	38458
1080	1	38459
1080	2	38460
1080	3	38461
1080	4	38462
1080	4	38463
1080	4	38464
1080	4	38465
1080	4	38466
1080	4	38467
1080	4	38468
1080	4	38469
1080	4	38470
1080	4	38471
1080	4	38472
1080	4	38473
1080	4	38474
1080	4	38475
1080	4	38476
1080	4	38477
1080	4	38478
1080	4	38479
1080	4	38480
1080	5	38481
1080	5	38482
1080	5	38483
1080	5	38484
1080	5	38485
1080	6	38486
1081	0	38487
1081	1	38488
1081	2	38489
1081	2	38490
1081	2	38491
1081	3	38492
1081	4	38493
1081	4	38494
1081	4	38495
1081	4	38496
1081	4	38497
1081	4	38498
1081	4	38499
1081	4	38500
1081	4	38501
1081	4	38502
1081	4	38503
1081	4	38504
1081	4	38505
1081	5	38506
1081	5	38507
1081	6	38508
1082	0	38509
1082	2	38510
1082	2	38511
1082	3	38512
1082	4	38513
1082	4	38514
1082	4	38515
1082	4	38516
1082	4	38517
1082	4	38518
1082	4	38519
1082	4	38520
1082	4	38521
1082	4	38522
1082	4	38523
1082	4	38524
1082	4	38525
1082	4	38526
1082	4	38527
1082	4	38528
1082	4	38529
1082	4	38530
1082	4	38531
1082	4	38532
1082	4	38533
1082	4	38534
1082	4	38535
1082	4	38536
1082	4	38537
1082	4	38538
1082	4	38539
1082	4	38540
1082	4	38541
1082	4	38542
1082	4	38543
1082	5	38544
1082	5	38545
1082	5	38546
1082	5	38547
1082	5	38548
1082	5	38549
1082	5	38550
1082	6	38551
1083	0	38552
1083	4	38553
1083	4	38554
1083	4	38555
1083	4	38556
1083	4	38557
1083	4	38558
1083	4	38559
1083	4	38560
1083	4	38561
1083	4	38562
1083	4	38563
1083	4	38564
1083	4	38565
1083	4	38566
1083	4	38567
1083	4	38568
1083	4	38569
1083	4	38570
1083	4	38571
1083	4	38572
1083	4	38573
1083	4	38574
1083	4	38575
1083	4	38576
1083	4	38577
1083	4	38578
1083	4	38579
1083	4	38580
1083	4	38581
1083	4	38582
1083	5	38583
1083	5	38584
1083	5	38585
1083	6	38586
1084	0	38587
1084	1	38588
1084	2	38589
1084	2	38590
1084	2	38591
1084	3	38592
1084	4	38593
1084	4	38594
1084	4	38595
1084	4	38596
1084	4	38597
1084	4	38598
1084	4	38599
1084	4	38600
1084	4	38601
1084	4	38602
1084	4	38603
1084	4	38604
1084	4	38605
1084	4	38606
1084	4	38607
1084	4	38608
1084	4	38609
1084	4	38610
1084	4	38611
1084	4	38612
1084	4	38613
1084	4	38614
1084	4	38615
1084	4	38616
1084	4	38617
1084	4	38618
1084	5	38619
1084	5	38620
1084	5	38621
1084	6	38622
1085	0	38623
1085	1	38624
1085	2	38625
1085	2	38626
1085	3	38627
1085	4	38628
1085	4	38629
1085	4	38630
1085	4	38631
1085	4	38632
1085	4	38633
1085	4	38634
1085	4	38635
1085	4	38636
1085	4	38637
1085	4	38638
1085	4	38639
1085	4	38640
1085	4	38641
1085	4	38642
1085	4	38643
1085	4	38644
1085	4	38645
1085	4	38646
1085	4	38647
1085	4	38648
1085	4	38649
1085	5	38650
1085	5	38651
1085	5	38652
1085	5	38653
1085	5	38654
1085	6	38655
1086	0	38656
1086	1	38657
1086	3	38658
1086	4	38659
1086	4	38660
1086	4	38661
1086	4	38662
1086	4	38663
1086	4	38664
1086	4	38665
1086	4	38666
1086	4	38667
1086	4	38668
1086	4	38669
1086	5	38670
1086	5	38671
1086	5	38672
1087	0	38673
1087	1	38674
1087	2	38675
1087	4	38676
1087	4	38677
1087	4	38678
1087	4	38679
1087	4	38680
1087	4	38681
1087	4	38682
1087	4	38683
1087	4	38684
1087	4	38685
1087	4	38686
1087	4	38687
1087	4	38688
1087	4	38689
1087	4	38690
1087	4	38691
1087	4	38692
1087	4	38693
1087	4	38694
1087	4	38695
1087	4	38696
1087	4	38697
1087	5	38698
1087	5	38699
1087	5	38700
1087	5	38701
1087	5	38702
1087	5	38703
1087	6	38704
1088	0	38705
1088	0	38706
1088	1	38707
1088	2	38708
1088	3	38709
1088	4	38710
1088	4	38711
1088	4	38712
1088	4	38713
1088	4	38714
1088	4	38715
1088	4	38716
1088	4	38717
1088	4	38718
1088	4	38719
1088	4	38720
1088	4	38721
1088	4	38722
1088	4	38723
1088	4	38724
1088	4	38725
1088	4	38726
1088	4	38727
1088	5	38728
1088	5	38729
1088	5	38730
1088	5	38731
1088	5	38732
1088	6	38733
1089	0	38734
1089	1	38735
1089	2	38736
1089	2	38737
1089	3	38738
1089	4	38739
1089	4	38740
1089	4	38741
1089	4	38742
1089	4	38743
1089	4	38744
1089	4	38745
1089	4	38746
1089	4	38747
1089	4	38748
1089	4	38749
1089	4	38750
1089	4	38751
1089	4	38752
1089	4	38753
1089	4	38754
1089	5	38755
1089	5	38756
1089	5	38757
1089	5	38758
1089	5	38759
1089	5	38760
1089	5	38761
1089	5	38762
1089	6	38763
1090	0	38764
1090	0	38765
1090	1	38766
1090	2	38767
1090	2	38768
1090	3	38769
1090	4	38770
1090	4	38771
1090	4	38772
1090	4	38773
1090	4	38774
1090	4	38775
1090	4	38776
1090	4	38777
1090	4	38778
1090	4	38779
1090	4	38780
1090	4	38781
1090	4	38782
1090	4	38783
1090	4	38784
1090	4	38785
1090	4	38786
1090	4	38787
1090	5	38788
1090	5	38789
1090	5	38790
1090	5	38791
1090	5	38792
1090	5	38793
1090	5	38794
1090	5	38795
1090	6	38796
1091	0	38797
1091	1	38798
1091	2	38799
1091	3	38800
1091	4	38801
1091	4	38802
1091	4	38803
1091	4	38804
1091	4	38805
1091	4	38806
1091	4	38807
1091	4	38808
1091	4	38809
1091	4	38810
1091	4	38811
1091	4	38812
1091	4	38813
1091	4	38814
1091	4	38815
1091	4	38816
1091	4	38817
1091	4	38818
1091	4	38819
1091	5	38820
1091	5	38821
1091	5	38822
1091	5	38823
1091	5	38824
1091	5	38825
1091	6	38826
1092	0	38827
1092	1	38828
1092	4	38829
1092	4	38830
1092	4	38831
1092	4	38832
1092	4	38833
1092	4	38834
1092	4	38835
1092	4	38836
1092	4	38837
1092	4	38838
1092	4	38839
1092	4	38840
1092	4	38841
1092	4	38842
1092	4	38843
1092	4	38844
1092	5	38845
1092	5	38846
1092	5	38847
1092	5	38848
1092	5	38849
1092	5	38850
1092	6	38851
1093	0	38852
1093	0	38853
1093	1	38854
1093	2	38855
1093	3	38856
1093	4	38857
1093	4	38858
1093	4	38859
1093	4	38860
1093	4	38861
1093	4	38862
1093	4	38863
1093	4	38864
1093	4	38865
1093	4	38866
1093	4	38867
1093	4	38868
1093	4	38869
1093	4	38870
1093	5	38871
1093	5	38872
1093	5	38873
1093	6	38874
1094	0	38875
1094	1	38876
1094	2	38877
1094	3	38878
1094	4	38879
1094	4	38880
1094	4	38881
1094	4	38882
1094	4	38883
1094	4	38884
1094	4	38885
1094	4	38886
1094	4	38887
1094	4	38888
1094	4	38889
1094	4	38890
1094	4	38891
1094	5	38892
1094	5	38893
1094	5	38894
1094	5	38895
1094	6	38896
1095	0	38897
1095	1	38898
1095	2	38899
1095	4	38900
1095	4	38901
1095	4	38902
1095	4	38903
1095	4	38904
1095	4	38905
1095	4	38906
1095	4	38907
1095	4	38908
1095	4	38909
1095	4	38910
1095	4	38911
1095	4	38912
1095	4	38913
1095	4	38914
1095	4	38915
1095	4	38916
1095	4	38917
1095	4	38918
1095	4	38919
1095	4	38920
1095	4	38921
1095	4	38922
1095	4	38923
1095	4	38924
1095	4	38925
1095	4	38926
1095	4	38927
1095	4	38928
1095	4	38929
1095	4	38930
1095	4	38931
1095	4	38932
1095	4	38933
1095	4	38934
1095	4	38935
1095	4	38936
1095	4	38937
1095	4	38938
1095	5	38939
1095	5	38940
1095	6	38941
1096	0	38942
1096	0	38943
1096	1	38944
1096	2	38945
1096	2	38946
1096	4	38947
1096	4	38948
1096	4	38949
1096	4	38950
1096	4	38951
1096	4	38952
1096	4	38953
1096	4	38954
1096	4	38955
1096	4	38956
1096	4	38957
1096	4	38958
1096	4	38959
1096	4	38960
1096	4	38961
1096	4	38962
1096	4	38963
1096	4	38964
1096	4	38965
1096	4	38966
1096	4	38967
1096	5	38968
1096	5	38969
1096	5	38970
1096	5	38971
1096	5	38972
1096	5	38973
1096	5	38974
1097	0	38975
1097	1	38976
1097	1	38977
1097	2	38978
1097	2	38979
1097	3	38980
1097	4	38981
1097	4	38982
1097	4	38983
1097	4	38984
1097	4	38985
1097	4	38986
1097	4	38987
1097	4	38988
1097	4	38989
1097	4	38990
1097	4	38991
1097	4	38992
1097	4	38993
1097	4	38994
1097	4	38995
1097	4	38996
1097	4	38997
1097	5	38998
1097	5	38999
1097	5	39000
1097	6	39001
1098	0	39002
1098	0	39003
1098	0	39004
1098	0	39005
1098	1	39006
1098	2	39007
1098	2	39008
1098	3	39009
1098	4	39010
1098	4	39011
1098	4	39012
1098	4	39013
1098	4	39014
1098	4	39015
1098	4	39016
1098	4	39017
1098	4	39018
1098	4	39019
1098	4	39020
1098	4	39021
1098	4	39022
1098	4	39023
1098	4	39024
1098	4	39025
1098	4	39026
1098	4	39027
1098	4	39028
1098	4	39029
1098	4	39030
1098	5	39031
1098	5	39032
1098	5	39033
1098	6	39034
1099	1	39035
1099	2	39036
1099	2	39037
1099	3	39038
1099	4	39039
1099	4	39040
1099	4	39041
1099	4	39042
1099	4	39043
1099	4	39044
1099	4	39045
1099	4	39046
1099	4	39047
1099	4	39048
1099	4	39049
1099	4	39050
1099	4	39051
1099	4	39052
1099	4	39053
1099	4	39054
1099	4	39055
1099	4	39056
1099	4	39057
1099	4	39058
1099	4	39059
1099	4	39060
1099	4	39061
1099	4	39062
1099	5	39063
1099	5	39064
1099	5	39065
1099	5	39066
1099	5	39067
1099	5	39068
1099	5	39069
1099	5	39070
1099	6	39071
1100	1	39072
1100	2	39073
1100	2	39074
1100	2	39075
1100	4	39076
1100	4	39077
1100	4	39078
1100	4	39079
1100	4	39080
1100	4	39081
1100	4	39082
1100	4	39083
1100	4	39084
1100	4	39085
1100	4	39086
1100	4	39087
1100	4	39088
1100	4	39089
1100	4	39090
1100	4	39091
1100	4	39092
1100	4	39093
1100	4	39094
1100	4	39095
1100	4	39096
1100	4	39097
1100	4	39098
1100	4	39099
1100	4	39100
1100	4	39101
1100	4	39102
1100	4	39103
1100	4	39104
1100	4	39105
1100	4	39106
1100	4	39107
1100	4	39108
1100	4	39109
1100	4	39110
1100	4	39111
1100	4	39112
1100	4	39113
1100	4	39114
1100	4	39115
1100	4	39116
1100	4	39117
1100	5	39118
1100	5	39119
1100	5	39120
1100	5	39121
1100	5	39122
1100	5	39123
1100	5	39124
1100	6	39125
1101	0	39126
1101	1	39127
1101	2	39128
1101	3	39129
1101	4	39130
1101	4	39131
1101	4	39132
1101	4	39133
1101	4	39134
1101	4	39135
1101	4	39136
1101	4	39137
1101	4	39138
1101	4	39139
1101	4	39140
1101	4	39141
1101	4	39142
1101	4	39143
1101	4	39144
1101	4	39145
1101	4	39146
1101	4	39147
1101	4	39148
1101	4	39149
1101	4	39150
1101	4	39151
1101	4	39152
1101	4	39153
1101	4	39154
1101	5	39155
1101	5	39156
1101	5	39157
1101	5	39158
1101	5	39159
1101	5	39160
1101	6	39161
1102	0	39162
1102	0	39163
1102	1	39164
1102	2	39165
1102	2	39166
1102	3	39167
1102	4	39168
1102	4	39169
1102	4	39170
1102	4	39171
1102	4	39172
1102	4	39173
1102	4	39174
1102	4	39175
1102	4	39176
1102	4	39177
1102	4	39178
1102	4	39179
1102	4	39180
1102	4	39181
1102	5	39182
1102	5	39183
1102	5	39184
1102	5	39185
1102	6	39186
1103	1	39187
1103	2	39188
1103	3	39189
1103	4	39190
1103	4	39191
1103	4	39192
1103	4	39193
1103	4	39194
1103	4	39195
1103	4	39196
1103	4	39197
1103	4	39198
1103	4	39199
1103	4	39200
1103	4	39201
1103	4	39202
1103	4	39203
1103	5	39204
1103	5	39205
1103	5	39206
1103	5	39207
1103	5	39208
1103	6	39209
1104	1	39210
1104	2	39211
1104	3	39212
1104	4	39213
1104	4	39214
1104	4	39215
1104	4	39216
1104	4	39217
1104	4	39218
1104	4	39219
1104	4	39220
1104	4	39221
1104	4	39222
1104	4	39223
1104	4	39224
1104	5	39225
1104	5	39226
1104	5	39227
1104	5	39228
1104	5	39229
1104	5	39230
1104	6	39231
1105	0	39232
1105	1	39233
1105	2	39234
1105	2	39235
1105	2	39236
1105	2	39237
1105	3	39238
1105	4	39239
1105	4	39240
1105	4	39241
1105	4	39242
1105	4	39243
1105	4	39244
1105	4	39245
1105	4	39246
1105	4	39247
1105	4	39248
1105	4	39249
1105	4	39250
1105	4	39251
1105	4	39252
1105	5	39253
1105	5	39254
1105	5	39255
1105	6	39256
1106	0	39257
1106	0	39258
1106	1	39259
1106	3	39260
1106	4	39261
1106	4	39262
1106	4	39263
1106	4	39264
1106	4	39265
1106	4	39266
1106	4	39267
1106	4	39268
1106	4	39269
1106	4	39270
1106	4	39271
1106	4	39272
1106	4	39273
1106	4	39274
1106	4	39275
1106	4	39276
1106	5	39277
1106	5	39278
1106	5	39279
1106	5	39280
1106	5	39281
1106	6	39282
1107	0	39283
1107	0	39284
1107	1	39285
1107	2	39286
1107	3	39287
1107	4	39288
1107	4	39289
1107	4	39290
1107	4	39291
1107	4	39292
1107	4	39293
1107	4	39294
1107	4	39295
1107	4	39296
1107	4	39297
1107	4	39298
1107	4	39299
1107	4	39300
1107	4	39301
1107	4	39302
1107	5	39303
1107	5	39304
1107	5	39305
1107	6	39306
1108	0	39307
1108	0	39308
1108	1	39309
1108	2	39310
1108	3	39311
1108	4	39312
1108	4	39313
1108	4	39314
1108	4	39315
1108	4	39316
1108	4	39317
1108	4	39318
1108	4	39319
1108	4	39320
1108	4	39321
1108	4	39322
1108	4	39323
1108	4	39324
1108	4	39325
1108	4	39326
1108	4	39327
1108	4	39328
1108	4	39329
1108	5	39330
1108	5	39331
1108	5	39332
1108	5	39333
1108	5	39334
1108	6	39335
1109	0	39336
1109	1	39337
1109	2	39338
1109	4	39339
1109	4	39340
1109	4	39341
1109	4	39342
1109	4	39343
1109	4	39344
1109	4	39345
1109	4	39346
1109	4	39347
1109	4	39348
1109	4	39349
1109	4	39350
1109	4	39351
1109	4	39352
1109	4	39353
1109	4	39354
1109	4	39355
1109	4	39356
1109	4	39357
1109	4	39358
1109	4	39359
1109	4	39360
1109	4	39361
1109	4	39362
1109	4	39363
1109	4	39364
1109	5	39365
1109	5	39366
1109	5	39367
1109	5	39368
1109	5	39369
1109	5	39370
1109	5	39371
1109	5	39372
1109	5	39373
1109	5	39374
1109	5	39375
1109	5	39376
1109	5	39377
1109	5	39378
1109	5	39379
1109	5	39380
1109	5	39381
1109	5	39382
1109	5	39383
1109	5	39384
1109	5	39385
1109	5	39386
1109	5	39387
1109	5	39388
1109	6	39389
1110	0	39390
1110	0	39391
1110	0	39392
1110	1	39393
1110	2	39394
1110	2	39395
1110	3	39396
1110	4	39397
1110	4	39398
1110	4	39399
1110	4	39400
1110	4	39401
1110	4	39402
1110	4	39403
1110	4	39404
1110	4	39405
1110	4	39406
1110	4	39407
1110	4	39408
1110	4	39409
1110	4	39410
1110	4	39411
1110	4	39412
1110	4	39413
1110	4	39414
1110	4	39415
1110	4	39416
1110	4	39417
1110	5	39418
1110	5	39419
1110	5	39420
1110	6	39421
1111	2	39422
1111	2	39423
1111	3	39424
1111	4	39425
1111	4	39426
1111	4	39427
1111	4	39428
1111	4	39429
1111	4	39430
1111	4	39431
1111	4	39432
1111	4	39433
1111	5	39434
1111	6	39435
1112	0	39436
1112	1	39437
1112	2	39438
1112	4	39439
1112	4	39440
1112	4	39441
1112	4	39442
1112	4	39443
1112	4	39444
1112	4	39445
1112	4	39446
1112	4	39447
1112	4	39448
1112	4	39449
1112	4	39450
1112	4	39451
1112	5	39452
1112	5	39453
1112	5	39454
1112	5	39455
1112	5	39456
1112	5	39457
1112	5	39458
1112	6	39459
1113	1	39460
1113	2	39461
1113	2	39462
1113	4	39463
1113	4	39464
1113	4	39465
1113	4	39466
1113	4	39467
1113	4	39468
1113	4	39469
1113	5	39470
1113	5	39471
1113	5	39472
1113	5	39473
1113	6	39474
1114	0	39475
1114	0	39476
1114	0	39477
1114	1	39478
1114	2	39479
1114	2	39480
1114	2	39481
1114	3	39482
1114	4	39483
1114	4	39484
1114	4	39485
1114	4	39486
1114	4	39487
1114	4	39488
1114	4	39489
1114	4	39490
1114	4	39491
1114	4	39492
1114	4	39493
1114	4	39494
1114	4	39495
1114	4	39496
1114	4	39497
1114	4	39498
1114	4	39499
1114	4	39500
1114	4	39501
1114	4	39502
1114	4	39503
1114	4	39504
1114	4	39505
1114	4	39506
1114	4	39507
1114	4	39508
1114	4	39509
1114	4	39510
1114	4	39511
1114	4	39512
1114	4	39513
1114	4	39514
1114	4	39515
1114	4	39516
1114	4	39517
1114	4	39518
1114	4	39519
1114	5	39520
1114	5	39521
1114	5	39522
1114	5	39523
1114	5	39524
1114	5	39525
1114	6	39526
1115	0	39527
1115	1	39528
1115	1	39529
1115	2	39530
1115	4	39531
1115	4	39532
1115	4	39533
1115	4	39534
1115	4	39535
1115	4	39536
1115	4	39537
1115	4	39538
1115	4	39539
1115	4	39540
1115	4	39541
1115	4	39542
1115	4	39543
1115	4	39544
1115	4	39545
1115	4	39546
1115	4	39547
1115	4	39548
1115	4	39549
1115	4	39550
1115	4	39551
1115	4	39552
1115	4	39553
1115	4	39554
1115	4	39555
1115	4	39556
1115	4	39557
1115	4	39558
1115	4	39559
1115	4	39560
1115	5	39561
1115	5	39562
1115	5	39563
1115	6	39564
1116	4	39565
1116	4	39566
1116	4	39567
1116	4	39568
1116	4	39569
1116	4	39570
1116	4	39571
1116	4	39572
1116	4	39573
1116	4	39574
1116	4	39575
1116	4	39576
1116	5	39577
1116	5	39578
1116	5	39579
1116	6	39580
1117	0	39581
1117	3	39582
1117	4	39583
1117	4	39584
1117	4	39585
1117	4	39586
1117	4	39587
1117	4	39588
1117	4	39589
1117	4	39590
1117	6	39591
1118	4	39592
1118	4	39593
1118	4	39594
1118	4	39595
1118	4	39596
1118	4	39597
1118	4	39598
1118	4	39599
1118	4	39600
1118	4	39601
1119	0	39602
1119	0	39603
1119	1	39604
1119	2	39605
1119	3	39606
1119	4	39607
1119	4	39608
1119	4	39609
1119	4	39610
1119	4	39611
1119	4	39612
1119	4	39613
1119	4	39614
1119	4	39615
1119	4	39616
1119	4	39617
1119	4	39618
1119	4	39619
1119	4	39620
1119	4	39621
1119	4	39622
1119	4	39623
1119	4	39624
1119	4	39625
1119	4	39626
1119	4	39627
1119	4	39628
1119	4	39629
1119	5	39630
1119	5	39631
1119	5	39632
1119	6	39633
1120	0	39634
1120	1	39635
1120	2	39636
1120	2	39637
1120	2	39638
1120	3	39639
1120	4	39640
1120	4	39641
1120	4	39642
1120	4	39643
1120	4	39644
1120	4	39645
1120	4	39646
1120	4	39647
1120	4	39648
1120	4	39649
1120	4	39650
1120	4	39651
1120	4	39652
1120	4	39653
1120	5	39654
1120	5	39655
1120	5	39656
1120	5	39657
1120	5	39658
1120	6	39659
1121	0	39660
1121	0	39661
1121	0	39662
1121	1	39663
1121	2	39664
1121	2	39665
1121	2	39666
1121	2	39667
1121	2	39668
1121	3	39669
1121	4	39670
1121	4	39671
1121	4	39672
1121	4	39673
1121	4	39674
1121	4	39675
1121	4	39676
1121	4	39677
1121	4	39678
1121	4	39679
1121	4	39680
1121	4	39681
1121	4	39682
1121	4	39683
1121	4	39684
1121	4	39685
1121	4	39686
1121	4	39687
1121	4	39688
1121	4	39689
1121	4	39690
1121	4	39691
1121	4	39692
1121	5	39693
1121	5	39694
1121	5	39695
1121	5	39696
1121	5	39697
1121	5	39698
1121	5	39699
1121	5	39700
1121	6	39701
1122	0	39702
1122	0	39703
1122	1	39704
1122	4	39705
1122	4	39706
1122	4	39707
1122	4	39708
1122	4	39709
1122	4	39710
1122	4	39711
1122	4	39712
1122	4	39713
1122	4	39714
1122	4	39715
1122	4	39716
1122	4	39717
1122	4	39718
1122	4	39719
1122	4	39720
1122	4	39721
1122	4	39722
1122	4	39723
1122	4	39724
1122	4	39725
1122	5	39726
1122	5	39727
1122	6	39728
1123	0	39729
1123	0	39730
1123	1	39731
1123	4	39732
1123	4	39733
1123	4	39734
1123	4	39735
1123	4	39736
1123	4	39737
1123	4	39738
1123	4	39739
1123	4	39740
1123	4	39741
1123	4	39742
1123	4	39743
1123	5	39744
1123	5	39745
1123	5	39746
1123	6	39747
1124	0	39748
1124	0	39749
1124	0	39750
1124	1	39751
1124	2	39752
1124	3	39753
1124	4	39754
1124	4	39755
1124	4	39756
1124	4	39757
1124	4	39758
1124	4	39759
1124	4	39760
1124	4	39761
1124	4	39762
1124	4	39763
1124	4	39764
1124	4	39765
1124	4	39766
1124	4	39767
1124	4	39768
1124	4	39769
1124	4	39770
1124	4	39771
1124	4	39772
1124	4	39773
1124	4	39774
1124	4	39775
1124	4	39776
1124	4	39777
1124	4	39778
1124	4	39779
1124	4	39780
1124	5	39781
1124	5	39782
1124	5	39783
1124	5	39784
1124	5	39785
1124	6	39786
1125	1	39787
1125	4	39788
1125	4	39789
1125	4	39790
1125	4	39791
1125	4	39792
1125	4	39793
1125	4	39794
1125	4	39795
1125	4	39796
1125	4	39797
1125	4	39798
1125	4	39799
1125	5	39800
1125	5	39801
1125	5	39802
1125	5	39803
1125	6	39804
1126	1	39805
1126	3	39806
1126	4	39807
1126	4	39808
1126	4	39809
1126	4	39810
1126	4	39811
1126	4	39812
1126	4	39813
1126	4	39814
1126	4	39815
1126	4	39816
1126	4	39817
1126	4	39818
1126	4	39819
1126	4	39820
1126	4	39821
1126	4	39822
1126	4	39823
1126	5	39824
1126	5	39825
1126	5	39826
1126	5	39827
1126	6	39828
1127	1	39829
1127	2	39830
1127	4	39831
1127	4	39832
1127	4	39833
1127	4	39834
1127	4	39835
1127	4	39836
1127	4	39837
1127	4	39838
1127	4	39839
1127	4	39840
1127	4	39841
1127	4	39842
1127	4	39843
1127	4	39844
1127	5	39845
1127	5	39846
1127	5	39847
1128	0	39848
1128	0	39849
1128	1	39850
1128	2	39851
1128	3	39852
1128	4	39853
1128	4	39854
1128	4	39855
1128	4	39856
1128	4	39857
1128	4	39858
1128	4	39859
1128	4	39860
1128	5	39861
1128	5	39862
1128	5	39863
1128	6	39864
1129	0	39865
1129	0	39866
1129	1	39867
1129	2	39868
1129	3	39869
1129	4	39870
1129	4	39871
1129	4	39872
1129	4	39873
1129	4	39874
1129	4	39875
1129	4	39876
1129	4	39877
1129	5	39878
1129	5	39879
1129	5	39880
1129	6	39881
1130	0	39882
1130	0	39883
1130	1	39884
1130	3	39885
1130	4	39886
1130	4	39887
1130	4	39888
1130	4	39889
1130	4	39890
1130	4	39891
1130	4	39892
1130	4	39893
1130	4	39894
1130	4	39895
1130	4	39896
1130	4	39897
1130	4	39898
1130	4	39899
1130	5	39900
1130	5	39901
1130	5	39902
1130	5	39903
1130	5	39904
1130	6	39905
1131	1	39906
1131	2	39907
1131	4	39908
1131	4	39909
1131	4	39910
1131	4	39911
1131	4	39912
1131	4	39913
1131	4	39914
1131	5	39915
1131	5	39916
1131	5	39917
1131	5	39918
1131	5	39919
1131	5	39920
1131	6	39921
1132	0	39922
1132	0	39923
1132	1	39924
1132	2	39925
1132	3	39926
1132	4	39927
1132	4	39928
1132	4	39929
1132	4	39930
1132	4	39931
1132	4	39932
1132	4	39933
1132	4	39934
1132	4	39935
1132	4	39936
1132	4	39937
1132	4	39938
1132	4	39939
1132	4	39940
1132	4	39941
1132	4	39942
1132	4	39943
1132	4	39944
1132	4	39945
1132	4	39946
1132	4	39947
1132	4	39948
1132	4	39949
1132	4	39950
1132	4	39951
1132	4	39952
1132	4	39953
1132	4	39954
1132	4	39955
1132	4	39956
1132	4	39957
1132	4	39958
1132	4	39959
1132	4	39960
1132	4	39961
1132	4	39962
1132	4	39963
1132	4	39964
1132	4	39965
1132	4	39966
1132	5	39967
1132	5	39968
1132	5	39969
1132	5	39970
1132	6	39971
1133	0	39972
1133	1	39973
1133	2	39974
1133	3	39975
1133	4	39976
1133	4	39977
1133	4	39978
1133	4	39979
1133	4	39980
1133	4	39981
1133	4	39982
1133	4	39983
1133	5	39984
1133	5	39985
1133	5	39986
1133	6	39987
1134	0	39988
1134	1	39989
1134	1	39990
1134	2	39991
1134	3	39992
1134	4	39993
1134	4	39994
1134	4	39995
1134	4	39996
1134	4	39997
1134	4	39998
1134	4	39999
1134	4	40000
1134	4	40001
1134	4	40002
1134	4	40003
1134	4	40004
1134	4	40005
1134	4	40006
1134	5	40007
1134	5	40008
1134	5	40009
1134	5	40010
1134	5	40011
1134	5	40012
1134	5	40013
1134	5	40014
1134	5	40015
1134	6	40016
1135	1	40017
1135	3	40018
1135	4	40019
1135	4	40020
1135	4	40021
1135	4	40022
1135	4	40023
1135	4	40024
1135	4	40025
1135	4	40026
1135	4	40027
1135	4	40028
1135	4	40029
1135	4	40030
1135	4	40031
1135	4	40032
1135	4	40033
1135	4	40034
1135	4	40035
1135	4	40036
1135	4	40037
1135	4	40038
1135	4	40039
1135	4	40040
1135	4	40041
1135	4	40042
1135	5	40043
1135	5	40044
1135	5	40045
1135	5	40046
1136	0	40047
1136	1	40048
1136	2	40049
1136	2	40050
1136	4	40051
1136	4	40052
1136	4	40053
1136	4	40054
1136	4	40055
1136	4	40056
1136	4	40057
1136	4	40058
1136	4	40059
1136	4	40060
1136	4	40061
1136	4	40062
1136	4	40063
1136	4	40064
1136	4	40065
1136	4	40066
1136	4	40067
1136	5	40068
1136	5	40069
1136	5	40070
1136	5	40071
1136	6	40072
1137	0	40073
1137	0	40074
1137	1	40075
1137	1	40076
1137	1	40077
1137	2	40078
1137	2	40079
1137	2	40080
1137	3	40081
1137	4	40082
1137	4	40083
1137	4	40084
1137	4	40085
1137	4	40086
1137	4	40087
1137	4	40088
1137	4	40089
1137	4	40090
1137	4	40091
1137	4	40092
1137	4	40093
1137	4	40094
1137	4	40095
1137	4	40096
1137	4	40097
1137	4	40098
1137	4	40099
1137	4	40100
1137	4	40101
1137	4	40102
1137	4	40103
1137	4	40104
1137	4	40105
1137	4	40106
1137	4	40107
1137	4	40108
1137	4	40109
1137	4	40110
1137	4	40111
1137	4	40112
1137	4	40113
1137	4	40114
1137	4	40115
1137	4	40116
1137	4	40117
1137	4	40118
1137	4	40119
1137	4	40120
1137	4	40121
1137	4	40122
1137	4	40123
1137	4	40124
1137	4	40125
1137	4	40126
1137	4	40127
1137	5	40128
1137	5	40129
1137	5	40130
1137	5	40131
1137	5	40132
1137	6	40133
1138	0	40134
1138	1	40135
1138	2	40136
1138	2	40137
1138	3	40138
1138	4	40139
1138	4	40140
1138	4	40141
1138	4	40142
1138	4	40143
1138	4	40144
1138	4	40145
1138	4	40146
1138	4	40147
1138	4	40148
1138	4	40149
1138	4	40150
1138	4	40151
1138	4	40152
1138	4	40153
1138	5	40154
1138	5	40155
1138	5	40156
1138	6	40157
1139	0	40158
1139	1	40159
1139	2	40160
1139	4	40161
1139	4	40162
1139	4	40163
1139	4	40164
1139	4	40165
1139	4	40166
1139	4	40167
1139	4	40168
1139	4	40169
1139	4	40170
1139	4	40171
1139	4	40172
1139	4	40173
1139	4	40174
1139	5	40175
1139	5	40176
1139	5	40177
1139	5	40178
1139	6	40179
1140	0	40180
1140	0	40181
1140	1	40182
1140	2	40183
1140	2	40184
1140	3	40185
1140	4	40186
1140	4	40187
1140	4	40188
1140	4	40189
1140	4	40190
1140	4	40191
1140	4	40192
1140	4	40193
1140	4	40194
1140	4	40195
1140	4	40196
1140	4	40197
1140	4	40198
1140	4	40199
1140	4	40200
1140	4	40201
1140	4	40202
1140	4	40203
1140	4	40204
1140	4	40205
1140	4	40206
1140	4	40207
1140	4	40208
1140	4	40209
1140	4	40210
1140	4	40211
1140	4	40212
1140	4	40213
1140	4	40214
1140	4	40215
1140	4	40216
1140	4	40217
1140	4	40218
1140	4	40219
1140	4	40220
1140	4	40221
1140	4	40222
1140	4	40223
1140	4	40224
1140	5	40225
1140	5	40226
1140	5	40227
1140	5	40228
1140	5	40229
1140	5	40230
1140	5	40231
1140	5	40232
1140	5	40233
1140	5	40234
1140	5	40235
1140	5	40236
1140	5	40237
1140	6	40238
1141	0	40239
1141	0	40240
1141	1	40241
1141	1	40242
1141	2	40243
1141	2	40244
1141	3	40245
1141	4	40246
1141	4	40247
1141	4	40248
1141	4	40249
1141	4	40250
1141	4	40251
1141	4	40252
1141	4	40253
1141	4	40254
1141	4	40255
1141	4	40256
1141	4	40257
1141	4	40258
1141	4	40259
1141	4	40260
1141	4	40261
1141	4	40262
1141	4	40263
1141	4	40264
1141	4	40265
1141	4	40266
1141	4	40267
1141	4	40268
1141	4	40269
1141	4	40270
1141	4	40271
1141	4	40272
1141	4	40273
1141	4	40274
1141	4	40275
1141	4	40276
1141	4	40277
1141	4	40278
1141	4	40279
1141	4	40280
1141	4	40281
1141	4	40282
1141	4	40283
1141	4	40284
1141	4	40285
1141	4	40286
1141	4	40287
1141	4	40288
1141	5	40289
1141	5	40290
1141	5	40291
1141	5	40292
1141	5	40293
1141	5	40294
1141	5	40295
1141	5	40296
1141	6	40297
1142	1	40298
1142	1	40299
1142	2	40300
1142	2	40301
1142	3	40302
1142	4	40303
1142	4	40304
1142	4	40305
1142	4	40306
1142	4	40307
1142	4	40308
1142	4	40309
1142	4	40310
1142	4	40311
1142	4	40312
1142	4	40313
1142	4	40314
1142	4	40315
1142	4	40316
1142	4	40317
1142	4	40318
1142	4	40319
1142	4	40320
1142	4	40321
1142	4	40322
1142	4	40323
1142	4	40324
1142	4	40325
1142	4	40326
1142	4	40327
1142	4	40328
1142	4	40329
1142	4	40330
1142	4	40331
1142	5	40332
1142	5	40333
1142	5	40334
1142	5	40335
1142	5	40336
1142	5	40337
1142	6	40338
1143	1	40339
1143	2	40340
1143	3	40341
1143	4	40342
1143	4	40343
1143	4	40344
1143	4	40345
1143	4	40346
1143	4	40347
1143	4	40348
1143	4	40349
1143	4	40350
1143	4	40351
1143	4	40352
1143	4	40353
1143	4	40354
1143	4	40355
1143	4	40356
1143	4	40357
1143	4	40358
1143	4	40359
1143	4	40360
1143	4	40361
1143	4	40362
1143	4	40363
1143	4	40364
1143	4	40365
1143	4	40366
1143	4	40367
1143	4	40368
1143	4	40369
1143	4	40370
1143	4	40371
1143	4	40372
1143	4	40373
1143	4	40374
1143	4	40375
1143	4	40376
1143	5	40377
1143	5	40378
1143	5	40379
1143	5	40380
1143	5	40381
1143	5	40382
1143	5	40383
1143	6	40384
1144	0	40385
1144	1	40386
1144	4	40387
1144	4	40388
1144	4	40389
1144	4	40390
1144	4	40391
1144	4	40392
1144	4	40393
1144	4	40394
1144	4	40395
1144	4	40396
1144	4	40397
1144	4	40398
1144	4	40399
1144	4	40400
1144	4	40401
1144	4	40402
1144	4	40403
1144	4	40404
1144	5	40405
1144	5	40406
1144	5	40407
1144	5	40408
1144	5	40409
1144	6	40410
1145	0	40411
1145	1	40412
1145	2	40413
1145	4	40414
1145	4	40415
1145	4	40416
1145	4	40417
1145	4	40418
1145	4	40419
1145	4	40420
1145	4	40421
1145	4	40422
1145	4	40423
1145	4	40424
1145	4	40425
1145	4	40426
1145	4	40427
1145	4	40428
1145	4	40429
1145	5	40430
1145	5	40431
1145	5	40432
1145	5	40433
1145	5	40434
1145	5	40435
1145	5	40436
1145	5	40437
1145	6	40438
1146	0	40439
1146	1	40440
1146	4	40441
1146	4	40442
1146	4	40443
1146	4	40444
1146	4	40445
1146	4	40446
1146	4	40447
1146	4	40448
1146	4	40449
1146	4	40450
1146	4	40451
1146	5	40452
1146	5	40453
1146	5	40454
1147	0	40455
1147	1	40456
1147	2	40457
1147	3	40458
1147	4	40459
1147	4	40460
1147	4	40461
1147	4	40462
1147	4	40463
1147	4	40464
1147	4	40465
1147	4	40466
1147	4	40467
1147	4	40468
1147	4	40469
1147	4	40470
1147	4	40471
1147	4	40472
1147	5	40473
1147	5	40474
1147	5	40475
1147	5	40476
1147	5	40477
1147	5	40478
1147	5	40479
1147	5	40480
1147	5	40481
1147	5	40482
1147	5	40483
1147	5	40484
1147	6	40485
1148	0	40486
1148	0	40487
1148	1	40488
1148	2	40489
1148	3	40490
1148	4	40491
1148	4	40492
1148	4	40493
1148	4	40494
1148	4	40495
1148	4	40496
1148	4	40497
1148	4	40498
1148	4	40499
1148	4	40500
1148	4	40501
1148	4	40502
1148	4	40503
1148	4	40504
1148	4	40505
1148	4	40506
1148	4	40507
1148	5	40508
1148	5	40509
1148	5	40510
1148	5	40511
1148	5	40512
1148	5	40513
1148	5	40514
1148	6	40515
1149	0	40516
1149	0	40517
1149	0	40518
1149	0	40519
1149	1	40520
1149	2	40521
1149	3	40522
1149	4	40523
1149	4	40524
1149	4	40525
1149	4	40526
1149	4	40527
1149	4	40528
1149	4	40529
1149	4	40530
1149	4	40531
1149	4	40532
1149	4	40533
1149	4	40534
1149	4	40535
1149	4	40536
1149	4	40537
1149	4	40538
1149	4	40539
1149	4	40540
1149	4	40541
1149	5	40542
1149	5	40543
1149	5	40544
1149	5	40545
1149	5	40546
1149	6	40547
1150	0	40548
1150	0	40549
1150	0	40550
1150	0	40551
1150	1	40552
1150	1	40553
1150	2	40554
1150	3	40555
1150	4	40556
1150	4	40557
1150	4	40558
1150	4	40559
1150	4	40560
1150	4	40561
1150	4	40562
1150	4	40563
1150	4	40564
1150	4	40565
1150	4	40566
1150	4	40567
1150	4	40568
1150	4	40569
1150	4	40570
1150	4	40571
1150	4	40572
1150	4	40573
1150	4	40574
1150	5	40575
1150	5	40576
1150	5	40577
1150	5	40578
1150	5	40579
1150	5	40580
1151	0	40581
1151	1	40582
1151	2	40583
1151	2	40584
1151	2	40585
1151	3	40586
1151	3	40587
1151	4	40588
1151	4	40589
1151	4	40590
1151	4	40591
1151	4	40592
1151	4	40593
1151	4	40594
1151	4	40595
1151	4	40596
1151	4	40597
1151	4	40598
1151	4	40599
1151	4	40600
1151	4	40601
1151	4	40602
1151	4	40603
1151	5	40604
1151	5	40605
1151	6	40606
1152	4	40607
1152	4	40608
1152	4	40609
1152	4	40610
1152	4	40611
1152	4	40612
1152	5	40613
1153	0	40614
1153	1	40615
1153	1	40616
1153	1	40617
1153	2	40618
1153	4	40619
1153	4	40620
1153	4	40621
1153	4	40622
1153	4	40623
1153	4	40624
1153	4	40625
1153	4	40626
1153	4	40627
1153	4	40628
1153	4	40629
1153	5	40630
1153	5	40631
1153	5	40632
1153	5	40633
1153	5	40634
1153	5	40635
1153	5	40636
1153	5	40637
1153	6	40638
1154	0	40639
1154	1	40640
1154	2	40641
1154	2	40642
1154	4	40643
1154	4	40644
1154	4	40645
1154	4	40646
1154	4	40647
1154	5	40648
1154	5	40649
1154	5	40650
1154	5	40651
1154	5	40652
1154	6	40653
1155	0	40654
1155	0	40655
1155	1	40656
1155	2	40657
1155	2	40658
1155	3	40659
1155	4	40660
1155	4	40661
1155	4	40662
1155	4	40663
1155	4	40664
1155	4	40665
1155	4	40666
1155	4	40667
1155	4	40668
1155	4	40669
1155	4	40670
1155	4	40671
1155	4	40672
1155	4	40673
1155	4	40674
1155	4	40675
1155	4	40676
1155	4	40677
1155	4	40678
1155	4	40679
1155	5	40680
1155	5	40681
1155	5	40682
1155	5	40683
1155	5	40684
1156	0	40685
1156	1	40686
1156	3	40687
1156	4	40688
1156	4	40689
1156	4	40690
1156	4	40691
1156	4	40692
1156	4	40693
1156	4	40694
1156	4	40695
1156	4	40696
1156	4	40697
1156	4	40698
1156	4	40699
1156	4	40700
1156	4	40701
1156	4	40702
1156	5	40703
1156	5	40704
1156	5	40705
1156	5	40706
1156	5	40707
1156	5	40708
1156	6	40709
1157	1	40710
1157	2	40711
1157	3	40712
1157	4	40713
1157	4	40714
1157	4	40715
1157	4	40716
1157	4	40717
1157	4	40718
1157	4	40719
1157	4	40720
1157	4	40721
1157	4	40722
1157	4	40723
1157	4	40724
1157	4	40725
1157	4	40726
1157	4	40727
1157	4	40728
1157	4	40729
1157	4	40730
1157	4	40731
1157	4	40732
1157	4	40733
1157	5	40734
1157	5	40735
1157	6	40736
1158	0	40737
1158	1	40738
1158	2	40739
1158	2	40740
1158	4	40741
1158	4	40742
1158	4	40743
1158	4	40744
1158	4	40745
1158	4	40746
1158	5	40747
1158	5	40748
1158	5	40749
1158	5	40750
1158	5	40751
1158	5	40752
1158	5	40753
1158	6	40754
1159	2	40755
1159	4	40756
1159	4	40757
1159	4	40758
1159	4	40759
1159	4	40760
1159	4	40761
1159	4	40762
1159	4	40763
1159	4	40764
1159	4	40765
1159	5	40766
1159	5	40767
1159	5	40768
1159	5	40769
1159	6	40770
1160	0	40771
1160	1	40772
1160	2	40773
1160	2	40774
1160	2	40775
1160	2	40776
1160	3	40777
1160	4	40778
1160	4	40779
1160	4	40780
1160	4	40781
1160	4	40782
1160	4	40783
1160	4	40784
1160	4	40785
1160	4	40786
1160	4	40787
1160	4	40788
1160	4	40789
1160	4	40790
1160	4	40791
1160	4	40792
1160	4	40793
1160	4	40794
1160	5	40795
1160	5	40796
1160	5	40797
1160	5	40798
1160	5	40799
1160	5	40800
1160	5	40801
1160	6	40802
1161	0	40803
1161	1	40804
1161	3	40805
1161	4	40806
1161	4	40807
1161	4	40808
1161	4	40809
1161	4	40810
1161	4	40811
1161	4	40812
1161	4	40813
1161	4	40814
1161	4	40815
1161	4	40816
1161	4	40817
1161	4	40818
1161	4	40819
1161	4	40820
1161	4	40821
1161	4	40822
1161	4	40823
1161	6	40824
1162	0	40825
1162	1	40826
1162	2	40827
1162	3	40828
1162	4	40829
1162	4	40830
1162	4	40831
1162	4	40832
1162	4	40833
1162	4	40834
1162	4	40835
1162	4	40836
1162	4	40837
1162	4	40838
1162	4	40839
1162	4	40840
1162	4	40841
1162	4	40842
1162	5	40843
1162	5	40844
1162	6	40845
1163	0	40846
1163	0	40847
1163	1	40848
1163	1	40849
1163	2	40850
1163	4	40851
1163	4	40852
1163	4	40853
1163	4	40854
1163	4	40855
1163	4	40856
1163	4	40857
1163	4	40858
1163	4	40859
1163	4	40860
1163	4	40861
1163	5	40862
1163	5	40863
1163	5	40864
1163	6	40865
1164	1	40866
1164	3	40867
1164	4	40868
1164	4	40869
1164	4	40870
1164	4	40871
1164	4	40872
1164	4	40873
1164	4	40874
1164	4	40875
1164	4	40876
1164	4	40877
1164	4	40878
1164	4	40879
1164	4	40880
1164	4	40881
1164	4	40882
1164	4	40883
1164	4	40884
1164	4	40885
1164	4	40886
1164	4	40887
1164	4	40888
1164	4	40889
1164	4	40890
1164	4	40891
1164	4	40892
1164	4	40893
1164	4	40894
1164	4	40895
1164	4	40896
1164	5	40897
1164	5	40898
1164	5	40899
1164	5	40900
1164	5	40901
1164	5	40902
1164	6	40903
1165	1	40904
1165	3	40905
1165	4	40906
1165	4	40907
1165	4	40908
1165	4	40909
1165	4	40910
1165	4	40911
1165	4	40912
1165	4	40913
1165	4	40914
1165	4	40915
1165	4	40916
1165	4	40917
1165	4	40918
1165	4	40919
1165	4	40920
1165	4	40921
1165	4	40922
1165	4	40923
1165	4	40924
1165	4	40925
1165	4	40926
1165	4	40927
1165	4	40928
1165	4	40929
1165	5	40930
1165	5	40931
1165	5	40932
1165	5	40933
1165	5	40934
1165	5	40935
1165	6	40936
1166	1	40937
1166	2	40938
1166	2	40939
1166	4	40940
1166	4	40941
1166	4	40942
1166	4	40943
1166	4	40944
1166	4	40945
1166	4	40946
1166	4	40947
1166	4	40948
1166	4	40949
1166	4	40950
1166	4	40951
1166	4	40952
1166	4	40953
1166	4	40954
1166	5	40955
1166	5	40956
1166	5	40957
1166	5	40958
1166	6	40959
1167	3	40960
1167	4	40961
1167	4	40962
1167	4	40963
1167	4	40964
1167	4	40965
1167	4	40966
1167	5	40967
1167	6	40968
1168	0	40969
1168	0	40970
1168	1	40971
1168	2	40972
1168	3	40973
1168	4	40974
1168	4	40975
1168	4	40976
1168	4	40977
1168	4	40978
1168	4	40979
1168	4	40980
1168	4	40981
1168	4	40982
1168	4	40983
1168	4	40984
1168	4	40985
1168	4	40986
1168	4	40987
1168	4	40988
1168	5	40989
1168	5	40990
1168	5	40991
1168	5	40992
1168	5	40993
1168	5	40994
1168	5	40995
1168	5	40996
1168	5	40997
1168	6	40998
1169	0	40999
1169	1	41000
1169	2	41001
1169	2	41002
1169	3	41003
1169	4	41004
1169	4	41005
1169	4	41006
1169	4	41007
1169	4	41008
1169	4	41009
1169	4	41010
1169	4	41011
1169	4	41012
1169	4	41013
1169	4	41014
1169	4	41015
1169	4	41016
1169	4	41017
1169	4	41018
1169	4	41019
1169	4	41020
1169	4	41021
1169	4	41022
1169	4	41023
1169	5	41024
1169	5	41025
1169	5	41026
1169	5	41027
1169	6	41028
1170	0	41029
1170	1	41030
1170	1	41031
1170	2	41032
1170	2	41033
1170	4	41034
1170	4	41035
1170	4	41036
1170	4	41037
1170	4	41038
1170	4	41039
1170	4	41040
1170	4	41041
1170	4	41042
1170	4	41043
1170	4	41044
1170	4	41045
1170	4	41046
1170	4	41047
1170	4	41048
1170	4	41049
1170	4	41050
1170	4	41051
1170	4	41052
1170	4	41053
1170	5	41054
1170	5	41055
1170	5	41056
1170	5	41057
1170	5	41058
1170	5	41059
1170	5	41060
1170	6	41061
1171	0	41062
1171	1	41063
1171	2	41064
1171	3	41065
1171	4	41066
1171	4	41067
1171	4	41068
1171	4	41069
1171	4	41070
1171	4	41071
1171	4	41072
1171	4	41073
1171	4	41074
1171	4	41075
1171	4	41076
1171	4	41077
1171	4	41078
1171	4	41079
1171	4	41080
1171	4	41081
1171	4	41082
1171	5	41083
1171	5	41084
1171	5	41085
1171	5	41086
1171	5	41087
1171	5	41088
1171	5	41089
1171	6	41090
1172	0	41091
1172	0	41092
1172	1	41093
1172	2	41094
1172	2	41095
1172	3	41096
1172	4	41097
1172	4	41098
1172	4	41099
1172	4	41100
1172	4	41101
1172	4	41102
1172	4	41103
1172	4	41104
1172	4	41105
1172	4	41106
1172	4	41107
1172	4	41108
1172	4	41109
1172	4	41110
1172	4	41111
1172	4	41112
1172	5	41113
1172	5	41114
1172	5	41115
1172	5	41116
1172	5	41117
1172	5	41118
1172	6	41119
1173	0	41120
1173	0	41121
1173	1	41122
1173	2	41123
1173	3	41124
1173	4	41125
1173	4	41126
1173	4	41127
1173	4	41128
1173	4	41129
1173	4	41130
1173	4	41131
1173	4	41132
1173	5	41133
1173	5	41134
1173	5	41135
1173	5	41136
1173	6	41137
1174	4	41138
1174	4	41139
1174	4	41140
1174	4	41141
1174	5	41142
1175	2	41143
1175	3	41144
1175	4	41145
1175	4	41146
1175	4	41147
1175	4	41148
1175	4	41149
1175	4	41150
1175	4	41151
1175	5	41152
1175	5	41153
1175	5	41154
1175	5	41155
1175	5	41156
1175	5	41157
1175	6	41158
1176	0	41159
1176	0	41160
1176	1	41161
1176	1	41162
1176	2	41163
1176	3	41164
1176	4	41165
1176	4	41166
1176	4	41167
1176	4	41168
1176	4	41169
1176	4	41170
1176	4	41171
1176	4	41172
1176	4	41173
1176	5	41174
1176	5	41175
1176	5	41176
1176	5	41177
1176	6	41178
1177	1	41179
1177	2	41180
1177	3	41181
1177	4	41182
1177	4	41183
1177	4	41184
1177	4	41185
1177	4	41186
1177	4	41187
1177	4	41188
1177	4	41189
1177	4	41190
1177	4	41191
1177	4	41192
1177	4	41193
1177	4	41194
1177	4	41195
1177	4	41196
1177	4	41197
1177	5	41198
1177	5	41199
1177	5	41200
1177	5	41201
1177	5	41202
1177	5	41203
1177	6	41204
1178	0	41205
1178	1	41206
1178	2	41207
1178	3	41208
1178	4	41209
1178	4	41210
1178	4	41211
1178	4	41212
1178	4	41213
1178	4	41214
1178	4	41215
1178	4	41216
1178	4	41217
1178	4	41218
1178	4	41219
1178	4	41220
1178	5	41221
1178	5	41222
1179	0	41223
1179	0	41224
1179	1	41225
1179	2	41226
1179	3	41227
1179	4	41228
1179	4	41229
1179	4	41230
1179	4	41231
1179	4	41232
1179	4	41233
1179	4	41234
1179	4	41235
1179	4	41236
1179	4	41237
1179	4	41238
1179	4	41239
1179	5	41240
1179	5	41241
1179	5	41242
1179	5	41243
1179	5	41244
1179	5	41245
1179	6	41246
1180	0	41247
1180	0	41248
1180	0	41249
1180	0	41250
1180	2	41251
1180	3	41252
1180	4	41253
1180	4	41254
1180	4	41255
1180	4	41256
1180	4	41257
1180	4	41258
1180	4	41259
1180	4	41260
1180	4	41261
1180	4	41262
1180	4	41263
1180	4	41264
1180	5	41265
1180	5	41266
1180	5	41267
1180	5	41268
1180	6	41269
1181	2	41270
1181	4	41271
1181	4	41272
1181	4	41273
1181	4	41274
1181	4	41275
1181	4	41276
1181	4	41277
1181	4	41278
1181	5	41279
1181	6	41280
1182	1	41281
1182	2	41282
1182	2	41283
1182	3	41284
1182	4	41285
1182	4	41286
1182	4	41287
1182	4	41288
1182	4	41289
1182	4	41290
1182	5	41291
1182	5	41292
1182	5	41293
1182	5	41294
1182	5	41295
1182	5	41296
1182	5	41297
1182	6	41298
1183	0	41299
1183	1	41300
1183	2	41301
1183	3	41302
1183	4	41303
1183	4	41304
1183	4	41305
1183	4	41306
1183	4	41307
1183	4	41308
1183	4	41309
1183	4	41310
1183	4	41311
1183	4	41312
1183	4	41313
1183	4	41314
1183	4	41315
1183	4	41316
1183	4	41317
1183	4	41318
1183	4	41319
1183	4	41320
1183	5	41321
1183	5	41322
1183	5	41323
1183	6	41324
1184	1	41325
1184	1	41326
1184	2	41327
1184	3	41328
1184	4	41329
1184	4	41330
1184	4	41331
1184	4	41332
1184	4	41333
1184	4	41334
1184	4	41335
1184	4	41336
1184	4	41337
1184	4	41338
1184	4	41339
1184	4	41340
1184	4	41341
1184	4	41342
1184	5	41343
1184	5	41344
1184	5	41345
1184	6	41346
1185	0	41347
1185	0	41348
1185	1	41349
1185	2	41350
1185	2	41351
1185	3	41352
1185	4	41353
1185	4	41354
1185	4	41355
1185	4	41356
1185	4	41357
1185	4	41358
1185	4	41359
1185	4	41360
1185	4	41361
1185	5	41362
1185	5	41363
1185	5	41364
1185	6	41365
1186	4	41366
1186	4	41367
1186	4	41368
1186	4	41369
1186	4	41370
1186	4	41371
1186	4	41372
1186	4	41373
1186	4	41374
1186	6	41375
1187	1	41376
1187	2	41377
1187	4	41378
1187	4	41379
1187	4	41380
1187	4	41381
1187	4	41382
1187	4	41383
1187	4	41384
1187	5	41385
1187	5	41386
1187	5	41387
1187	6	41388
1188	0	41389
1188	1	41390
1188	2	41391
1188	3	41392
1188	4	41393
1188	4	41394
1188	4	41395
1188	4	41396
1188	4	41397
1188	4	41398
1188	5	41399
1188	6	41400
1189	1	41401
1189	2	41402
1189	4	41403
1189	4	41404
1189	4	41405
1189	4	41406
1189	4	41407
1189	4	41408
1189	4	41409
1189	4	41410
1189	4	41411
1189	4	41412
1189	4	41413
1189	4	41414
1189	4	41415
1189	4	41416
1189	4	41417
1189	5	41418
1189	6	41419
1190	0	41420
1190	2	41421
1190	3	41422
1190	4	41423
1190	4	41424
1190	4	41425
1190	4	41426
1190	4	41427
1190	4	41428
1190	4	41429
1190	4	41430
1190	4	41431
1190	4	41432
1190	4	41433
1190	4	41434
1190	4	41435
1190	4	41436
1190	5	41437
1190	5	41438
1190	6	41439
1191	1	41440
1191	4	41441
1191	4	41442
1191	4	41443
1191	4	41444
1191	4	41445
1191	5	41446
1192	0	41447
1192	2	41448
1192	4	41449
1192	4	41450
1192	4	41451
1192	4	41452
1192	4	41453
1192	4	41454
1192	5	41455
1192	6	41456
1193	0	41457
1193	0	41458
1193	2	41459
1193	3	41460
1193	4	41461
1193	4	41462
1193	4	41463
1193	4	41464
1193	4	41465
1193	4	41466
1193	4	41467
1193	4	41468
1193	4	41469
1193	5	41470
1193	5	41471
1193	5	41472
1193	6	41473
1194	0	41474
1194	2	41475
1194	2	41476
1194	2	41477
1194	3	41478
1194	4	41479
1194	4	41480
1194	4	41481
1194	4	41482
1194	4	41483
1194	4	41484
1194	4	41485
1194	4	41486
1194	5	41487
1194	6	41488
1195	2	41489
1195	2	41490
1195	4	41491
1195	4	41492
1195	4	41493
1195	4	41494
1195	4	41495
1195	4	41496
1195	4	41497
1195	6	41498
1196	0	41499
1196	0	41500
1196	4	41501
1196	4	41502
1196	4	41503
1196	4	41504
1196	4	41505
1196	4	41506
1196	4	41507
1196	5	41508
1196	5	41509
1196	5	41510
1196	5	41511
1196	5	41512
1196	5	41513
1196	6	41514
1197	0	41515
1197	2	41516
1197	2	41517
1197	3	41518
1197	4	41519
1197	4	41520
1197	4	41521
1197	4	41522
1197	4	41523
1197	4	41524
1197	4	41525
1197	4	41526
1197	4	41527
1197	4	41528
1197	5	41529
1197	6	41530
1198	0	41531
1198	2	41532
1198	4	41533
1198	4	41534
1198	4	41535
1198	4	41536
1198	4	41537
1198	4	41538
1198	4	41539
1198	4	41540
1198	4	41541
1198	6	41542
1199	2	41543
1199	4	41544
1199	4	41545
1199	4	41546
1199	4	41547
1199	4	41548
1199	4	41549
1199	4	41550
1199	4	41551
1199	5	41552
1199	5	41553
1199	5	41554
1199	5	41555
1199	5	41556
1199	5	41557
1199	5	41558
1199	6	41559
1200	0	41560
1200	0	41561
1200	0	41562
1200	1	41563
1200	2	41564
1200	3	41565
1200	4	41566
1200	4	41567
1200	4	41568
1200	4	41569
1200	4	41570
1200	4	41571
1200	4	41572
1200	4	41573
1200	4	41574
1200	4	41575
1200	4	41576
1200	4	41577
1200	4	41578
1200	4	41579
1200	4	41580
1200	4	41581
1200	4	41582
1200	5	41583
1200	5	41584
1200	5	41585
1200	5	41586
1200	6	41587
1201	4	41588
1201	4	41589
1201	4	41590
1201	4	41591
1201	4	41592
1201	4	41593
1201	5	41594
1202	0	41595
1202	4	41596
1202	4	41597
1202	4	41598
1202	4	41599
1202	4	41600
1202	4	41601
1202	4	41602
1202	4	41603
1202	4	41604
1202	4	41605
1202	4	41606
1202	4	41607
1202	4	41608
1202	4	41609
1202	4	41610
1202	4	41611
1202	4	41612
1202	4	41613
1202	4	41614
1202	5	41615
1202	5	41616
1202	6	41617
1203	0	41618
1203	1	41619
1203	3	41620
1203	4	41621
1203	4	41622
1203	4	41623
1203	4	41624
1203	4	41625
1203	4	41626
1203	4	41627
1203	5	41628
1203	5	41629
1203	5	41630
1203	5	41631
1203	5	41632
1203	5	41633
1203	5	41634
1203	5	41635
1203	5	41636
1203	5	41637
1204	0	41638
1204	4	41639
1204	4	41640
1204	4	41641
1204	4	41642
1204	4	41643
1204	5	41644
1204	5	41645
1204	5	41646
1204	5	41647
1204	5	41648
1204	5	41649
1204	5	41650
1204	5	41651
1204	5	41652
1205	4	41653
1205	4	41654
1205	4	41655
1205	4	41656
1205	5	41657
1205	5	41658
1205	6	41659
1206	2	41660
1206	4	41661
1206	4	41662
1206	4	41663
1206	4	41664
1206	4	41665
1206	4	41666
1206	4	41667
1206	4	41668
1206	4	41669
1206	4	41670
1206	4	41671
1206	4	41672
1206	4	41673
1206	4	41674
1206	4	41675
1206	4	41676
1206	4	41677
1206	4	41678
1206	4	41679
1206	4	41680
1206	4	41681
1206	4	41682
1206	4	41683
1206	4	41684
1206	4	41685
1206	5	41686
1206	5	41687
1206	6	41688
1207	0	41689
1207	1	41690
1207	2	41691
1207	3	41692
1207	4	41693
1207	4	41694
1207	4	41695
1207	4	41696
1207	4	41697
1207	4	41698
1207	4	41699
1207	5	41700
1207	5	41701
1207	5	41702
1207	5	41703
1207	5	41704
1207	6	41705
1208	0	41706
1208	2	41707
1208	3	41708
1208	4	41709
1208	4	41710
1208	4	41711
1208	4	41712
1208	4	41713
1208	4	41714
1208	4	41715
1208	4	41716
1208	5	41717
1208	6	41718
1209	0	41719
1209	2	41720
1209	2	41721
1209	2	41722
1209	3	41723
1209	3	41724
1209	4	41725
1209	4	41726
1209	4	41727
1209	4	41728
1209	4	41729
1209	4	41730
1209	4	41731
1209	4	41732
1209	4	41733
1209	4	41734
1209	4	41735
1209	5	41736
1209	5	41737
1209	6	41738
1210	2	41739
1210	2	41740
1210	4	41741
1210	4	41742
1210	4	41743
1210	4	41744
1210	4	41745
1210	4	41746
1210	4	41747
1210	4	41748
1210	4	41749
1210	5	41750
1210	5	41751
1210	5	41752
1210	5	41753
1210	5	41754
1210	5	41755
1210	6	41756
1211	0	41757
1211	1	41758
1211	2	41759
1211	2	41760
1211	3	41761
1211	4	41762
1211	4	41763
1211	4	41764
1211	4	41765
1211	4	41766
1211	4	41767
1211	4	41768
1211	4	41769
1211	4	41770
1211	4	41771
1211	4	41772
1211	4	41773
1211	4	41774
1211	4	41775
1211	4	41776
1211	5	41777
1211	5	41778
1211	5	41779
1211	5	41780
1211	5	41781
1211	5	41782
1211	5	41783
1211	6	41784
1212	2	41785
1212	3	41786
1212	4	41787
1212	4	41788
1212	4	41789
1212	4	41790
1212	4	41791
1212	4	41792
1212	4	41793
1212	5	41794
1212	5	41795
1212	5	41796
1212	5	41797
1212	5	41798
1212	6	41799
1213	0	41800
1213	1	41801
1213	4	41802
1213	4	41803
1213	4	41804
1213	4	41805
1213	4	41806
1213	6	41807
1214	1	41808
1214	2	41809
1214	4	41810
1214	4	41811
1214	4	41812
1214	4	41813
1214	4	41814
1214	4	41815
1214	4	41816
1214	4	41817
1214	4	41818
1214	4	41819
1214	4	41820
1214	5	41821
1214	5	41822
1214	5	41823
1214	5	41824
1214	5	41825
1214	6	41826
1215	1	41827
1215	3	41828
1215	4	41829
1215	4	41830
1215	4	41831
1215	4	41832
1215	4	41833
1215	4	41834
1215	4	41835
1215	4	41836
1215	4	41837
1215	4	41838
1215	4	41839
1215	4	41840
1215	4	41841
1215	4	41842
1215	4	41843
1215	4	41844
1215	4	41845
1215	4	41846
1215	5	41847
1215	5	41848
1215	5	41849
1215	5	41850
1216	1	41851
1216	4	41852
1216	4	41853
1216	4	41854
1216	4	41855
1216	4	41856
1216	4	41857
1216	4	41858
1216	4	41859
1216	4	41860
1216	4	41861
1216	4	41862
1216	4	41863
1216	4	41864
1216	4	41865
1216	4	41866
1216	5	41867
1216	5	41868
1216	5	41869
1216	6	41870
1217	2	41871
1217	4	41872
1217	4	41873
1217	4	41874
1217	4	41875
1217	4	41876
1217	4	41877
1217	4	41878
1217	4	41879
1217	5	41880
1217	6	41881
1218	0	41882
1218	0	41883
1218	1	41884
1218	2	41885
1218	3	41886
1218	4	41887
1218	4	41888
1218	4	41889
1218	4	41890
1218	4	41891
1218	4	41892
1218	4	41893
1218	4	41894
1218	4	41895
1218	4	41896
1218	4	41897
1218	4	41898
1218	5	41899
1218	5	41900
1218	5	41901
1218	6	41902
1219	1	41903
1219	1	41904
1219	2	41905
1219	3	41906
1219	4	41907
1219	4	41908
1219	4	41909
1219	4	41910
1219	4	41911
1219	4	41912
1219	4	41913
1219	4	41914
1219	4	41915
1219	4	41916
1219	4	41917
1219	4	41918
1219	4	41919
1219	4	41920
1219	4	41921
1219	4	41922
1219	5	41923
1219	5	41924
1219	6	41925
1220	0	41926
1220	0	41927
1220	1	41928
1220	2	41929
1220	4	41930
1220	4	41931
1220	4	41932
1220	4	41933
1220	4	41934
1220	4	41935
1220	4	41936
1220	4	41937
1220	4	41938
1220	4	41939
1220	4	41940
1220	4	41941
1220	5	41942
1220	5	41943
1220	6	41944
1221	0	41945
1221	2	41946
1221	3	41947
1221	4	41948
1221	4	41949
1221	4	41950
1221	4	41951
1221	4	41952
1221	4	41953
1221	5	41954
1221	6	41955
1222	0	41956
1222	1	41957
1222	2	41958
1222	3	41959
1222	3	41960
1222	3	41961
1222	4	41962
1222	4	41963
1222	4	41964
1222	4	41965
1222	4	41966
1222	4	41967
1222	4	41968
1222	4	41969
1222	5	41970
1222	5	41971
1222	5	41972
1222	6	41973
1223	0	41974
1223	0	41975
1223	0	41976
1223	1	41977
1223	3	41978
1223	4	41979
1223	4	41980
1223	4	41981
1223	4	41982
1223	4	41983
1223	4	41984
1223	4	41985
1223	4	41986
1223	5	41987
1223	5	41988
1223	5	41989
1223	5	41990
1223	5	41991
1224	0	41992
1224	3	41993
1224	4	41994
1224	4	41995
1224	4	41996
1224	4	41997
1224	4	41998
1224	4	41999
1224	4	42000
1224	4	42001
1224	4	42002
1224	5	42003
1224	5	42004
1224	5	42005
1224	5	42006
1224	5	42007
1224	5	42008
1224	5	42009
1224	5	42010
1224	5	42011
1225	0	42012
1225	1	42013
1225	2	42014
1225	4	42015
1225	4	42016
1225	4	42017
1225	4	42018
1225	4	42019
1225	4	42020
1225	4	42021
1225	4	42022
1225	4	42023
1225	4	42024
1225	4	42025
1225	4	42026
1225	4	42027
1225	4	42028
1225	4	42029
1225	4	42030
1225	4	42031
1225	4	42032
1225	4	42033
1225	4	42034
1225	5	42035
1225	5	42036
1225	5	42037
1225	5	42038
1225	5	42039
1225	6	42040
1226	0	42041
1226	1	42042
1226	1	42043
1226	2	42044
1226	4	42045
1226	4	42046
1226	4	42047
1226	4	42048
1226	4	42049
1226	4	42050
1226	4	42051
1226	4	42052
1226	4	42053
1226	4	42054
1226	4	42055
1226	4	42056
1226	4	42057
1226	4	42058
1226	4	42059
1226	4	42060
1226	4	42061
1226	4	42062
1226	4	42063
1226	4	42064
1226	4	42065
1226	4	42066
1226	4	42067
1226	4	42068
1226	4	42069
1226	4	42070
1226	5	42071
1226	5	42072
1226	5	42073
1226	5	42074
1226	6	42075
1227	0	42076
1227	1	42077
1227	2	42078
1227	4	42079
1227	4	42080
1227	4	42081
1227	4	42082
1227	4	42083
1227	4	42084
1227	4	42085
1227	4	42086
1227	4	42087
1227	4	42088
1227	4	42089
1227	4	42090
1227	4	42091
1227	4	42092
1227	4	42093
1227	4	42094
1227	4	42095
1227	5	42096
1227	5	42097
1227	5	42098
1227	6	42099
1228	2	42100
1228	4	42101
1228	4	42102
1228	4	42103
1228	4	42104
1228	4	42105
1228	4	42106
1228	4	42107
1228	5	42108
1228	5	42109
1228	6	42110
1229	0	42111
1229	1	42112
1229	4	42113
1229	4	42114
1229	4	42115
1229	4	42116
1229	4	42117
1229	4	42118
1229	4	42119
1229	4	42120
1229	4	42121
1229	4	42122
1229	4	42123
1229	4	42124
1229	4	42125
1229	4	42126
1229	4	42127
1229	4	42128
1229	4	42129
1229	4	42130
1229	5	42131
1229	5	42132
1229	5	42133
1229	5	42134
1229	6	42135
1230	0	42136
1230	1	42137
1230	2	42138
1230	3	42139
1230	4	42140
1230	4	42141
1230	4	42142
1230	4	42143
1230	4	42144
1230	4	42145
1230	4	42146
1230	4	42147
1230	4	42148
1230	4	42149
1230	4	42150
1230	4	42151
1230	4	42152
1230	4	42153
1230	4	42154
1230	4	42155
1230	4	42156
1230	4	42157
1230	4	42158
1230	4	42159
1230	4	42160
1230	4	42161
1230	4	42162
1230	5	42163
1230	5	42164
1230	5	42165
1230	5	42166
1230	6	42167
1231	0	42168
1231	1	42169
1231	2	42170
1231	3	42171
1231	4	42172
1231	4	42173
1231	4	42174
1231	4	42175
1231	4	42176
1231	4	42177
1231	4	42178
1231	4	42179
1231	4	42180
1231	4	42181
1231	4	42182
1231	4	42183
1231	4	42184
1231	4	42185
1231	4	42186
1231	4	42187
1231	4	42188
1231	4	42189
1231	4	42190
1231	4	42191
1231	4	42192
1231	6	42193
1232	0	42194
1232	2	42195
1232	3	42196
1232	4	42197
1232	4	42198
1232	4	42199
1232	4	42200
1232	4	42201
1232	4	42202
1232	4	42203
1232	4	42204
1232	4	42205
1232	4	42206
1232	4	42207
1232	4	42208
1232	4	42209
1232	4	42210
1232	4	42211
1232	4	42212
1232	4	42213
1232	5	42214
1232	5	42215
1232	6	42216
1233	0	42217
1233	1	42218
1233	3	42219
1233	4	42220
1233	4	42221
1233	4	42222
1233	4	42223
1233	4	42224
1233	4	42225
1233	4	42226
1233	4	42227
1233	4	42228
1233	4	42229
1233	4	42230
1233	4	42231
1233	4	42232
1233	4	42233
1233	4	42234
1233	4	42235
1233	4	42236
1233	4	42237
1233	5	42238
1233	5	42239
1233	5	42240
1233	5	42241
1233	5	42242
1233	6	42243
1234	0	42244
1234	1	42245
1234	1	42246
1234	2	42247
1234	4	42248
1234	4	42249
1234	4	42250
1234	4	42251
1234	4	42252
1234	4	42253
1234	4	42254
1234	4	42255
1234	4	42256
1234	4	42257
1234	4	42258
1234	4	42259
1234	4	42260
1234	4	42261
1234	4	42262
1234	4	42263
1234	4	42264
1234	4	42265
1234	4	42266
1234	4	42267
1234	4	42268
1234	4	42269
1234	4	42270
1234	4	42271
1234	4	42272
1234	4	42273
1234	4	42274
1234	4	42275
1234	4	42276
1234	4	42277
1234	4	42278
1234	4	42279
1234	4	42280
1234	4	42281
1234	4	42282
1234	4	42283
1234	4	42284
1234	4	42285
1234	4	42286
1234	4	42287
1234	4	42288
1234	4	42289
1234	4	42290
1234	4	42291
1234	4	42292
1234	5	42293
1234	5	42294
1234	5	42295
1234	5	42296
1234	5	42297
1234	5	42298
1234	5	42299
1234	6	42300
1235	0	42301
1235	1	42302
1235	2	42303
1235	2	42304
1235	2	42305
1235	2	42306
1235	2	42307
1235	3	42308
1235	4	42309
1235	4	42310
1235	4	42311
1235	4	42312
1235	4	42313
1235	4	42314
1235	4	42315
1235	4	42316
1235	4	42317
1235	4	42318
1235	4	42319
1235	4	42320
1235	4	42321
1235	4	42322
1235	4	42323
1235	4	42324
1235	4	42325
1235	4	42326
1235	4	42327
1235	4	42328
1235	4	42329
1235	4	42330
1235	4	42331
1235	4	42332
1235	4	42333
1235	4	42334
1235	5	42335
1235	5	42336
1235	5	42337
1235	5	42338
1235	5	42339
1235	6	42340
1236	0	42341
1236	0	42342
1236	1	42343
1236	1	42344
1236	2	42345
1236	3	42346
1236	4	42347
1236	4	42348
1236	4	42349
1236	4	42350
1236	4	42351
1236	4	42352
1236	4	42353
1236	4	42354
1236	4	42355
1236	4	42356
1236	4	42357
1236	4	42358
1236	4	42359
1236	4	42360
1236	4	42361
1236	4	42362
1236	4	42363
1236	4	42364
1236	4	42365
1236	4	42366
1236	4	42367
1236	4	42368
1236	4	42369
1236	5	42370
1236	5	42371
1236	5	42372
1236	5	42373
1236	5	42374
1236	5	42375
1236	6	42376
1237	0	42377
1237	0	42378
1237	0	42379
1237	1	42380
1237	2	42381
1237	4	42382
1237	4	42383
1237	4	42384
1237	4	42385
1237	4	42386
1237	4	42387
1237	4	42388
1237	4	42389
1237	4	42390
1237	4	42391
1237	4	42392
1237	4	42393
1237	5	42394
1237	5	42395
1237	5	42396
1237	5	42397
1237	5	42398
1237	6	42399
1238	0	42400
1238	1	42401
1238	3	42402
1238	4	42403
1238	4	42404
1238	4	42405
1238	4	42406
1238	4	42407
1238	4	42408
1238	4	42409
1238	4	42410
1238	4	42411
1238	4	42412
1238	4	42413
1238	4	42414
1238	4	42415
1238	4	42416
1238	4	42417
1238	4	42418
1238	4	42419
1238	4	42420
1238	4	42421
1238	4	42422
1238	4	42423
1238	5	42424
1238	5	42425
1238	5	42426
1238	6	42427
1239	0	42428
1239	0	42429
1239	1	42430
1239	1	42431
1239	3	42432
1239	4	42433
1239	4	42434
1239	4	42435
1239	4	42436
1239	4	42437
1239	4	42438
1239	4	42439
1239	4	42440
1239	4	42441
1239	4	42442
1239	4	42443
1239	4	42444
1239	4	42445
1239	4	42446
1239	5	42447
1239	5	42448
1239	5	42449
1239	5	42450
1239	5	42451
1239	5	42452
1239	5	42453
1239	6	42454
1240	4	42455
1240	4	42456
1240	4	42457
1240	4	42458
1240	4	42459
1240	4	42460
1240	4	42461
1240	4	42462
1240	4	42463
1240	4	42464
1240	4	42465
1240	4	42466
1240	4	42467
1240	4	42468
1240	4	42469
1240	6	42470
1241	0	42471
1241	0	42472
1241	0	42473
1241	0	42474
1241	1	42475
1241	2	42476
1241	2	42477
1241	3	42478
1241	4	42479
1241	4	42480
1241	4	42481
1241	4	42482
1241	4	42483
1241	4	42484
1241	4	42485
1241	4	42486
1241	4	42487
1241	4	42488
1241	4	42489
1241	4	42490
1241	4	42491
1241	4	42492
1241	4	42493
1241	4	42494
1241	4	42495
1241	4	42496
1241	4	42497
1241	4	42498
1241	4	42499
1241	4	42500
1241	4	42501
1241	4	42502
1241	4	42503
1241	5	42504
1241	5	42505
1241	5	42506
1241	5	42507
1241	5	42508
1241	5	42509
1241	5	42510
1241	5	42511
1241	5	42512
1241	5	42513
1241	5	42514
1241	5	42515
1241	5	42516
1241	6	42517
1242	1	42518
1242	1	42519
1242	1	42520
1242	1	42521
1242	1	42522
1242	2	42523
1242	4	42524
1242	4	42525
1242	4	42526
1242	4	42527
1242	4	42528
1242	4	42529
1242	4	42530
1242	4	42531
1242	4	42532
1242	4	42533
1242	4	42534
1242	4	42535
1242	4	42536
1242	4	42537
1242	4	42538
1242	4	42539
1242	4	42540
1242	4	42541
1242	4	42542
1242	4	42543
1242	4	42544
1242	4	42545
1242	4	42546
1242	4	42547
1242	4	42548
1242	4	42549
1242	4	42550
1242	4	42551
1242	4	42552
1242	4	42553
1242	4	42554
1242	4	42555
1242	4	42556
1242	4	42557
1242	4	42558
1242	4	42559
1242	4	42560
1242	4	42561
1242	5	42562
1242	5	42563
1242	5	42564
1242	5	42565
1242	6	42566
1243	0	42567
1243	0	42568
1243	1	42569
1243	2	42570
1243	2	42571
1243	3	42572
1243	4	42573
1243	4	42574
1243	4	42575
1243	4	42576
1243	4	42577
1243	4	42578
1243	4	42579
1243	4	42580
1243	4	42581
1243	4	42582
1243	4	42583
1243	5	42584
1243	5	42585
1243	5	42586
1243	5	42587
1243	5	42588
1243	6	42589
1243	6	42590
1244	0	42591
1244	0	42592
1244	0	42593
1244	1	42594
1244	2	42595
1244	4	42596
1244	4	42597
1244	4	42598
1244	4	42599
1244	4	42600
1244	4	42601
1244	4	42602
1244	4	42603
1244	4	42604
1244	4	42605
1244	4	42606
1244	5	42607
1244	5	42608
1244	5	42609
1244	6	42610
1245	0	42611
1245	1	42612
1245	2	42613
1245	3	42614
1245	4	42615
1245	4	42616
1245	4	42617
1245	4	42618
1245	4	42619
1245	4	42620
1245	4	42621
1245	4	42622
1245	4	42623
1245	4	42624
1245	4	42625
1245	4	42626
1245	4	42627
1245	4	42628
1245	5	42629
1245	5	42630
1245	5	42631
1245	5	42632
1245	5	42633
1245	5	42634
1245	6	42635
1246	0	42636
1246	0	42637
1246	1	42638
1246	2	42639
1246	3	42640
1246	4	42641
1246	4	42642
1246	4	42643
1246	4	42644
1246	4	42645
1246	4	42646
1246	4	42647
1246	4	42648
1246	4	42649
1246	4	42650
1246	4	42651
1246	4	42652
1246	4	42653
1246	4	42654
1246	4	42655
1246	4	42656
1246	5	42657
1246	5	42658
1246	5	42659
1246	5	42660
1246	5	42661
1246	5	42662
1246	6	42663
1247	0	42664
1247	1	42665
1247	2	42666
1247	3	42667
1247	4	42668
1247	4	42669
1247	4	42670
1247	4	42671
1247	4	42672
1247	4	42673
1247	4	42674
1247	4	42675
1247	4	42676
1247	4	42677
1247	4	42678
1247	4	42679
1247	4	42680
1247	4	42681
1247	4	42682
1247	4	42683
1247	5	42684
1247	5	42685
1247	5	42686
1247	5	42687
1247	5	42688
1247	5	42689
1247	6	42690
1248	2	42691
1248	4	42692
1248	4	42693
1248	4	42694
1248	4	42695
1248	4	42696
1248	4	42697
1248	4	42698
1248	4	42699
1248	4	42700
1248	4	42701
1248	4	42702
1248	4	42703
1248	5	42704
1248	5	42705
1248	5	42706
1248	5	42707
1248	5	42708
1248	6	42709
1249	0	42710
1249	1	42711
1249	1	42712
1249	2	42713
1249	3	42714
1249	4	42715
1249	4	42716
1249	4	42717
1249	4	42718
1249	4	42719
1249	4	42720
1249	4	42721
1249	4	42722
1249	4	42723
1249	4	42724
1249	4	42725
1249	4	42726
1249	4	42727
1249	4	42728
1249	4	42729
1249	4	42730
1249	4	42731
1249	4	42732
1249	4	42733
1249	4	42734
1249	4	42735
1249	4	42736
1249	4	42737
1249	4	42738
1249	4	42739
1249	4	42740
1249	5	42741
1249	5	42742
1249	5	42743
1249	5	42744
1249	6	42745
1250	4	42746
1250	4	42747
1250	4	42748
1250	4	42749
1250	5	42750
1250	5	42751
1250	5	42752
1250	5	42753
1251	0	42754
1251	0	42755
1251	1	42756
1251	2	42757
1251	3	42758
1251	4	42759
1251	4	42760
1251	4	42761
1251	4	42762
1251	4	42763
1251	4	42764
1251	4	42765
1251	4	42766
1251	4	42767
1251	4	42768
1251	4	42769
1251	4	42770
1251	4	42771
1251	4	42772
1251	4	42773
1251	4	42774
1251	4	42775
1251	4	42776
1251	4	42777
1251	4	42778
1251	4	42779
1251	4	42780
1251	5	42781
1251	5	42782
1251	5	42783
1251	5	42784
1251	5	42785
1251	5	42786
1251	5	42787
1251	6	42788
1252	0	42789
1252	1	42790
1252	2	42791
1252	2	42792
1252	4	42793
1252	4	42794
1252	4	42795
1252	4	42796
1252	4	42797
1252	4	42798
1252	4	42799
1252	4	42800
1252	4	42801
1252	4	42802
1252	4	42803
1252	4	42804
1252	5	42805
1252	5	42806
1252	5	42807
1252	5	42808
1252	5	42809
1252	5	42810
1252	5	42811
1252	5	42812
1252	5	42813
1252	5	42814
1252	5	42815
1252	6	42816
1253	1	42817
1253	2	42818
1253	2	42819
1253	3	42820
1253	4	42821
1253	4	42822
1253	4	42823
1253	4	42824
1253	4	42825
1253	4	42826
1253	4	42827
1253	4	42828
1253	4	42829
1253	4	42830
1253	4	42831
1253	4	42832
1253	5	42833
1253	5	42834
1253	5	42835
1253	6	42836
1254	0	42837
1254	0	42838
1254	1	42839
1254	4	42840
1254	4	42841
1254	4	42842
1254	4	42843
1254	4	42844
1254	4	42845
1254	4	42846
1254	4	42847
1254	4	42848
1254	4	42849
1254	4	42850
1254	4	42851
1254	4	42852
1254	4	42853
1254	4	42854
1254	4	42855
1254	4	42856
1254	4	42857
1254	4	42858
1254	4	42859
1254	4	42860
1254	5	42861
1254	5	42862
1254	5	42863
1254	5	42864
1254	5	42865
1254	5	42866
1254	5	42867
1254	5	42868
1254	5	42869
1254	5	42870
1255	0	42871
1255	0	42872
1255	1	42873
1255	2	42874
1255	4	42875
1255	4	42876
1255	4	42877
1255	4	42878
1255	4	42879
1255	4	42880
1255	4	42881
1255	4	42882
1255	4	42883
1255	4	42884
1255	4	42885
1255	4	42886
1255	4	42887
1255	4	42888
1255	4	42889
1255	4	42890
1255	4	42891
1255	4	42892
1255	4	42893
1255	4	42894
1255	5	42895
1255	5	42896
1255	5	42897
1255	5	42898
1255	5	42899
1255	5	42900
1255	5	42901
1255	5	42902
1255	5	42903
1255	6	42904
1256	0	42905
1256	0	42906
1256	1	42907
1256	3	42908
1256	4	42909
1256	4	42910
1256	4	42911
1256	4	42912
1256	4	42913
1256	4	42914
1256	4	42915
1256	4	42916
1256	4	42917
1256	4	42918
1256	4	42919
1256	4	42920
1256	4	42921
1256	4	42922
1256	4	42923
1256	4	42924
1256	5	42925
1256	5	42926
1256	5	42927
1256	5	42928
1256	5	42929
1256	5	42930
1256	6	42931
1257	0	42932
1257	0	42933
1257	1	42934
1257	2	42935
1257	2	42936
1257	2	42937
1257	4	42938
1257	4	42939
1257	4	42940
1257	4	42941
1257	4	42942
1257	4	42943
1257	4	42944
1257	4	42945
1257	4	42946
1257	4	42947
1257	4	42948
1257	4	42949
1257	4	42950
1257	4	42951
1257	4	42952
1257	4	42953
1257	4	42954
1257	5	42955
1257	5	42956
1257	5	42957
1257	5	42958
1257	5	42959
1257	5	42960
1257	6	42961
1258	0	42962
1258	0	42963
1258	0	42964
1258	1	42965
1258	3	42966
1258	4	42967
1258	4	42968
1258	4	42969
1258	4	42970
1258	4	42971
1258	4	42972
1258	4	42973
1258	4	42974
1258	4	42975
1258	4	42976
1258	4	42977
1258	4	42978
1258	4	42979
1258	4	42980
1258	4	42981
1258	4	42982
1258	4	42983
1258	4	42984
1258	4	42985
1258	4	42986
1258	4	42987
1258	5	42988
1258	5	42989
1258	5	42990
1258	5	42991
1258	5	42992
1258	6	42993
1259	0	42994
1259	0	42995
1259	1	42996
1259	1	42997
1259	2	42998
1259	3	42999
1259	4	43000
1259	4	43001
1259	4	43002
1259	4	43003
1259	4	43004
1259	4	43005
1259	4	43006
1259	4	43007
1259	4	43008
1259	4	43009
1259	4	43010
1259	4	43011
1259	4	43012
1259	4	43013
1259	4	43014
1259	4	43015
1259	4	43016
1259	5	43017
1259	5	43018
1259	5	43019
1259	5	43020
1259	5	43021
1259	5	43022
1259	6	43023
1260	0	43024
1260	0	43025
1260	1	43026
1260	3	43027
1260	4	43028
1260	4	43029
1260	4	43030
1260	4	43031
1260	4	43032
1260	4	43033
1260	4	43034
1260	4	43035
1260	4	43036
1260	4	43037
1260	4	43038
1260	4	43039
1260	4	43040
1260	4	43041
1260	4	43042
1260	5	43043
1260	5	43044
1260	5	43045
1260	5	43046
1260	5	43047
1260	5	43048
1260	6	43049
1261	0	43050
1261	0	43051
1261	0	43052
1261	1	43053
1261	2	43054
1261	2	43055
1261	2	43056
1261	3	43057
1261	4	43058
1261	4	43059
1261	4	43060
1261	4	43061
1261	4	43062
1261	4	43063
1261	4	43064
1261	4	43065
1261	4	43066
1261	4	43067
1261	4	43068
1261	4	43069
1261	4	43070
1261	4	43071
1261	4	43072
1261	4	43073
1261	4	43074
1261	4	43075
1261	4	43076
1261	4	43077
1261	4	43078
1261	4	43079
1261	4	43080
1261	4	43081
1261	4	43082
1261	4	43083
1261	4	43084
1261	4	43085
1261	5	43086
1261	5	43087
1261	5	43088
1261	5	43089
1261	5	43090
1261	5	43091
1261	6	43092
1262	0	43093
1262	1	43094
1262	2	43095
1262	3	43096
1262	4	43097
1262	4	43098
1262	4	43099
1262	4	43100
1262	4	43101
1262	4	43102
1262	4	43103
1262	4	43104
1262	4	43105
1262	5	43106
1262	5	43107
1262	6	43108
1263	2	43109
1263	4	43110
1263	4	43111
1263	4	43112
1263	4	43113
1263	4	43114
1263	4	43115
1263	4	43116
1263	5	43117
1263	5	43118
1263	5	43119
1263	5	43120
1263	6	43121
1264	0	43122
1264	2	43123
1264	2	43124
1264	3	43125
1264	4	43126
1264	4	43127
1264	4	43128
1264	4	43129
1264	4	43130
1264	4	43131
1264	4	43132
1264	4	43133
1264	5	43134
1264	5	43135
1264	5	43136
1264	6	43137
1265	1	43138
1265	1	43139
1265	1	43140
1265	2	43141
1265	3	43142
1265	4	43143
1265	4	43144
1265	4	43145
1265	4	43146
1265	4	43147
1265	4	43148
1265	4	43149
1265	4	43150
1265	4	43151
1265	4	43152
1265	4	43153
1265	4	43154
1265	4	43155
1265	4	43156
1265	4	43157
1265	4	43158
1265	4	43159
1265	4	43160
1265	6	43161
1266	4	43162
1266	4	43163
1266	4	43164
1266	4	43165
1266	4	43166
1266	4	43167
1266	4	43168
1266	4	43169
1266	4	43170
1266	4	43171
1266	4	43172
1266	4	43173
1266	4	43174
1266	4	43175
1266	4	43176
1267	0	43177
1267	1	43178
1267	2	43179
1267	2	43180
1267	2	43181
1267	2	43182
1267	3	43183
1267	3	43184
1267	4	43185
1267	4	43186
1267	4	43187
1267	4	43188
1267	4	43189
1267	4	43190
1267	4	43191
1267	4	43192
1267	4	43193
1267	4	43194
1267	4	43195
1267	4	43196
1267	4	43197
1267	4	43198
1267	4	43199
1267	4	43200
1267	4	43201
1267	4	43202
1267	4	43203
1267	5	43204
1267	5	43205
1267	5	43206
1267	5	43207
1267	5	43208
1267	5	43209
1267	6	43210
1268	0	43211
1268	1	43212
1268	3	43213
1268	4	43214
1268	4	43215
1268	4	43216
1268	4	43217
1268	4	43218
1268	4	43219
1268	4	43220
1268	4	43221
1268	4	43222
1268	4	43223
1268	4	43224
1268	4	43225
1268	4	43226
1268	4	43227
1268	5	43228
1268	5	43229
1268	5	43230
1268	6	43231
1269	0	43232
1269	1	43233
1269	2	43234
1269	2	43235
1269	3	43236
1269	4	43237
1269	4	43238
1269	4	43239
1269	4	43240
1269	4	43241
1269	4	43242
1269	4	43243
1269	4	43244
1269	4	43245
1269	4	43246
1269	5	43247
1269	5	43248
1269	5	43249
1269	6	43250
1270	0	43251
1270	1	43252
1270	2	43253
1270	3	43254
1270	4	43255
1270	4	43256
1270	4	43257
1270	4	43258
1270	4	43259
1270	4	43260
1270	4	43261
1270	4	43262
1270	4	43263
1270	4	43264
1270	4	43265
1270	4	43266
1270	4	43267
1270	5	43268
1270	5	43269
1270	5	43270
1270	5	43271
1270	6	43272
1271	0	43273
1271	1	43274
1271	2	43275
1271	3	43276
1271	4	43277
1271	4	43278
1271	4	43279
1271	4	43280
1271	4	43281
1271	4	43282
1271	4	43283
1271	4	43284
1271	4	43285
1271	4	43286
1271	4	43287
1271	4	43288
1271	4	43289
1271	4	43290
1271	4	43291
1271	4	43292
1271	4	43293
1271	4	43294
1271	5	43295
1271	5	43296
1271	5	43297
1271	5	43298
1271	6	43299
1272	0	43300
1272	1	43301
1272	2	43302
1272	2	43303
1272	3	43304
1272	4	43305
1272	4	43306
1272	4	43307
1272	4	43308
1272	4	43309
1272	4	43310
1272	4	43311
1272	4	43312
1272	4	43313
1272	4	43314
1272	4	43315
1272	4	43316
1272	4	43317
1272	5	43318
1272	5	43319
1272	5	43320
1272	5	43321
1272	5	43322
1272	5	43323
1272	5	43324
1272	5	43325
1272	5	43326
1272	5	43327
1272	5	43328
1272	6	43329
1272	6	43330
1273	0	43331
1273	1	43332
1273	2	43333
1273	2	43334
1273	2	43335
1273	3	43336
1273	4	43337
1273	4	43338
1273	4	43339
1273	4	43340
1273	4	43341
1273	4	43342
1273	4	43343
1273	4	43344
1273	4	43345
1273	5	43346
1273	5	43347
1273	5	43348
1273	5	43349
1273	6	43350
1274	0	43351
1274	1	43352
1274	1	43353
1274	2	43354
1274	2	43355
1274	2	43356
1274	4	43357
1274	4	43358
1274	4	43359
1274	4	43360
1274	4	43361
1274	4	43362
1274	4	43363
1274	4	43364
1274	4	43365
1274	4	43366
1274	4	43367
1274	4	43368
1274	4	43369
1274	4	43370
1274	5	43371
1274	5	43372
1274	6	43373
1275	0	43374
1275	1	43375
1275	2	43376
1275	3	43377
1275	4	43378
1275	4	43379
1275	4	43380
1275	4	43381
1275	4	43382
1275	4	43383
1275	4	43384
1275	4	43385
1275	5	43386
1275	5	43387
1275	5	43388
1275	5	43389
1275	5	43390
1275	5	43391
1275	6	43392
1276	0	43393
1276	2	43394
1276	3	43395
1276	4	43396
1276	4	43397
1276	4	43398
1276	4	43399
1276	4	43400
1276	4	43401
1276	4	43402
1276	4	43403
1276	4	43404
1276	4	43405
1276	4	43406
1276	5	43407
1276	5	43408
1276	5	43409
1276	6	43410
1277	3	43411
1277	4	43412
1277	4	43413
1277	4	43414
1277	4	43415
1277	4	43416
1277	4	43417
1277	4	43418
1277	4	43419
1277	4	43420
1277	4	43421
1277	4	43422
1277	4	43423
1277	4	43424
1277	4	43425
1277	4	43426
1277	4	43427
1277	4	43428
1277	5	43429
1277	5	43430
1277	5	43431
1278	0	43432
1278	0	43433
1278	1	43434
1278	3	43435
1278	4	43436
1278	4	43437
1278	4	43438
1278	4	43439
1278	4	43440
1278	4	43441
1278	4	43442
1278	4	43443
1278	4	43444
1278	4	43445
1278	4	43446
1278	4	43447
1278	4	43448
1278	5	43449
1278	5	43450
1278	5	43451
1278	5	43452
1278	6	43453
1279	2	43454
1279	2	43455
1279	4	43456
1279	4	43457
1279	4	43458
1279	4	43459
1279	4	43460
1279	4	43461
1279	4	43462
1279	4	43463
1279	4	43464
1279	5	43465
1279	5	43466
1279	5	43467
1279	5	43468
1279	5	43469
1279	5	43470
1279	5	43471
1279	5	43472
1279	5	43473
1279	5	43474
1279	5	43475
1279	5	43476
1279	6	43477
1280	0	43478
1280	1	43479
1280	2	43480
1280	2	43481
1280	3	43482
1280	4	43483
1280	4	43484
1280	4	43485
1280	4	43486
1280	4	43487
1280	4	43488
1280	4	43489
1280	4	43490
1280	4	43491
1280	4	43492
1280	4	43493
1280	4	43494
1280	4	43495
1280	4	43496
1280	4	43497
1280	4	43498
1280	4	43499
1280	4	43500
1280	4	43501
1280	4	43502
1280	5	43503
1280	5	43504
1280	5	43505
1280	6	43506
1281	0	43507
1281	1	43508
1281	1	43509
1281	2	43510
1281	3	43511
1281	4	43512
1281	4	43513
1281	4	43514
1281	4	43515
1281	4	43516
1281	4	43517
1281	4	43518
1281	4	43519
1281	4	43520
1281	5	43521
1281	5	43522
1281	5	43523
1281	5	43524
1281	5	43525
1281	5	43526
1281	6	43527
1282	0	43528
1282	0	43529
1282	1	43530
1282	4	43531
1282	4	43532
1282	4	43533
1282	4	43534
1282	4	43535
1282	4	43536
1282	4	43537
1282	4	43538
1282	4	43539
1282	4	43540
1282	4	43541
1282	4	43542
1282	4	43543
1282	4	43544
1282	4	43545
1282	4	43546
1282	4	43547
1282	5	43548
1282	5	43549
1282	5	43550
1282	5	43551
1282	5	43552
1282	6	43553
1283	0	43554
1283	2	43555
1283	3	43556
1283	4	43557
1283	4	43558
1283	4	43559
1283	4	43560
1283	4	43561
1283	4	43562
1283	4	43563
1283	4	43564
1283	4	43565
1283	4	43566
1283	4	43567
1283	4	43568
1283	4	43569
1283	4	43570
1283	4	43571
1283	4	43572
1283	4	43573
1283	4	43574
1283	4	43575
1283	4	43576
1283	5	43577
1283	5	43578
1283	6	43579
1284	0	43580
1284	1	43581
1284	2	43582
1284	2	43583
1284	3	43584
1284	4	43585
1284	4	43586
1284	4	43587
1284	4	43588
1284	4	43589
1284	4	43590
1284	4	43591
1284	4	43592
1284	4	43593
1284	4	43594
1284	4	43595
1284	4	43596
1284	4	43597
1284	4	43598
1284	4	43599
1284	4	43600
1284	4	43601
1284	4	43602
1284	4	43603
1284	4	43604
1284	4	43605
1284	4	43606
1284	4	43607
1284	4	43608
1284	4	43609
1284	4	43610
1284	5	43611
1284	5	43612
1284	5	43613
1284	5	43614
1284	5	43615
1284	6	43616
1285	0	43617
1285	1	43618
1285	2	43619
1285	2	43620
1285	4	43621
1285	4	43622
1285	4	43623
1285	4	43624
1285	4	43625
1285	4	43626
1285	4	43627
1285	4	43628
1285	4	43629
1285	4	43630
1285	4	43631
1285	4	43632
1285	4	43633
1285	5	43634
1285	5	43635
1285	5	43636
1285	5	43637
1285	5	43638
1285	5	43639
1285	6	43640
1286	0	43641
1286	0	43642
1286	1	43643
1286	2	43644
1286	3	43645
1286	3	43646
1286	4	43647
1286	4	43648
1286	4	43649
1286	4	43650
1286	4	43651
1286	4	43652
1286	4	43653
1286	4	43654
1286	4	43655
1286	4	43656
1286	4	43657
1286	4	43658
1286	4	43659
1286	4	43660
1286	4	43661
1286	4	43662
1286	4	43663
1286	4	43664
1286	5	43665
1286	5	43666
1286	5	43667
1286	5	43668
1286	5	43669
1286	5	43670
1286	6	43671
1287	0	43672
1287	1	43673
1287	2	43674
1287	3	43675
1287	4	43676
1287	4	43677
1287	4	43678
1287	4	43679
1287	4	43680
1287	4	43681
1287	4	43682
1287	4	43683
1287	4	43684
1287	4	43685
1287	4	43686
1287	4	43687
1287	4	43688
1287	4	43689
1287	4	43690
1287	5	43691
1287	5	43692
1287	5	43693
1287	5	43694
1287	5	43695
1287	6	43696
1288	0	43697
1288	1	43698
1288	2	43699
1288	2	43700
1288	3	43701
1288	4	43702
1288	4	43703
1288	4	43704
1288	4	43705
1288	4	43706
1288	4	43707
1288	4	43708
1288	4	43709
1288	4	43710
1288	4	43711
1288	4	43712
1288	4	43713
1288	4	43714
1288	5	43715
1288	5	43716
1288	5	43717
1288	6	43718
1289	0	43719
1289	1	43720
1289	2	43721
1289	3	43722
1289	4	43723
1289	4	43724
1289	4	43725
1289	4	43726
1289	4	43727
1289	4	43728
1289	4	43729
1289	4	43730
1289	4	43731
1289	4	43732
1289	4	43733
1289	4	43734
1289	4	43735
1289	4	43736
1289	4	43737
1289	5	43738
1289	5	43739
1289	5	43740
1289	6	43741
1290	0	43742
1290	1	43743
1290	2	43744
1290	2	43745
1290	3	43746
1290	4	43747
1290	4	43748
1290	4	43749
1290	4	43750
1290	4	43751
1290	4	43752
1290	4	43753
1290	4	43754
1290	4	43755
1290	4	43756
1290	4	43757
1290	4	43758
1290	4	43759
1290	4	43760
1290	4	43761
1290	4	43762
1290	5	43763
1290	5	43764
1290	5	43765
1290	5	43766
1290	5	43767
1290	6	43768
1291	1	43769
1291	3	43770
1291	4	43771
1291	4	43772
1291	4	43773
1291	4	43774
1291	4	43775
1291	4	43776
1291	4	43777
1291	4	43778
1291	4	43779
1291	4	43780
1291	4	43781
1291	4	43782
1291	4	43783
1291	4	43784
1291	4	43785
1291	4	43786
1291	4	43787
1291	4	43788
1291	4	43789
1291	5	43790
1291	5	43791
1291	5	43792
1291	5	43793
1291	5	43794
1291	5	43795
1291	6	43796
1292	1	43797
1292	2	43798
1292	3	43799
1292	4	43800
1292	4	43801
1292	4	43802
1292	4	43803
1292	4	43804
1292	4	43805
1292	4	43806
1292	4	43807
1292	4	43808
1292	4	43809
1292	4	43810
1292	4	43811
1292	5	43812
1292	5	43813
1292	5	43814
1292	5	43815
1292	6	43816
1293	0	43817
1293	1	43818
1293	2	43819
1293	3	43820
1293	4	43821
1293	4	43822
1293	4	43823
1293	4	43824
1293	4	43825
1293	4	43826
1293	4	43827
1293	4	43828
1293	4	43829
1293	4	43830
1293	4	43831
1293	4	43832
1293	4	43833
1293	4	43834
1293	4	43835
1293	4	43836
1293	4	43837
1293	5	43838
1293	5	43839
1293	5	43840
1293	5	43841
1293	5	43842
1293	6	43843
1294	0	43844
1294	1	43845
1294	2	43846
1294	2	43847
1294	4	43848
1294	4	43849
1294	4	43850
1294	4	43851
1294	4	43852
1294	4	43853
1294	4	43854
1294	4	43855
1294	4	43856
1294	4	43857
1294	4	43858
1294	4	43859
1294	4	43860
1294	4	43861
1294	5	43862
1294	5	43863
1294	6	43864
1295	2	43865
1295	2	43866
1295	4	43867
1295	4	43868
1295	4	43869
1295	4	43870
1295	4	43871
1295	4	43872
1295	4	43873
1295	4	43874
1295	5	43875
1295	5	43876
1295	5	43877
1295	5	43878
1295	5	43879
1295	6	43880
1296	0	43881
1296	0	43882
1296	1	43883
1296	2	43884
1296	3	43885
1296	4	43886
1296	4	43887
1296	4	43888
1296	4	43889
1296	4	43890
1296	4	43891
1296	4	43892
1296	4	43893
1296	4	43894
1296	4	43895
1296	4	43896
1296	4	43897
1296	4	43898
1296	4	43899
1296	4	43900
1296	4	43901
1296	4	43902
1296	4	43903
1296	4	43904
1296	4	43905
1296	4	43906
1296	4	43907
1296	4	43908
1296	4	43909
1296	4	43910
1296	4	43911
1296	5	43912
1296	5	43913
1296	5	43914
1296	5	43915
1296	5	43916
1296	6	43917
1297	4	43918
1297	4	43919
1297	4	43920
1297	5	43921
1297	5	43922
1297	5	43923
1297	5	43924
1297	5	43925
1297	5	43926
1298	0	43927
1298	1	43928
1298	2	43929
1298	4	43930
1298	4	43931
1298	4	43932
1298	4	43933
1298	4	43934
1298	4	43935
1298	4	43936
1298	4	43937
1298	4	43938
1298	4	43939
1298	4	43940
1298	4	43941
1298	4	43942
1298	4	43943
1298	4	43944
1298	4	43945
1298	4	43946
1298	4	43947
1298	4	43948
1298	4	43949
1298	4	43950
1298	5	43951
1298	5	43952
1298	5	43953
1298	5	43954
1298	5	43955
1298	5	43956
1298	5	43957
1298	6	43958
1299	0	43959
1299	1	43960
1299	2	43961
1299	2	43962
1299	3	43963
1299	4	43964
1299	4	43965
1299	4	43966
1299	4	43967
1299	4	43968
1299	4	43969
1299	4	43970
1299	4	43971
1299	4	43972
1299	4	43973
1299	4	43974
1299	4	43975
1299	4	43976
1299	4	43977
1299	5	43978
1299	5	43979
1299	5	43980
1299	5	43981
1299	5	43982
1299	5	43983
1299	6	43984
1300	1	43985
1300	2	43986
1300	3	43987
1300	4	43988
1300	4	43989
1300	4	43990
1300	4	43991
1300	4	43992
1300	4	43993
1300	4	43994
1300	4	43995
1300	4	43996
1300	4	43997
1300	4	43998
1300	4	43999
1300	4	44000
1300	4	44001
1300	4	44002
1300	5	44003
1300	5	44004
1300	5	44005
1300	5	44006
1300	6	44007
1301	0	44008
1301	2	44009
1301	2	44010
1301	3	44011
1301	4	44012
1301	4	44013
1301	4	44014
1301	4	44015
1301	4	44016
1301	4	44017
1301	4	44018
1301	4	44019
1301	4	44020
1301	5	44021
1301	5	44022
1301	5	44023
1301	5	44024
1301	6	44025
1302	0	44026
1302	2	44027
1302	3	44028
1302	4	44029
1302	4	44030
1302	4	44031
1302	4	44032
1302	4	44033
1302	4	44034
1302	4	44035
1302	4	44036
1302	4	44037
1302	4	44038
1302	4	44039
1302	4	44040
1302	4	44041
1302	4	44042
1302	4	44043
1302	4	44044
1302	4	44045
1302	4	44046
1302	4	44047
1302	4	44048
1302	4	44049
1302	4	44050
1302	5	44051
1302	5	44052
1302	5	44053
1302	6	44054
1303	0	44055
1303	1	44056
1303	2	44057
1303	3	44058
1303	4	44059
1303	4	44060
1303	4	44061
1303	4	44062
1303	4	44063
1303	4	44064
1303	4	44065
1303	4	44066
1303	4	44067
1303	4	44068
1303	4	44069
1303	4	44070
1303	4	44071
1303	4	44072
1303	5	44073
1303	5	44074
1303	5	44075
1303	5	44076
1303	5	44077
1303	6	44078
1304	0	44079
1304	0	44080
1304	1	44081
1304	2	44082
1304	4	44083
1304	4	44084
1304	4	44085
1304	4	44086
1304	4	44087
1304	4	44088
1304	6	44089
1305	0	44090
1305	1	44091
1305	2	44092
1305	2	44093
1305	2	44094
1305	3	44095
1305	4	44096
1305	4	44097
1305	4	44098
1305	4	44099
1305	4	44100
1305	4	44101
1305	4	44102
1305	4	44103
1305	5	44104
1305	5	44105
1305	6	44106
1306	0	44107
1306	1	44108
1306	1	44109
1306	4	44110
1306	4	44111
1306	4	44112
1306	4	44113
1306	4	44114
1306	4	44115
1306	4	44116
1306	4	44117
1306	4	44118
1306	4	44119
1306	4	44120
1306	4	44121
1306	4	44122
1306	4	44123
1306	5	44124
1306	5	44125
1306	5	44126
1306	5	44127
1306	5	44128
1307	1	44129
1307	2	44130
1307	3	44131
1307	4	44132
1307	4	44133
1307	4	44134
1307	4	44135
1307	4	44136
1307	4	44137
1307	4	44138
1307	4	44139
1307	4	44140
1307	4	44141
1307	4	44142
1307	4	44143
1307	4	44144
1307	4	44145
1307	4	44146
1307	4	44147
1307	4	44148
1307	4	44149
1307	4	44150
1307	4	44151
1307	4	44152
1307	4	44153
1307	5	44154
1307	5	44155
1307	6	44156
1308	0	44157
1308	1	44158
1308	4	44159
1308	4	44160
1308	4	44161
1308	4	44162
1308	4	44163
1308	4	44164
1308	4	44165
1308	4	44166
1308	4	44167
1308	4	44168
1308	4	44169
1308	4	44170
1308	4	44171
1308	4	44172
1308	4	44173
1308	4	44174
1308	4	44175
1308	4	44176
1308	5	44177
1308	5	44178
1308	5	44179
1308	5	44180
1308	5	44181
1308	5	44182
1308	6	44183
1309	0	44184
1309	3	44185
1309	4	44186
1309	4	44187
1309	4	44188
1309	4	44189
1309	4	44190
1309	4	44191
1309	4	44192
1309	4	44193
1309	4	44194
1309	4	44195
1309	4	44196
1309	4	44197
1309	4	44198
1309	4	44199
1309	4	44200
1309	4	44201
1309	4	44202
1309	6	44203
1310	0	44204
1310	2	44205
1310	4	44206
1310	4	44207
1310	4	44208
1310	4	44209
1310	4	44210
1310	4	44211
1310	4	44212
1310	4	44213
1310	4	44214
1310	4	44215
1310	4	44216
1310	4	44217
1310	4	44218
1310	4	44219
1310	4	44220
1310	5	44221
1310	5	44222
1310	5	44223
1310	5	44224
1310	5	44225
1310	5	44226
1310	6	44227
1311	0	44228
1311	0	44229
1311	1	44230
1311	2	44231
1311	2	44232
1311	2	44233
1311	3	44234
1311	4	44235
1311	4	44236
1311	4	44237
1311	4	44238
1311	4	44239
1311	4	44240
1311	4	44241
1311	4	44242
1311	4	44243
1311	4	44244
1311	4	44245
1311	4	44246
1311	5	44247
1311	5	44248
1311	5	44249
1311	6	44250
1312	0	44251
1312	2	44252
1312	2	44253
1312	4	44254
1312	4	44255
1312	4	44256
1312	4	44257
1312	4	44258
1312	4	44259
1312	4	44260
1312	4	44261
1312	5	44262
1312	6	44263
1313	0	44264
1313	1	44265
1313	2	44266
1313	4	44267
1313	4	44268
1313	4	44269
1313	4	44270
1313	4	44271
1313	4	44272
1313	4	44273
1313	4	44274
1313	4	44275
1313	4	44276
1313	4	44277
1313	4	44278
1313	4	44279
1313	4	44280
1313	4	44281
1313	4	44282
1313	4	44283
1313	4	44284
1313	5	44285
1313	5	44286
1313	5	44287
1313	5	44288
1313	5	44289
1313	5	44290
1313	5	44291
1313	6	44292
1314	0	44293
1314	1	44294
1314	2	44295
1314	3	44296
1314	4	44297
1314	4	44298
1314	4	44299
1314	4	44300
1314	4	44301
1314	4	44302
1314	4	44303
1314	4	44304
1314	4	44305
1314	4	44306
1314	4	44307
1314	4	44308
1314	4	44309
1314	4	44310
1314	5	44311
1314	5	44312
1314	5	44313
1314	5	44314
1314	5	44315
1314	5	44316
1314	5	44317
1314	5	44318
1314	6	44319
1315	1	44320
1315	2	44321
1315	3	44322
1315	4	44323
1315	4	44324
1315	4	44325
1315	4	44326
1315	4	44327
1315	4	44328
1315	4	44329
1315	4	44330
1315	4	44331
1315	4	44332
1315	4	44333
1315	5	44334
1315	5	44335
1315	5	44336
1315	5	44337
1315	5	44338
1315	6	44339
1316	1	44340
1316	2	44341
1316	3	44342
1316	4	44343
1316	4	44344
1316	4	44345
1316	4	44346
1316	4	44347
1316	4	44348
1316	4	44349
1316	4	44350
1316	4	44351
1316	4	44352
1316	4	44353
1316	4	44354
1316	4	44355
1316	4	44356
1316	4	44357
1316	5	44358
1316	5	44359
1316	5	44360
1316	5	44361
1316	5	44362
1316	5	44363
1316	6	44364
1317	0	44365
1317	2	44366
1317	3	44367
1317	4	44368
1317	4	44369
1317	4	44370
1317	4	44371
1317	4	44372
1317	4	44373
1317	4	44374
1317	4	44375
1317	4	44376
1317	4	44377
1317	4	44378
1317	4	44379
1317	4	44380
1317	4	44381
1317	5	44382
1317	5	44383
1317	6	44384
1318	0	44385
1318	1	44386
1318	2	44387
1318	2	44388
1318	3	44389
1318	4	44390
1318	4	44391
1318	4	44392
1318	4	44393
1318	4	44394
1318	4	44395
1318	4	44396
1318	4	44397
1318	4	44398
1318	4	44399
1318	5	44400
1318	5	44401
1318	5	44402
1318	5	44403
1318	6	44404
1319	1	44405
1319	2	44406
1319	4	44407
1319	4	44408
1319	4	44409
1319	4	44410
1319	4	44411
1319	4	44412
1319	4	44413
1319	4	44414
1319	4	44415
1319	5	44416
1319	5	44417
1319	5	44418
1319	5	44419
1319	5	44420
1319	5	44421
1319	6	44422
1320	0	44423
1320	1	44424
1320	2	44425
1320	2	44426
1320	3	44427
1320	4	44428
1320	4	44429
1320	4	44430
1320	4	44431
1320	4	44432
1320	4	44433
1320	4	44434
1320	4	44435
1320	4	44436
1320	4	44437
1320	4	44438
1320	4	44439
1320	4	44440
1320	4	44441
1320	4	44442
1320	4	44443
1320	5	44444
1320	5	44445
1320	5	44446
1320	5	44447
1320	6	44448
1321	0	44449
1321	1	44450
1321	2	44451
1321	4	44452
1321	4	44453
1321	4	44454
1321	4	44455
1321	4	44456
1321	4	44457
1321	4	44458
1321	4	44459
1321	4	44460
1321	4	44461
1321	4	44462
1321	4	44463
1321	4	44464
1321	4	44465
1321	4	44466
1321	4	44467
1321	5	44468
1321	5	44469
1321	5	44470
1321	5	44471
1321	5	44472
1322	0	44473
1322	0	44474
1322	1	44475
1322	2	44476
1322	3	44477
1322	4	44478
1322	4	44479
1322	4	44480
1322	4	44481
1322	4	44482
1322	4	44483
1322	4	44484
1322	4	44485
1322	4	44486
1322	4	44487
1322	4	44488
1322	4	44489
1322	4	44490
1322	4	44491
1322	5	44492
1322	5	44493
1322	5	44494
1322	5	44495
1322	5	44496
1322	6	44497
1323	0	44498
1323	0	44499
1323	1	44500
1323	2	44501
1323	4	44502
1323	4	44503
1323	4	44504
1323	4	44505
1323	4	44506
1323	4	44507
1323	4	44508
1323	4	44509
1323	4	44510
1323	4	44511
1323	4	44512
1323	4	44513
1323	4	44514
1323	4	44515
1323	5	44516
1323	6	44517
1324	4	44518
1324	4	44519
1324	4	44520
1324	4	44521
1324	4	44522
1324	4	44523
1324	4	44524
1324	5	44525
1324	5	44526
1325	1	44527
1325	1	44528
1325	3	44529
1325	4	44530
1325	4	44531
1325	4	44532
1325	4	44533
1325	4	44534
1325	4	44535
1325	4	44536
1325	4	44537
1325	4	44538
1325	4	44539
1325	5	44540
1325	5	44541
1325	5	44542
1325	5	44543
1325	6	44544
1326	0	44545
1326	0	44546
1326	0	44547
1326	1	44548
1326	2	44549
1326	4	44550
1326	4	44551
1326	4	44552
1326	4	44553
1326	4	44554
1326	4	44555
1326	4	44556
1326	4	44557
1326	4	44558
1326	4	44559
1326	4	44560
1326	4	44561
1326	4	44562
1326	4	44563
1326	4	44564
1326	5	44565
1326	5	44566
1326	5	44567
1326	5	44568
1326	6	44569
1327	0	44570
1327	0	44571
1327	1	44572
1327	1	44573
1327	2	44574
1327	3	44575
1327	4	44576
1327	4	44577
1327	4	44578
1327	4	44579
1327	4	44580
1327	4	44581
1327	4	44582
1327	4	44583
1327	4	44584
1327	4	44585
1327	4	44586
1327	4	44587
1327	5	44588
1327	5	44589
1327	5	44590
1327	5	44591
1327	5	44592
1327	5	44593
1327	6	44594
1328	0	44595
1328	1	44596
1328	2	44597
1328	3	44598
1328	4	44599
1328	4	44600
1328	4	44601
1328	4	44602
1328	4	44603
1328	4	44604
1328	4	44605
1328	4	44606
1328	4	44607
1328	4	44608
1328	4	44609
1328	4	44610
1328	4	44611
1328	4	44612
1328	4	44613
1328	4	44614
1328	4	44615
1328	4	44616
1328	4	44617
1328	4	44618
1328	4	44619
1328	4	44620
1328	5	44621
1328	5	44622
1328	5	44623
1328	5	44624
1328	5	44625
1328	5	44626
1328	6	44627
1329	1	44628
1329	4	44629
1329	4	44630
1329	4	44631
1329	4	44632
1329	4	44633
1329	4	44634
1329	4	44635
1329	4	44636
1329	4	44637
1329	4	44638
1329	4	44639
1329	4	44640
1329	4	44641
1329	4	44642
1329	5	44643
1329	6	44644
1330	0	44645
1330	1	44646
1330	2	44647
1330	3	44648
1330	4	44649
1330	4	44650
1330	4	44651
1330	4	44652
1330	4	44653
1330	4	44654
1330	4	44655
1330	4	44656
1330	4	44657
1330	4	44658
1330	4	44659
1330	4	44660
1330	4	44661
1330	4	44662
1330	4	44663
1330	5	44664
1330	5	44665
1330	5	44666
1330	5	44667
1330	5	44668
1330	5	44669
1330	6	44670
1331	0	44671
1331	0	44672
1331	1	44673
1331	2	44674
1331	4	44675
1331	4	44676
1331	4	44677
1331	4	44678
1331	4	44679
1331	4	44680
1331	4	44681
1331	4	44682
1331	4	44683
1331	4	44684
1331	4	44685
1331	4	44686
1331	4	44687
1331	4	44688
1331	4	44689
1331	4	44690
1331	4	44691
1331	4	44692
1331	4	44693
1331	4	44694
1331	5	44695
1331	5	44696
1331	6	44697
1332	1	44698
1332	1	44699
1332	2	44700
1332	2	44701
1332	3	44702
1332	4	44703
1332	4	44704
1332	4	44705
1332	4	44706
1332	4	44707
1332	4	44708
1332	4	44709
1332	4	44710
1332	4	44711
1332	4	44712
1332	4	44713
1332	4	44714
1332	4	44715
1332	4	44716
1332	4	44717
1332	4	44718
1332	4	44719
1332	4	44720
1332	4	44721
1332	4	44722
1332	4	44723
1332	4	44724
1332	4	44725
1332	4	44726
1332	4	44727
1332	4	44728
1332	4	44729
1332	4	44730
1332	4	44731
1332	4	44732
1332	5	44733
1332	5	44734
1332	5	44735
1332	5	44736
1332	6	44737
1333	0	44738
1333	0	44739
1333	0	44740
1333	1	44741
1333	1	44742
1333	2	44743
1333	3	44744
1333	4	44745
1333	4	44746
1333	4	44747
1333	4	44748
1333	4	44749
1333	4	44750
1333	4	44751
1333	4	44752
1333	4	44753
1333	4	44754
1333	4	44755
1333	4	44756
1333	4	44757
1333	4	44758
1333	4	44759
1333	4	44760
1333	4	44761
1333	4	44762
1333	4	44763
1333	5	44764
1333	5	44765
1333	5	44766
1333	5	44767
1333	5	44768
1333	5	44769
1333	5	44770
1333	5	44771
1333	5	44772
1333	5	44773
1333	5	44774
1333	5	44775
1333	6	44776
1334	0	44777
1334	1	44778
1334	2	44779
1334	2	44780
1334	4	44781
1334	4	44782
1334	4	44783
1334	4	44784
1334	4	44785
1334	4	44786
1334	4	44787
1334	4	44788
1334	4	44789
1334	4	44790
1334	4	44791
1334	4	44792
1334	4	44793
1334	4	44794
1334	4	44795
1334	4	44796
1334	4	44797
1334	5	44798
1334	5	44799
1334	5	44800
1334	5	44801
1334	6	44802
1335	1	44803
1335	2	44804
1335	3	44805
1335	4	44806
1335	4	44807
1335	4	44808
1335	4	44809
1335	4	44810
1335	4	44811
1335	4	44812
1335	4	44813
1335	5	44814
1335	5	44815
1335	5	44816
1335	5	44817
1335	5	44818
1336	0	44819
1336	2	44820
1336	2	44821
1336	2	44822
1336	2	44823
1336	4	44824
1336	4	44825
1336	4	44826
1336	4	44827
1336	4	44828
1336	4	44829
1336	4	44830
1336	4	44831
1336	4	44832
1336	4	44833
1336	4	44834
1336	5	44835
1336	6	44836
1337	1	44837
1337	2	44838
1337	2	44839
1337	3	44840
1337	4	44841
1337	4	44842
1337	4	44843
1337	4	44844
1337	4	44845
1337	4	44846
1337	4	44847
1337	4	44848
1337	4	44849
1337	4	44850
1337	4	44851
1337	4	44852
1337	4	44853
1337	4	44854
1337	4	44855
1337	5	44856
1337	5	44857
1337	5	44858
1337	5	44859
1337	5	44860
1337	5	44861
1337	6	44862
1338	1	44863
1338	4	44864
1338	4	44865
1338	4	44866
1338	4	44867
1338	4	44868
1338	4	44869
1338	4	44870
1338	4	44871
1338	4	44872
1338	4	44873
1338	4	44874
1338	5	44875
1338	5	44876
1338	6	44877
1339	0	44878
1339	1	44879
1339	2	44880
1339	4	44881
1339	4	44882
1339	4	44883
1339	4	44884
1339	4	44885
1339	4	44886
1339	4	44887
1339	4	44888
1339	4	44889
1339	4	44890
1339	4	44891
1339	4	44892
1339	5	44893
1339	5	44894
1339	5	44895
1339	6	44896
1340	1	44897
1340	2	44898
1340	4	44899
1340	4	44900
1340	4	44901
1340	4	44902
1340	4	44903
1340	4	44904
1340	4	44905
1340	4	44906
1340	4	44907
1340	4	44908
1340	5	44909
1340	5	44910
1340	5	44911
1340	5	44912
1340	5	44913
1340	5	44914
1340	5	44915
1340	5	44916
1340	6	44917
1341	0	44918
1341	1	44919
1341	4	44920
1341	4	44921
1341	4	44922
1341	4	44923
1341	4	44924
1341	4	44925
1341	4	44926
1341	4	44927
1341	4	44928
1341	4	44929
1341	4	44930
1341	4	44931
1341	4	44932
1341	4	44933
1341	5	44934
1341	5	44935
1342	0	44936
1342	1	44937
1342	3	44938
1342	4	44939
1342	4	44940
1342	4	44941
1342	4	44942
1342	4	44943
1342	4	44944
1342	4	44945
1342	4	44946
1342	4	44947
1342	4	44948
1342	4	44949
1342	4	44950
1342	4	44951
1342	4	44952
1342	5	44953
1342	5	44954
1342	6	44955
1343	2	44956
1343	4	44957
1343	4	44958
1343	4	44959
1343	4	44960
1343	4	44961
1343	4	44962
1343	4	44963
1343	4	44964
1343	4	44965
1343	4	44966
1343	5	44967
1343	5	44968
1343	5	44969
1343	5	44970
1343	6	44971
1344	0	44972
1344	1	44973
1344	2	44974
1344	4	44975
1344	4	44976
1344	4	44977
1344	4	44978
1344	4	44979
1344	4	44980
1344	4	44981
1344	4	44982
1344	4	44983
1344	4	44984
1344	5	44985
1344	5	44986
1344	6	44987
1345	0	44988
1345	0	44989
1345	1	44990
1345	2	44991
1345	3	44992
1345	4	44993
1345	4	44994
1345	4	44995
1345	4	44996
1345	4	44997
1345	4	44998
1345	4	44999
1345	4	45000
1345	4	45001
1345	4	45002
1345	4	45003
1345	4	45004
1345	4	45005
1345	5	45006
1345	5	45007
1345	5	45008
1345	5	45009
1345	5	45010
1345	5	45011
1345	5	45012
1345	5	45013
1345	5	45014
1345	5	45015
1345	6	45016
1346	0	45017
1346	1	45018
1346	4	45019
1346	4	45020
1346	4	45021
1346	4	45022
1346	4	45023
1346	4	45024
1346	4	45025
1346	4	45026
1346	4	45027
1346	4	45028
1346	4	45029
1346	4	45030
1346	4	45031
1346	4	45032
1346	4	45033
1346	4	45034
1346	4	45035
1346	5	45036
1346	5	45037
1346	5	45038
1346	5	45039
1346	5	45040
1346	6	45041
1347	0	45042
1347	1	45043
1347	4	45044
1347	4	45045
1347	4	45046
1347	4	45047
1347	4	45048
1347	4	45049
1347	4	45050
1347	4	45051
1347	4	45052
1347	4	45053
1347	4	45054
1347	4	45055
1347	5	45056
1347	5	45057
1347	5	45058
1347	6	45059
1348	0	45060
1348	1	45061
1348	4	45062
1348	4	45063
1348	4	45064
1348	4	45065
1348	4	45066
1348	4	45067
1348	5	45068
1348	5	45069
1348	5	45070
1348	5	45071
1349	0	45072
1349	0	45073
1349	1	45074
1349	3	45075
1349	4	45076
1349	4	45077
1349	4	45078
1349	4	45079
1349	4	45080
1349	4	45081
1349	4	45082
1349	4	45083
1349	4	45084
1349	4	45085
1349	4	45086
1349	4	45087
1349	5	45088
1349	6	45089
1350	0	45090
1350	1	45091
1350	3	45092
1350	4	45093
1350	4	45094
1350	4	45095
1350	4	45096
1350	4	45097
1350	4	45098
1350	4	45099
1350	5	45100
1350	5	45101
1350	5	45102
1350	5	45103
1350	5	45104
1350	5	45105
1350	5	45106
1351	1	45107
1351	2	45108
1351	3	45109
1351	4	45110
1351	4	45111
1351	4	45112
1351	4	45113
1351	4	45114
1351	4	45115
1351	4	45116
1351	4	45117
1351	5	45118
1351	5	45119
1351	5	45120
1351	5	45121
1351	5	45122
1351	5	45123
1351	5	45124
1351	5	45125
1351	5	45126
1351	5	45127
1351	6	45128
1352	0	45129
1352	0	45130
1352	1	45131
1352	2	45132
1352	4	45133
1352	4	45134
1352	4	45135
1352	4	45136
1352	4	45137
1352	4	45138
1352	4	45139
1352	4	45140
1352	4	45141
1352	4	45142
1352	4	45143
1352	4	45144
1352	4	45145
1352	5	45146
1352	5	45147
1352	5	45148
1352	5	45149
1352	5	45150
1352	6	45151
1353	0	45152
1353	1	45153
1353	3	45154
1353	4	45155
1353	4	45156
1353	4	45157
1353	4	45158
1353	4	45159
1353	4	45160
1353	4	45161
1353	4	45162
1353	4	45163
1353	4	45164
1353	4	45165
1353	4	45166
1353	4	45167
1353	4	45168
1353	5	45169
1353	5	45170
1353	5	45171
1353	5	45172
1353	5	45173
1353	5	45174
1353	5	45175
1353	5	45176
1353	6	45177
1354	1	45178
1354	4	45179
1354	4	45180
1354	4	45181
1354	4	45182
1354	4	45183
1354	4	45184
1354	4	45185
1354	4	45186
1354	4	45187
1354	4	45188
1354	4	45189
1354	4	45190
1355	1	45191
1355	2	45192
1355	4	45193
1355	4	45194
1355	4	45195
1355	4	45196
1355	4	45197
1355	4	45198
1355	4	45199
1355	4	45200
1355	4	45201
1355	4	45202
1355	4	45203
1355	4	45204
1355	4	45205
1355	4	45206
1355	5	45207
1355	5	45208
1355	5	45209
1355	6	45210
1356	1	45211
1356	2	45212
1356	3	45213
1356	4	45214
1356	4	45215
1356	4	45216
1356	4	45217
1356	4	45218
1356	4	45219
1356	4	45220
1356	4	45221
1356	4	45222
1356	4	45223
1356	4	45224
1356	4	45225
1356	4	45226
1356	4	45227
1356	4	45228
1356	4	45229
1356	6	45230
1357	2	45231
1357	2	45232
1357	4	45233
1357	4	45234
1357	4	45235
1357	4	45236
1357	4	45237
1357	4	45238
1357	4	45239
1357	4	45240
1357	4	45241
1357	4	45242
1357	4	45243
1357	4	45244
1357	4	45245
1357	4	45246
1357	4	45247
1357	4	45248
1357	4	45249
1357	4	45250
1357	4	45251
1357	5	45252
1357	5	45253
1357	5	45254
1357	6	45255
1358	2	45256
1358	2	45257
1358	4	45258
1358	4	45259
1358	4	45260
1358	4	45261
1358	4	45262
1358	4	45263
1358	4	45264
1358	4	45265
1358	4	45266
1358	6	45267
1359	0	45268
1359	0	45269
1359	0	45270
1359	0	45271
1359	0	45272
1359	2	45273
1359	2	45274
1359	2	45275
1359	3	45276
1359	4	45277
1359	4	45278
1359	4	45279
1359	4	45280
1359	4	45281
1359	4	45282
1359	4	45283
1359	4	45284
1359	4	45285
1359	4	45286
1359	4	45287
1359	4	45288
1359	4	45289
1359	4	45290
1359	4	45291
1359	4	45292
1359	4	45293
1359	4	45294
1359	4	45295
1359	4	45296
1359	4	45297
1359	4	45298
1359	4	45299
1359	4	45300
1359	4	45301
1359	5	45302
1359	5	45303
1359	5	45304
1359	5	45305
1359	6	45306
1360	0	45307
1360	0	45308
1360	1	45309
1360	2	45310
1360	3	45311
1360	4	45312
1360	4	45313
1360	4	45314
1360	4	45315
1360	4	45316
1360	4	45317
1360	4	45318
1360	4	45319
1360	4	45320
1360	4	45321
1360	4	45322
1360	4	45323
1360	4	45324
1360	4	45325
1360	4	45326
1360	5	45327
1360	5	45328
1360	5	45329
1360	5	45330
1360	6	45331
1361	0	45332
1361	2	45333
1361	3	45334
1361	4	45335
1361	4	45336
1361	4	45337
1361	4	45338
1361	4	45339
1361	4	45340
1361	4	45341
1361	4	45342
1361	4	45343
1361	4	45344
1361	4	45345
1361	4	45346
1361	5	45347
1361	5	45348
1361	5	45349
1361	5	45350
1361	5	45351
1361	6	45352
1362	2	45353
1362	4	45354
1362	4	45355
1362	4	45356
1362	4	45357
1362	4	45358
1362	4	45359
1362	4	45360
1362	5	45361
1362	5	45362
1362	6	45363
1363	0	45364
1363	2	45365
1363	4	45366
1363	4	45367
1363	4	45368
1363	4	45369
1363	4	45370
1363	4	45371
1363	4	45372
1363	4	45373
1363	5	45374
1363	6	45375
1363	6	45376
1364	1	45377
1364	2	45378
1364	4	45379
1364	4	45380
1364	4	45381
1364	4	45382
1364	4	45383
1364	4	45384
1364	4	45385
1364	6	45386
1365	2	45387
1365	2	45388
1365	2	45389
1365	2	45390
1365	3	45391
1365	3	45392
1365	3	45393
1365	4	45394
1365	4	45395
1365	4	45396
1365	4	45397
1365	4	45398
1365	4	45399
1365	4	45400
1365	4	45401
1365	4	45402
1365	4	45403
1365	4	45404
1365	4	45405
1365	4	45406
1365	4	45407
1365	4	45408
1365	4	45409
1365	4	45410
1365	4	45411
1365	4	45412
1365	4	45413
1365	4	45414
1365	4	45415
1365	4	45416
1365	4	45417
1365	4	45418
1365	4	45419
1365	4	45420
1365	4	45421
1365	4	45422
1365	4	45423
1365	4	45424
1365	4	45425
1365	5	45426
1365	5	45427
1365	5	45428
1365	5	45429
1365	5	45430
1365	5	45431
1365	5	45432
1365	5	45433
1365	5	45434
1366	0	45435
1366	2	45436
1366	3	45437
1366	4	45438
1366	4	45439
1366	4	45440
1366	4	45441
1366	4	45442
1366	5	45443
1366	5	45444
1366	5	45445
1366	6	45446
1367	2	45447
1367	4	45448
1367	4	45449
1367	4	45450
1367	4	45451
1367	4	45452
1367	4	45453
1367	5	45454
1367	5	45455
1367	5	45456
1367	5	45457
1367	6	45458
1368	0	45459
1368	1	45460
1368	2	45461
1368	4	45462
1368	4	45463
1368	4	45464
1368	4	45465
1368	4	45466
1368	4	45467
1368	4	45468
1368	4	45469
1368	4	45470
1368	4	45471
1368	4	45472
1368	4	45473
1368	4	45474
1368	5	45475
1368	6	45476
1369	0	45477
1369	0	45478
1369	2	45479
1369	2	45480
1369	2	45481
1369	2	45482
1369	3	45483
1369	4	45484
1369	4	45485
1369	4	45486
1369	4	45487
1369	4	45488
1369	4	45489
1369	4	45490
1369	4	45491
1369	4	45492
1369	4	45493
1369	5	45494
1369	5	45495
1369	5	45496
1369	6	45497
1370	0	45498
1370	2	45499
1370	3	45500
1370	4	45501
1370	4	45502
1370	4	45503
1370	4	45504
1370	4	45505
1370	4	45506
1370	4	45507
1370	4	45508
1370	4	45509
1370	4	45510
1370	4	45511
1370	4	45512
1370	4	45513
1370	6	45514
1371	1	45515
1371	1	45516
1371	2	45517
1371	3	45518
1371	4	45519
1371	4	45520
1371	4	45521
1371	4	45522
1371	4	45523
1371	4	45524
1371	4	45525
1371	4	45526
1371	4	45527
1371	5	45528
1371	5	45529
1371	5	45530
1371	5	45531
1371	5	45532
1371	5	45533
1371	5	45534
1371	5	45535
1371	5	45536
1371	6	45537
1372	0	45538
1372	1	45539
1372	2	45540
1372	2	45541
1372	3	45542
1372	4	45543
1372	4	45544
1372	4	45545
1372	4	45546
1372	4	45547
1372	4	45548
1372	4	45549
1372	4	45550
1372	4	45551
1372	4	45552
1372	4	45553
1372	4	45554
1372	4	45555
1372	4	45556
1372	4	45557
1372	4	45558
1372	4	45559
1372	5	45560
1372	5	45561
1372	5	45562
1372	6	45563
1373	0	45564
1373	1	45565
1373	2	45566
1373	3	45567
1373	4	45568
1373	4	45569
1373	4	45570
1373	4	45571
1373	4	45572
1373	4	45573
1373	4	45574
1373	4	45575
1373	4	45576
1373	4	45577
1373	4	45578
1373	4	45579
1373	4	45580
1373	5	45581
1373	5	45582
1373	5	45583
1373	6	45584
1374	0	45585
1374	0	45586
1374	1	45587
1374	4	45588
1374	4	45589
1374	4	45590
1374	4	45591
1374	4	45592
1374	4	45593
1374	4	45594
1374	4	45595
1374	4	45596
1374	4	45597
1374	4	45598
1374	4	45599
1374	4	45600
1374	4	45601
1374	4	45602
1374	4	45603
1374	4	45604
1374	4	45605
1374	4	45606
1374	4	45607
1374	4	45608
1374	6	45609
1375	0	45610
1375	0	45611
1375	1	45612
1375	2	45613
1375	2	45614
1375	2	45615
1375	4	45616
1375	4	45617
1375	4	45618
1375	4	45619
1375	4	45620
1375	4	45621
1375	4	45622
1375	4	45623
1375	4	45624
1375	4	45625
1375	4	45626
1375	4	45627
1375	4	45628
1375	5	45629
1375	5	45630
1375	5	45631
1375	5	45632
1375	5	45633
1375	5	45634
1375	6	45635
1376	1	45636
1376	2	45637
1376	3	45638
1376	3	45639
1376	4	45640
1376	4	45641
1376	4	45642
1376	4	45643
1376	4	45644
1376	4	45645
1376	4	45646
1376	4	45647
1376	4	45648
1376	4	45649
1376	4	45650
1376	5	45651
1376	6	45652
1377	2	45653
1377	4	45654
1377	4	45655
1377	4	45656
1377	4	45657
1377	4	45658
1377	4	45659
1377	4	45660
1377	4	45661
1377	5	45662
1377	6	45663
1378	2	45664
1378	3	45665
1378	4	45666
1378	4	45667
1378	4	45668
1378	4	45669
1378	4	45670
1378	4	45671
1378	4	45672
1378	4	45673
1378	4	45674
1378	4	45675
1378	4	45676
1378	4	45677
1378	4	45678
1378	5	45679
1378	5	45680
1378	6	45681
1379	0	45682
1379	0	45683
1379	0	45684
1379	1	45685
1379	1	45686
1379	2	45687
1379	2	45688
1379	3	45689
1379	4	45690
1379	4	45691
1379	4	45692
1379	4	45693
1379	4	45694
1379	4	45695
1379	4	45696
1379	4	45697
1379	4	45698
1379	4	45699
1379	4	45700
1379	4	45701
1379	4	45702
1379	4	45703
1379	4	45704
1379	5	45705
1379	5	45706
1379	5	45707
1379	5	45708
1379	5	45709
1379	5	45710
1379	6	45711
1379	6	45712
1380	0	45713
1380	1	45714
1380	2	45715
1380	3	45716
1380	4	45717
1380	4	45718
1380	4	45719
1380	4	45720
1380	4	45721
1380	4	45722
1380	4	45723
1380	4	45724
1380	4	45725
1380	4	45726
1380	4	45727
1380	4	45728
1380	4	45729
1380	4	45730
1380	4	45731
1380	4	45732
1380	4	45733
1380	4	45734
1380	4	45735
1380	4	45736
1380	5	45737
1380	5	45738
1380	5	45739
1380	5	45740
1380	5	45741
1380	5	45742
1380	6	45743
1381	0	45744
1381	0	45745
1381	1	45746
1381	2	45747
1381	2	45748
1381	3	45749
1381	4	45750
1381	4	45751
1381	4	45752
1381	4	45753
1381	4	45754
1381	4	45755
1381	4	45756
1381	4	45757
1381	4	45758
1381	4	45759
1381	4	45760
1381	4	45761
1381	4	45762
1381	4	45763
1381	4	45764
1381	5	45765
1381	5	45766
1381	5	45767
1381	5	45768
1381	6	45769
1382	0	45770
1382	1	45771
1382	2	45772
1382	4	45773
1382	4	45774
1382	4	45775
1382	4	45776
1382	4	45777
1382	4	45778
1382	4	45779
1382	4	45780
1382	4	45781
1382	4	45782
1382	4	45783
1382	4	45784
1382	4	45785
1382	4	45786
1382	4	45787
1382	4	45788
1382	4	45789
1382	4	45790
1382	4	45791
1382	4	45792
1382	4	45793
1382	4	45794
1382	4	45795
1382	4	45796
1382	4	45797
1382	5	45798
1382	5	45799
1382	5	45800
1382	5	45801
1382	6	45802
1383	0	45803
1383	1	45804
1383	4	45805
1383	4	45806
1383	4	45807
1383	4	45808
1383	4	45809
1383	4	45810
1383	4	45811
1383	4	45812
1383	4	45813
1383	4	45814
1383	4	45815
1383	4	45816
1383	4	45817
1383	4	45818
1383	4	45819
1383	4	45820
1383	5	45821
1383	5	45822
1383	5	45823
1383	5	45824
1383	5	45825
1383	6	45826
1384	4	45827
1384	4	45828
1384	4	45829
1384	4	45830
1384	4	45831
1384	4	45832
1384	5	45833
1384	5	45834
1384	6	45835
1385	1	45836
1385	1	45837
1385	2	45838
1385	2	45839
1385	2	45840
1385	2	45841
1385	4	45842
1385	4	45843
1385	4	45844
1385	4	45845
1385	4	45846
1385	4	45847
1385	4	45848
1385	4	45849
1385	4	45850
1385	5	45851
1385	5	45852
1385	5	45853
1385	5	45854
1385	5	45855
1385	6	45856
1386	0	45857
1386	1	45858
1386	2	45859
1386	4	45860
1386	4	45861
1386	4	45862
1386	4	45863
1386	4	45864
1386	4	45865
1386	4	45866
1386	4	45867
1386	4	45868
1386	4	45869
1386	4	45870
1386	4	45871
1386	4	45872
1386	4	45873
1386	4	45874
1386	4	45875
1386	4	45876
1386	5	45877
1386	5	45878
1386	5	45879
1386	5	45880
1386	5	45881
1386	6	45882
1387	2	45883
1387	3	45884
1387	4	45885
1387	4	45886
1387	4	45887
1387	4	45888
1387	4	45889
1387	4	45890
1387	4	45891
1387	4	45892
1387	4	45893
1387	4	45894
1387	4	45895
1387	4	45896
1387	4	45897
1387	5	45898
1387	5	45899
1387	5	45900
1387	6	45901
1388	0	45902
1388	1	45903
1388	2	45904
1388	2	45905
1388	3	45906
1388	4	45907
1388	4	45908
1388	4	45909
1388	4	45910
1388	4	45911
1388	4	45912
1388	4	45913
1388	4	45914
1388	4	45915
1388	4	45916
1388	4	45917
1388	4	45918
1388	4	45919
1388	4	45920
1388	4	45921
1388	5	45922
1388	5	45923
1388	5	45924
1388	5	45925
1388	5	45926
1388	6	45927
1388	6	45928
1389	0	45929
1389	1	45930
1389	2	45931
1389	4	45932
1389	4	45933
1389	4	45934
1389	4	45935
1389	4	45936
1389	4	45937
1389	4	45938
1389	4	45939
1389	5	45940
1389	6	45941
1390	4	45942
1390	4	45943
1390	4	45944
1390	4	45945
1390	4	45946
1390	4	45947
1390	4	45948
1390	4	45949
1390	4	45950
1390	4	45951
1390	4	45952
1390	4	45953
1391	0	45954
1391	1	45955
1391	2	45956
1391	2	45957
1391	4	45958
1391	4	45959
1391	4	45960
1391	4	45961
1391	4	45962
1391	4	45963
1391	4	45964
1391	4	45965
1391	4	45966
1391	4	45967
1391	4	45968
1391	4	45969
1391	4	45970
1391	4	45971
1391	4	45972
1391	4	45973
1391	4	45974
1391	4	45975
1391	5	45976
1391	5	45977
1391	5	45978
1391	6	45979
1392	4	45980
1392	4	45981
1392	4	45982
1392	4	45983
1392	4	45984
1392	4	45985
1392	4	45986
1392	4	45987
1392	4	45988
1392	4	45989
1392	4	45990
1392	4	45991
1392	4	45992
1392	4	45993
1392	4	45994
1392	4	45995
1392	4	45996
1392	4	45997
1393	1	45998
1393	1	45999
1393	4	46000
1393	4	46001
1393	4	46002
1393	4	46003
1393	4	46004
1393	4	46005
1393	4	46006
1393	4	46007
1393	4	46008
1393	4	46009
1393	4	46010
1393	4	46011
1393	5	46012
1393	5	46013
1393	5	46014
1394	1	46015
1394	4	46016
1394	4	46017
1394	4	46018
1394	4	46019
1394	4	46020
1394	4	46021
1394	4	46022
1394	4	46023
1394	5	46024
1394	5	46025
1394	5	46026
1394	5	46027
1394	5	46028
1394	5	46029
1394	5	46030
1394	5	46031
1394	6	46032
1395	0	46033
1395	2	46034
1395	2	46035
1395	3	46036
1395	4	46037
1395	4	46038
1395	4	46039
1395	4	46040
1395	4	46041
1395	4	46042
1395	4	46043
1395	5	46044
1395	5	46045
1395	5	46046
1395	6	46047
1396	0	46048
1396	1	46049
1396	2	46050
1396	3	46051
1396	4	46052
1396	4	46053
1396	4	46054
1396	4	46055
1396	4	46056
1396	4	46057
1396	4	46058
1396	4	46059
1396	4	46060
1396	4	46061
1396	5	46062
1396	5	46063
1396	5	46064
1396	5	46065
1396	5	46066
1396	6	46067
1397	0	46068
1397	1	46069
1397	3	46070
1397	4	46071
1397	4	46072
1397	4	46073
1397	4	46074
1397	4	46075
1397	4	46076
1397	4	46077
1397	4	46078
1397	4	46079
1397	4	46080
1397	4	46081
1397	4	46082
1397	4	46083
1397	4	46084
1397	4	46085
1397	4	46086
1397	4	46087
1397	4	46088
1397	4	46089
1397	4	46090
1397	5	46091
1397	5	46092
1397	6	46093
1398	2	46094
1398	4	46095
1398	4	46096
1398	4	46097
1398	4	46098
1398	4	46099
1398	4	46100
1398	4	46101
1398	4	46102
1398	4	46103
1398	5	46104
1398	5	46105
1398	5	46106
1398	5	46107
1398	5	46108
1398	5	46109
1398	5	46110
1398	6	46111
1399	0	46112
1399	1	46113
1399	2	46114
1399	3	46115
1399	4	46116
1399	4	46117
1399	4	46118
1399	4	46119
1399	4	46120
1399	4	46121
1399	4	46122
1399	4	46123
1399	4	46124
1399	4	46125
1399	4	46126
1399	4	46127
1399	4	46128
1399	4	46129
1399	4	46130
1399	4	46131
1399	5	46132
1399	5	46133
1399	5	46134
1399	5	46135
1399	5	46136
1399	6	46137
1400	0	46138
1400	1	46139
1400	4	46140
1400	4	46141
1400	4	46142
1400	4	46143
1400	4	46144
1400	4	46145
1400	4	46146
1400	4	46147
1400	4	46148
1400	4	46149
1400	4	46150
1400	4	46151
1400	4	46152
1400	4	46153
1400	4	46154
1400	4	46155
1400	4	46156
1400	4	46157
1400	4	46158
1400	4	46159
1400	5	46160
1400	5	46161
1400	5	46162
1400	5	46163
1400	5	46164
1400	6	46165
1401	2	46166
1401	2	46167
1401	3	46168
1401	4	46169
1401	4	46170
1401	4	46171
1401	4	46172
1401	4	46173
1401	4	46174
1401	4	46175
1401	4	46176
1401	4	46177
1401	4	46178
1401	4	46179
1401	4	46180
1401	4	46181
1401	4	46182
1401	4	46183
1401	4	46184
1401	5	46185
1401	5	46186
1401	6	46187
1402	0	46188
1402	3	46189
1402	4	46190
1402	4	46191
1402	4	46192
1402	4	46193
1402	4	46194
1402	4	46195
1402	4	46196
1402	4	46197
1402	4	46198
1402	4	46199
1402	4	46200
1402	4	46201
1402	5	46202
1402	5	46203
1402	5	46204
1402	5	46205
1402	5	46206
1402	5	46207
1402	5	46208
1402	6	46209
1403	0	46210
1403	1	46211
1403	3	46212
1403	4	46213
1403	4	46214
1403	4	46215
1403	4	46216
1403	4	46217
1403	4	46218
1403	4	46219
1403	4	46220
1403	4	46221
1403	4	46222
1403	4	46223
1403	4	46224
1403	4	46225
1403	4	46226
1403	4	46227
1403	4	46228
1403	5	46229
1403	5	46230
1403	5	46231
1403	5	46232
1403	5	46233
1404	0	46234
1404	1	46235
1404	2	46236
1404	2	46237
1404	3	46238
1404	4	46239
1404	4	46240
1404	4	46241
1404	4	46242
1404	4	46243
1404	4	46244
1404	4	46245
1404	4	46246
1404	4	46247
1404	4	46248
1404	4	46249
1404	4	46250
1404	4	46251
1404	4	46252
1404	4	46253
1404	4	46254
1404	5	46255
1404	5	46256
1404	5	46257
1404	5	46258
1404	5	46259
1404	6	46260
1405	1	46261
1405	2	46262
1405	4	46263
1405	4	46264
1405	4	46265
1405	4	46266
1405	4	46267
1405	4	46268
1405	4	46269
1405	4	46270
1405	4	46271
1405	6	46272
1406	0	46273
1406	1	46274
1406	2	46275
1406	2	46276
1406	2	46277
1406	4	46278
1406	4	46279
1406	4	46280
1406	4	46281
1406	4	46282
1406	4	46283
1406	4	46284
1406	4	46285
1406	4	46286
1406	4	46287
1406	4	46288
1406	4	46289
1406	4	46290
1406	4	46291
1406	5	46292
1406	5	46293
1406	5	46294
1406	5	46295
1406	5	46296
1406	5	46297
1406	5	46298
1406	5	46299
1406	6	46300
1407	1	46301
1407	1	46302
1407	2	46303
1407	4	46304
1407	4	46305
1407	4	46306
1407	4	46307
1407	4	46308
1407	4	46309
1407	5	46310
1407	5	46311
1407	5	46312
1407	5	46313
1407	5	46314
1407	5	46315
1407	5	46316
1407	6	46317
1408	0	46318
1408	1	46319
1408	2	46320
1408	2	46321
1408	3	46322
1408	4	46323
1408	4	46324
1408	4	46325
1408	4	46326
1408	4	46327
1408	4	46328
1408	4	46329
1408	4	46330
1408	4	46331
1408	4	46332
1408	4	46333
1408	4	46334
1408	4	46335
1408	4	46336
1408	4	46337
1408	4	46338
1408	4	46339
1408	4	46340
1408	4	46341
1408	4	46342
1408	4	46343
1408	5	46344
1408	5	46345
1408	5	46346
1408	5	46347
1408	5	46348
1408	5	46349
1408	5	46350
1408	6	46351
1409	0	46352
1409	1	46353
1409	1	46354
1409	2	46355
1409	3	46356
1409	4	46357
1409	4	46358
1409	4	46359
1409	4	46360
1409	4	46361
1409	4	46362
1409	4	46363
1409	4	46364
1409	4	46365
1409	4	46366
1409	4	46367
1409	4	46368
1409	4	46369
1409	4	46370
1409	4	46371
1409	4	46372
1409	4	46373
1409	4	46374
1409	4	46375
1409	4	46376
1409	4	46377
1409	4	46378
1409	4	46379
1409	4	46380
1409	4	46381
1409	4	46382
1409	4	46383
1409	4	46384
1409	5	46385
1409	6	46386
1410	0	46387
1410	2	46388
1410	2	46389
1410	4	46390
1410	4	46391
1410	4	46392
1410	4	46393
1410	4	46394
1410	4	46395
1410	4	46396
1410	4	46397
1410	4	46398
1410	4	46399
1410	5	46400
1410	6	46401
1411	0	46402
1411	4	46403
1411	4	46404
1411	4	46405
1411	4	46406
1411	4	46407
1411	4	46408
1411	4	46409
1411	4	46410
1411	4	46411
1411	6	46412
1412	2	46413
1412	2	46414
1412	4	46415
1412	4	46416
1412	4	46417
1412	4	46418
1412	4	46419
1412	4	46420
1412	4	46421
1412	4	46422
1412	4	46423
1412	4	46424
1412	4	46425
1412	4	46426
1412	4	46427
1412	4	46428
1412	4	46429
1412	4	46430
1412	4	46431
1412	4	46432
1412	4	46433
1412	4	46434
1412	4	46435
1412	5	46436
1412	5	46437
1412	6	46438
1413	1	46439
1413	3	46440
1413	4	46441
1413	4	46442
1413	4	46443
1413	4	46444
1413	4	46445
1413	4	46446
1413	4	46447
1413	4	46448
1413	4	46449
1413	4	46450
1413	4	46451
1413	4	46452
1413	4	46453
1413	5	46454
1413	5	46455
1413	6	46456
1414	4	46457
1414	4	46458
1414	4	46459
1414	4	46460
1414	4	46461
1414	4	46462
1414	4	46463
1414	4	46464
1414	4	46465
1414	4	46466
1414	4	46467
1414	4	46468
1415	0	46469
1415	0	46470
1415	0	46471
1415	1	46472
1415	2	46473
1415	3	46474
1415	4	46475
1415	4	46476
1415	4	46477
1415	4	46478
1415	4	46479
1415	4	46480
1415	4	46481
1415	4	46482
1415	4	46483
1415	4	46484
1415	4	46485
1415	4	46486
1415	5	46487
1415	5	46488
1415	5	46489
1415	5	46490
1415	5	46491
1415	6	46492
1416	0	46493
1416	1	46494
1416	1	46495
1416	1	46496
1416	2	46497
1416	2	46498
1416	3	46499
1416	4	46500
1416	4	46501
1416	4	46502
1416	4	46503
1416	4	46504
1416	4	46505
1416	4	46506
1416	4	46507
1416	4	46508
1416	4	46509
1416	4	46510
1416	4	46511
1416	4	46512
1416	4	46513
1416	4	46514
1416	4	46515
1416	4	46516
1416	5	46517
1416	5	46518
1416	5	46519
1416	6	46520
1417	0	46521
1417	1	46522
1417	2	46523
1417	3	46524
1417	4	46525
1417	4	46526
1417	4	46527
1417	4	46528
1417	4	46529
1417	4	46530
1417	4	46531
1417	4	46532
1417	4	46533
1417	5	46534
1417	5	46535
1417	5	46536
1417	5	46537
1417	5	46538
1417	5	46539
1417	5	46540
1417	6	46541
1418	1	46542
1418	2	46543
1418	4	46544
1418	4	46545
1418	4	46546
1418	4	46547
1418	4	46548
1418	4	46549
1418	4	46550
1418	4	46551
1418	4	46552
1418	4	46553
1418	5	46554
1418	5	46555
1418	5	46556
1418	5	46557
1418	6	46558
1419	4	46559
1419	4	46560
1419	4	46561
1419	4	46562
1419	4	46563
1419	4	46564
1419	4	46565
1419	4	46566
1419	4	46567
1419	4	46568
1419	4	46569
1419	4	46570
1419	4	46571
1419	4	46572
1419	4	46573
1419	4	46574
1419	4	46575
1419	4	46576
1419	4	46577
1419	4	46578
1419	4	46579
1420	0	46580
1420	1	46581
1420	1	46582
1420	1	46583
1420	2	46584
1420	4	46585
1420	4	46586
1420	4	46587
1420	4	46588
1420	4	46589
1420	4	46590
1420	4	46591
1420	4	46592
1420	4	46593
1420	4	46594
1420	4	46595
1420	4	46596
1420	5	46597
1420	5	46598
1420	5	46599
1420	5	46600
1420	6	46601
1421	0	46602
1421	1	46603
1421	2	46604
1421	3	46605
1421	4	46606
1421	4	46607
1421	4	46608
1421	4	46609
1421	4	46610
1421	4	46611
1421	4	46612
1421	4	46613
1421	5	46614
1421	5	46615
1421	5	46616
1421	5	46617
1421	5	46618
1421	6	46619
1422	0	46620
1422	1	46621
1422	2	46622
1422	3	46623
1422	4	46624
1422	4	46625
1422	4	46626
1422	4	46627
1422	4	46628
1422	4	46629
1422	4	46630
1422	4	46631
1422	4	46632
1422	4	46633
1422	4	46634
1422	4	46635
1422	5	46636
1422	6	46637
1423	0	46638
1423	1	46639
1423	2	46640
1423	3	46641
1423	4	46642
1423	4	46643
1423	4	46644
1423	4	46645
1423	4	46646
1423	4	46647
1423	4	46648
1423	4	46649
1423	4	46650
1423	4	46651
1423	4	46652
1423	4	46653
1423	4	46654
1423	4	46655
1423	4	46656
1423	4	46657
1423	4	46658
1423	4	46659
1423	4	46660
1423	4	46661
1423	5	46662
1423	5	46663
1423	5	46664
1423	5	46665
1423	5	46666
1423	5	46667
1423	6	46668
1424	0	46669
1424	0	46670
1424	0	46671
1424	1	46672
1424	2	46673
1424	2	46674
1424	2	46675
1424	3	46676
1424	4	46677
1424	4	46678
1424	4	46679
1424	4	46680
1424	4	46681
1424	4	46682
1424	4	46683
1424	4	46684
1424	4	46685
1424	4	46686
1424	4	46687
1424	4	46688
1424	4	46689
1424	5	46690
1424	5	46691
1424	5	46692
1424	5	46693
1424	5	46694
1424	6	46695
1425	2	46696
1425	4	46697
1425	4	46698
1425	4	46699
1425	4	46700
1425	4	46701
1425	4	46702
1425	4	46703
1425	4	46704
1425	4	46705
1425	4	46706
1425	4	46707
1425	4	46708
1425	4	46709
1425	4	46710
1425	5	46711
1425	5	46712
1425	5	46713
1425	5	46714
1426	0	46715
1426	1	46716
1426	2	46717
1426	4	46718
1426	4	46719
1426	4	46720
1426	4	46721
1426	4	46722
1426	4	46723
1426	4	46724
1426	4	46725
1426	4	46726
1426	4	46727
1426	4	46728
1426	4	46729
1426	4	46730
1426	5	46731
1426	5	46732
1426	5	46733
1426	5	46734
1426	5	46735
1426	5	46736
1426	5	46737
1426	6	46738
1427	0	46739
1427	2	46740
1427	2	46741
1427	2	46742
1427	3	46743
1427	4	46744
1427	4	46745
1427	4	46746
1427	4	46747
1427	4	46748
1427	4	46749
1427	4	46750
1427	4	46751
1427	5	46752
1427	5	46753
1427	5	46754
1427	6	46755
1428	0	46756
1428	0	46757
1428	2	46758
1428	2	46759
1428	2	46760
1428	3	46761
1428	4	46762
1428	4	46763
1428	4	46764
1428	4	46765
1428	4	46766
1428	4	46767
1428	4	46768
1428	4	46769
1428	6	46770
1429	0	46771
1429	0	46772
1429	1	46773
1429	2	46774
1429	3	46775
1429	4	46776
1429	4	46777
1429	4	46778
1429	4	46779
1429	4	46780
1429	4	46781
1429	4	46782
1429	4	46783
1429	4	46784
1429	5	46785
1429	5	46786
1429	5	46787
1429	5	46788
1429	5	46789
1429	6	46790
1430	1	46791
1430	2	46792
1430	4	46793
1430	4	46794
1430	4	46795
1430	4	46796
1430	4	46797
1430	4	46798
1430	4	46799
1430	4	46800
1430	4	46801
1430	5	46802
1430	5	46803
1430	5	46804
1430	5	46805
1430	5	46806
1430	5	46807
1430	5	46808
1430	5	46809
1430	6	46810
1431	1	46811
1431	2	46812
1431	4	46813
1431	4	46814
1431	4	46815
1431	4	46816
1431	4	46817
1431	4	46818
1431	4	46819
1431	4	46820
1431	4	46821
1431	4	46822
1431	4	46823
1431	5	46824
1431	5	46825
1431	5	46826
1431	5	46827
1431	5	46828
1431	6	46829
1432	2	46830
1432	3	46831
1432	4	46832
1432	4	46833
1432	4	46834
1432	4	46835
1432	4	46836
1432	4	46837
1432	4	46838
1432	4	46839
1432	5	46840
1432	5	46841
1432	5	46842
1432	5	46843
1432	6	46844
1433	0	46845
1433	1	46846
1433	1	46847
1433	2	46848
1433	3	46849
1433	4	46850
1433	4	46851
1433	4	46852
1433	4	46853
1433	4	46854
1433	4	46855
1433	4	46856
1433	4	46857
1433	4	46858
1433	4	46859
1433	4	46860
1433	4	46861
1433	4	46862
1433	4	46863
1433	4	46864
1433	4	46865
1433	4	46866
1433	4	46867
1433	5	46868
1433	5	46869
1433	5	46870
1433	5	46871
1433	5	46872
1433	5	46873
1433	5	46874
1433	6	46875
1434	1	46876
1434	2	46877
1434	4	46878
1434	4	46879
1434	4	46880
1434	4	46881
1434	4	46882
1434	4	46883
1434	4	46884
1434	5	46885
1434	5	46886
1434	6	46887
1435	0	46888
1435	0	46889
1435	1	46890
1435	3	46891
1435	4	46892
1435	4	46893
1435	4	46894
1435	4	46895
1435	4	46896
1435	4	46897
1435	4	46898
1435	4	46899
1435	4	46900
1435	4	46901
1435	4	46902
1435	4	46903
1435	4	46904
1435	5	46905
1435	5	46906
1435	5	46907
1435	5	46908
1435	5	46909
1435	5	46910
1435	5	46911
1436	0	46912
1436	1	46913
1436	1	46914
1436	2	46915
1436	3	46916
1436	4	46917
1436	4	46918
1436	4	46919
1436	4	46920
1436	4	46921
1436	4	46922
1436	4	46923
1436	4	46924
1436	4	46925
1436	4	46926
1436	4	46927
1436	4	46928
1436	4	46929
1436	4	46930
1436	4	46931
1436	4	46932
1436	4	46933
1436	4	46934
1436	4	46935
1436	4	46936
1436	4	46937
1436	4	46938
1436	4	46939
1436	5	46940
1436	5	46941
1436	5	46942
1436	6	46943
1437	4	46944
1437	4	46945
1437	4	46946
1437	4	46947
1437	4	46948
1437	4	46949
1437	5	46950
1437	5	46951
1437	6	46952
1438	0	46953
1438	1	46954
1438	2	46955
1438	3	46956
1438	4	46957
1438	4	46958
1438	4	46959
1438	4	46960
1438	4	46961
1438	4	46962
1438	4	46963
1438	4	46964
1438	4	46965
1438	4	46966
1438	4	46967
1438	5	46968
1438	6	46969
1439	0	46970
1439	0	46971
1439	1	46972
1439	2	46973
1439	3	46974
1439	4	46975
1439	4	46976
1439	4	46977
1439	4	46978
1439	4	46979
1439	4	46980
1439	4	46981
1439	4	46982
1439	4	46983
1439	4	46984
1439	4	46985
1439	5	46986
1439	5	46987
1439	5	46988
1439	6	46989
1440	0	46990
1440	0	46991
1440	0	46992
1440	1	46993
1440	2	46994
1440	3	46995
1440	4	46996
1440	4	46997
1440	4	46998
1440	4	46999
1440	4	47000
1440	4	47001
1440	4	47002
1440	4	47003
1440	4	47004
1440	4	47005
1440	4	47006
1440	4	47007
1440	4	47008
1440	4	47009
1440	5	47010
1440	5	47011
1440	5	47012
1440	5	47013
1440	5	47014
1440	5	47015
1440	6	47016
1441	0	47017
1441	1	47018
1441	4	47019
1441	4	47020
1441	4	47021
1441	4	47022
1441	4	47023
1441	4	47024
1441	5	47025
1441	5	47026
1441	5	47027
1441	6	47028
1442	0	47029
1442	0	47030
1442	1	47031
1442	2	47032
1442	4	47033
1442	4	47034
1442	4	47035
1442	4	47036
1442	4	47037
1442	4	47038
1442	4	47039
1442	4	47040
1442	4	47041
1442	4	47042
1442	4	47043
1442	4	47044
1442	5	47045
1442	5	47046
1442	5	47047
1442	6	47048
1443	0	47049
1443	1	47050
1443	1	47051
1443	2	47052
1443	3	47053
1443	4	47054
1443	4	47055
1443	4	47056
1443	4	47057
1443	4	47058
1443	4	47059
1443	4	47060
1443	4	47061
1443	4	47062
1443	4	47063
1443	4	47064
1443	4	47065
1443	4	47066
1443	4	47067
1443	4	47068
1443	4	47069
1443	4	47070
1443	4	47071
1443	4	47072
1443	4	47073
1443	4	47074
1443	4	47075
1443	4	47076
1443	4	47077
1443	4	47078
1443	4	47079
1443	5	47080
1443	5	47081
1443	5	47082
1443	5	47083
1443	6	47084
1444	0	47085
1444	1	47086
1444	2	47087
1444	4	47088
1444	4	47089
1444	4	47090
1444	4	47091
1444	4	47092
1444	4	47093
1444	4	47094
1444	4	47095
1444	4	47096
1444	5	47097
1444	6	47098
1445	3	47099
1445	4	47100
1445	4	47101
1445	4	47102
1445	4	47103
1445	4	47104
1445	4	47105
1445	4	47106
1445	4	47107
1445	4	47108
1445	4	47109
1445	4	47110
1445	4	47111
1445	4	47112
1445	6	47113
